Naam gemeente (#6);Inwonersaantal;GAS-reglement - milieugerelateerde overlast;Klasse 1-inrichtingen ;Klasse 2-inrichtingen;Klasse 3-inrichtingen;Geschat aantal niet-vergunde inrichtingen ;ZONDER dwangsom;tijdig uitgevoerd;MET dwangsom;tijdig uitgevoerd;Veiligheidsmaatregelen - burgemeester;tijdig uitgevoerd;Kon uw gemeente tussen 1 januari 2022 en 31 december 2022 beroep doen op (een) gemeentelijke toezichthouder(s) milieuhandhaving en/of geluid die deel uitmaken van de eigen gemeente, zoals vermeld in artikel 16,3,1,§1, 3° van het DABM? (#31);Toezichthouders gemeenten;VTE toezichthouders;VTE administratieve/juridische ondersteuning ;Totaal aantal klachten (schriftelijk en mondeling);milieubeheer;lucht;water;bodem;geluid;vergunningen;mest;afval;andere;Totaal aantal milieuhandhavingscontroles;navolgende milieuhandhavingscontroles naar aanleiding van schendingen vastgesteld in voorgaande jaren;aanvankelijke milieuhandhavingscontroles naar aanleiding van klachten;navolgende milieuhandhavingscontroles voor verdere opvolging van de controles naar aanleiding van klachten;aanvankelijke milieuhandhavingscontroles  op eigen initiatief, bijvoorbeeld in het kader van een geplande handhavingsmpagne;navolgende milieuhandhavingscontroles voor verdere opvolging van de controles op eigen initiatief;Aanvankelijke milieuhandhavingscontroles met schending ; milieubeheer;lucht;water;bodem; geluid; vergunningen;mest;afval;andere;Raadgeving;Aanmaning;Verslag van vaststelling;Proces-verbaal ; ZONDER dwangsom; tijdig uitgevoerd ;MET dwangsom; tijdig uitgevoerd;Veiligheidsmaatregelen;tijdig uitgevoerd ;Werden er tussen 1 januari 2022 en 31 december 2022 handhavingsactiviteiten uitgevoerd in het kader van de VCRO door verbalisanten RO en/of gemeentelijke stedenbouwkundige inspecteurs van de eigen gemeenten en/of de burgemeester? (#388);Verbalisant/stedenbouwkundig inspecteur (gecombineerd);Verbalisanten;Stedenbouwkundige inspecteurs;VTE verbalisant/stedenbouwkundig inspecteur;VTE verbalisant;VTE  stedenbouwkundig inspecteur ;VTE administratieve/juridische ondersteuning;Totaal aantal klachten (schriftelijk en mondeling);Totaal aantal stedenbouwkundige controles;navolgende stedenbouwkundige controles naar aanleiding van schendingen vastgesteld in voorgaande jaren;aanvankelijke stedenbouwkundige controles naar aanleiding van klachten;navolgende stedenbouwkundige controles voor verdere opvolging van de controles naar aanleiding van klachten;aanvankelijke stedenbouwkundige controles  op eigen initiatief;navolgende stedenbouwkundige controles voor verdere opvolging van de controles op eigen initiatief;Aanvankelijke stedenbouwkundige controles met schending ;Raadgeving;Aanmaning;Verslag van vaststelling;Proces-verbaal;Bevel tot staking;Bestuurlijke maatregel ZONDER dwangsom;tijdig uitgevoerd;Bestuurlijke maatregel MET dwangsom;tijdig uitgevoerd;Afgesloten minnelijke schikking;Ingeleide herstelvordering bij Openbaar Ministerie;Herstel gevorderd bij burgerlijke rechter;Ambtshalve uitvoering gerechtelijke herstelmaartegel;Opmerking gemeente;Doet de gemeente (ook) beroep op een formeel intergemeentelijk samenwerkingsverband voor de uitvoering van omgevingshandhavingstaken? (#115);Naam intergemeentelijk samenwerkingsverband? (#116);Had uw intergemeentelijk samenwerkingsverband tussen 1 januari 2022 en 31 december 2022 intergemeentelijke toezichthouders milieuhandhaving en/of geluid werkzaam zoals vermeld in artikel 16,3,1, §1, 4°, van het DABM die handhavingstaken uitvoerden voor de desbetreffende gemeente? (#120);Toezichthouders;VTE toezichthouders;VTE administratieve/juridische ondersteuning ;Totaal aantal klachten (schriftelijk en mondeling); milieubeheer;lucht;water;bodem;geluid;vergunningen;mest;afval;andere;Totaal aantal milieuhandhavingscontroles ;navolgende milieuhandhavingscontroles naar aanleiding van schendingen vastgesteld in voorgaande jaren;aanvankelijke milieuhandhavingscontroles naar aanleiding van klachten;navolgende milieuhandhavingscontroles voor verdere opvolging van de controles naar aanleiding van klachten;aanvankelijke milieuhandhavingscontroles  op eigen initiatief;navolgende milieuhandhavingscontroles voor verdere opvolging van de controles op eigen initiatief;Aanvankelijke milieuhandhavingscontroles met schending ;milieubeheer;lucht;water;bodem;geluid;vergunningen;mest;afval;overige;Raadgeving;Aanmaning;Verslag van vaststelling;Proces-verbaal;Bestuurlijke maatregelen ZONDER dwangsom ;tijdig uitgevoerd;Bestuurlijke maatregelen MET dwangsom;tijdig uitgevoerd;Veiligheidsmaatregelen;tijdig uitgevoerd;Had uw intergemeentelijk samenwerkingsverband tussen 1 januari 2022 en 31 december 2022 verbalisanten RO en/of stedenbouwkundige inspecteurs werkzaam conform de VCRO die handhavingstaken uitvoerden voor de desbetreffende gemeente? (#166);GECOMBINEERDE functie verbalisant/stedenbouwkundig inspecteur ;VERBALISANT;Stedenbouwkundige inspecteurs;VTE  gecombineerde functie verbalisant/ stedenbouwkundig inspecteur; VTE  verbalisant; VTE  stedenbouwkundig inspecteur;VTE administratieve/juridische ondersteuning;Totaal aantal klachten (schriftelijk en mondeling);Totaal aantal stedenbouwkundige controles ;navolgende stedenbouwkundige controles naar aanleiding van schendingen vastgesteld in voorgaande jaren;aanvankelijke stedenbouwkunidhe controles naar aanleiding van klachten;navolgende stedenbouwkundige controles voor verdere opvolging van de controles naar aanleiding van klachten;aanvankelijke stedenbouwkundige controles  op eigen initiatief;navolgende stedenbouwkundige controles voor verdere opvolging van de controles op eigen initiatief;Aanvankelijke stedenbouwkundige controles met schending ;Raadgeving;Aanmaning ;Verslag van vaststelling;Proces-verbaal;Bevel tot staking;Bestuurlijke maatregelen  ZONDER dwangsom ;tijdig uitgevoerd;Bestuurlijke maatregelen MET dwangsom ;tijdig uitgevoerd;Afgesloten minnelijke schikking;Ingeleide herstelvordering bij Openbaar Ministerie;Herstel gevorderd bij burgerlijke rechter;Ambtshalve uitvoering gerechtelijke herstelmaartegel;Opmerking intergemeentelijk samenwerkingsverband ;Doet de gemeente (ook) beroep op een politiezone voor de uitvoering van omgevingshandhavingstaken? (#229);Naam van de politiezone;Had uwpolitiezone tussen 1 januari 2022 en 31 december 2022 toezichthouders milieuhandhaving en/of geluid werkzaam binnen de PZ zoals vermeld in artikel 16,3,1, §1, 5°, van het DABM die handhavingstaken uitvoerden voor de desbetreffende gemeente? (#234);Toezichthouders;VTE toezichthouders;VTE administratieve/juridische ondersteuning ;Totaal aantal klachten (schriftelijk en mondeling);milieubeheer;lucht;water;bodem;geluid;vergunningen;mest;afval;overige;Totaal aantal milieuhandhavingscontroles ;navolgende milieuhandhavingscontroles naar aanleiding van schendingen vastgesteld in voorgaande jaren;aanvankelijke milieuhandhavingscontroles naar aanleiding van klachten;navolgende milieuhandhavingscontroles voor verdere opvolging van de controles naar aanleiding van klachten;aanvankelijke milieuhandhavingscontroles  op eigen initiatief;navolgende milieuhandhavingscontroles voor verdere opvolging van de controles op eigen initiatief;Aanvankelijke milieuhandhavingscontroles met schending ;milieubeheer;lucht;water;bodem;geluid;vergunningen;mest;afval;overige;Raadgeving;Aanmaning;Verslag van vaststelling;Proces-verbaal;Bestuurlijke maatregelen ZONDER dwangsom ;tijdig uitgevoerd;Bestuurlijke maatregelen MET dwangsom ;tijdig uitgevoerd;Veiligheidsmaatregelen;* in hoeveel gevallen was het niet mogelijk om de veiligheidsmaatregel binnen de opgelegde termijn te doen uitvoeren? (#279);Werden er tussen 1 januari 2022 en 31 december 2022 door uw PZ handhavingsactiviteiten verricht in het kader van de VCRO in de desbetreffende gemeente? (#281);VTE;Aantal klachten (schriftelijke en mondeling) ;Totaal aantal stedenbouwkundige controles ;navolgende stedenbouwkundige controles naar aanleiding van schendingen vastgesteld in voorgaande jaren;aanvankelijke stedenbouwkunidhe controles naar aanleiding van klachten;navolgende stedenbouwkundige controles voor verdere opvolging van de controles naar aanleiding van klachten;aanvankelijke stedenbouwkundige controles  op eigen initiatief;navolgende stedenbouwkundige controles voor verdere opvolging van de controles op eigen initiatief;Aanvankelijke stedenbouwkundige controles met schending;Gewezen op wettelijke verplichtingen;Verslag van vaststelling;Proces-verbaal;Bevel tot staking;Opmerking politiezone;Doet de gemeente (ook) beroep op (een) andere gemeente(n) voor de uitvoering van omgevingshandhavingstaken? (#299);Naam andere gemeente(n)? (#300);Had de andere gemeente tussen 1 januari 2022 en 31 december 2022 die handhavingstaken uitvoerden voor de desbetreffende gemeente? (#304);Toezichthouders het DABM die handhavingstaken uitvoerden voor de desbetreffende gemeente? (#305);VTE toezichthouders;VTE administratieve/juridische ondersteuning ;Totaal aantal klachten (schriftelijk en mondeling); milieubeheer;lucht;water;bodem;geluid;vergunningen;mest;afval;andere;Totaal aantal milieuhandhavingscontroles ;navolgende milieuhandhavingscontroles naar aanleiding van schendingen vastgesteld in voorgaande jaren;aanvankelijke milieuhandhavingscontroles naar aanleiding van klachten;navolgende milieuhandhavingscontroles voor verdere opvolging van de controles naar aanleiding van klachten;aanvankelijke milieuhandhavingscontroles  op eigen initiatief;navolgende milieuhandhavingscontroles voor verdere opvolging van de controles op eigen initiatief;Aanvankelijke milieuhandhavingscontroles met schending ;milieubeheer;lucht;water;bodem;geluid;vergunningen;mest;afval;overige;Raadgeving;Aanmaning;Verslag van vaststelling;Proces-verbaal;Bestuurlijke maatregelen ZONDER dwangsom ;tijdig uitgevoerd;Bestuurlijke maatregelen MET dwangsom;tijdig uitgevoerd;Veiligheidsmaatregelen;tijdig uitgevoerd;Had de andere gemeente tussen 1 januari 2022 en 31 december 2022 verbalisanten RO en/of stedenbouwkundige inspecteurs werkzaam conform de VCRO die handhavingstaken uitvoerden voor de desbetreffende gemeente? (#351);GECOMBINEERDE functie verbalisant/stedenbouwkundig inspecteur ;VERBALISANT ;Stedenbouwkundige inspecteurs;VTE  gecombineerde functie verbalisant/ stedenbouwkundig inspecteur; VTE  verbalisant; VTE  stedenbouwkundig inspecteur;VTE administratieve/juridische ondersteuning;Totaal aantal klachten (schriftelijk en mondeling);Totaal aantal stedenbouwkundige controles ;navolgende stedenbouwkundige controles naar aanleiding van schendingen vastgesteld in voorgaande jaren;aanvankelijke stedenbouwkunidhe controles naar aanleiding van klachten;navolgende stedenbouwkundige controles voor verdere opvolging van de controles naar aanleiding van klachten;aanvankelijke stedenbouwkundige controles  op eigen initiatief;navolgende stedenbouwkundige controles voor verdere opvolging van de controles op eigen initiatief;Aanvankelijke stedenbouwkundige controles met schending ;Raadgeving;Aanmaning ;Verslag van vaststelling;Proces-verbaal;Bevel tot staking;Bestuurlijke maatregelen  ZONDER dwangsom ;tijdig uitgevoerd;Bestuurlijke maatregelen MET dwangsom ;tijdig uitgevoerd;Afgesloten minnelijke schikking;Ingeleide herstelvordering bij Openbaar Ministerie;Herstel gevorderd bij burgerlijke rechter;Ambtshalve uitvoering gerechtelijke herstelmaartegel;Opmerking andere gemeente;;;;;;;;;
Aalst;90175;Ja;niet gekend;niet gekend;niet gekend;niet gekend;0;;0;;0;;Ja;3;0,4;0;80;1;11;14;2;27;9;1;5;13;18;niet gekend;18;1;0;0;8;0;1;1;0;1;2;1;2;0;4;2;0;1;0;;0;;0;;Ja;1;0;0;1;0,7;0,3;1;255;207;niet gekend;207;0;0;0;173;11;97;0;5;1;0;;0;;0;0;0;0;;Neen;;;;;;;;;;;;;;;;;;;;;;;;;;;;;;;;;;;;;;;;;;;;;;;;;;;;;;;;;;;;;;;;;;;;;;;;Ja;niet gekend;Ja;niet gekend;niet gekend;niet gekend;niet gekend;niet gekend;niet gekend;niet gekend;niet gekend;niet gekend;niet gekend;niet gekend;niet gekend;niet gekend;niet gekend;niet gekend;niet gekend;niet gekend;niet gekend;niet gekend;niet gekend;niet gekend;niet gekend;niet gekend;niet gekend;niet gekend;niet gekend;niet gekend;niet gekend;niet gekend;niet gekend;niet gekend;niet gekend;niet gekend;niet gekend;niet gekend;niet gekend;niet gekend;niet gekend;niet gekend;Ja;niet gekend;niet gekend;niet gekend;niet gekend;niet gekend;niet gekend;niet gekend;niet gekend;niet gekend;niet gekend;niet gekend;niet gekend;niet gekend;;Neen;;;;;;;;;;;;;;;;;;;;;;;;;;;;;;;;;;;;;;;;;;;;;;;;;;;;;;;;;;;;;;;;;;;;;;;;;;;;;;;;
Aalter;29534;Ja;186;538;1139;niet gekend;1;100%;0;;0;;Ja;3;0,05;0;30;0;12;0;0;5;6;2;2;3;10;5;0;0;5;5;10;1;0;0;2;1;5;1;0;0;0;0;0;0;0;;0;;0;;Neen;;;;;;;;;;;;;;;;;;;;;;;;;;;;;;Ja;VENECO;Neen;;;;;;;;;;;;;;;;;;;;;;;;;;;;;;;;;;;;;;;;Ja;2;0;0;0,05;0;0,05;0,005;0;0;0;0;0;0;4;0;0;0;0;0;0;0;;0;;0;1;0;0;"Het aantal VTE ondersteuning en de verdeling tussen de rol als verbalisant en inspecteur zijn ruwe schattingen achteraf, De overige cijfers werden systematisch bijgehouden gedurende het jaar, Ze vormen een ondergrens: het is mogelijk dat het bijhouden een of enkele keren mislukt is,
";Ja;PZ Aalter;Ja;0;0;0,5;68;16;15;1;0;19;5;0;7;5;116;49;67;0;0;0;108;16;0;0;4;19;19;2;29;19;0;0;0;91;0;;0;;0;;Ja;0,5;0;0;34;15;0;0;0;15;0;0;0;2;;Neen;;;;;;;;;;;;;;;;;;;;;;;;;;;;;;;;;;;;;;;;;;;;;;;;;;;;;;;;;;;;;;;;;;;;;;;;;;;;;;;;
Aarschot;30876;non-respons;non-respons;non-respons;non-respons;non-respons;non-respons;non-respons;non-respons;non-respons;non-respons;non-respons;non-respons;non-respons;non-respons;non-respons;non-respons;non-respons;non-respons;non-respons;non-respons;non-respons;non-respons;non-respons;non-respons;non-respons;non-respons;non-respons;non-respons;non-respons;non-respons;non-respons;non-respons;non-respons;non-respons;non-respons;non-respons;non-respons;non-respons;non-respons;non-respons;non-respons;non-respons;non-respons;non-respons;non-respons;non-respons;non-respons;non-respons;non-respons;non-respons;non-respons;non-respons;non-respons;non-respons;non-respons;non-respons;non-respons;non-respons;non-respons;non-respons;non-respons;non-respons;non-respons;non-respons;non-respons;non-respons;non-respons;non-respons;non-respons;non-respons;non-respons;non-respons;non-respons;non-respons;non-respons;non-respons;non-respons;non-respons;non-respons;non-respons;non-respons;non-respons;non-respons;non-respons;non-respons;non-respons;non-respons;non-respons;non-respons;non-respons;non-respons;non-respons;non-respons;non-respons;non-respons;non-respons;non-respons;non-respons;non-respons;non-respons;non-respons;non-respons;non-respons;non-respons;non-respons;non-respons;non-respons;non-respons;non-respons;non-respons;non-respons;non-respons;non-respons;non-respons;non-respons;non-respons;non-respons;non-respons;non-respons;non-respons;non-respons;non-respons;non-respons;non-respons;non-respons;non-respons;non-respons;non-respons;non-respons;non-respons;non-respons;non-respons;non-respons;non-respons;non-respons;non-respons;non-respons;non-respons;non-respons;non-respons;non-respons;non-respons;non-respons;non-respons;non-respons;non-respons;non-respons;non-respons;non-respons;non-respons;non-respons;non-respons;non-respons;non-respons;non-respons;non-respons;non-respons;non-respons;non-respons;non-respons;non-respons;non-respons;non-respons;non-respons;non-respons;non-respons;non-respons;non-respons;non-respons;non-respons;non-respons;non-respons;non-respons;non-respons;non-respons;non-respons;non-respons;non-respons;non-respons;non-respons;non-respons;non-respons;non-respons;non-respons;non-respons;non-respons;non-respons;non-respons;non-respons;non-respons;non-respons;non-respons;non-respons;non-respons;non-respons;non-respons;non-respons;non-respons;non-respons;non-respons;non-respons;non-respons;non-respons;non-respons;non-respons;non-respons;non-respons;non-respons;non-respons;non-respons;non-respons;non-respons;non-respons;non-respons;non-respons;non-respons;non-respons;non-respons;non-respons;non-respons;non-respons;non-respons;non-respons;non-respons;non-respons;non-respons;non-respons;non-respons;non-respons;non-respons;non-respons;non-respons;non-respons;non-respons;non-respons;non-respons;non-respons;non-respons;non-respons;non-respons;non-respons;non-respons;non-respons;non-respons;non-respons;non-respons;non-respons;non-respons;non-respons;non-respons;non-respons;non-respons;non-respons;non-respons;non-respons;non-respons;non-respons;non-respons;non-respons;non-respons;non-respons;non-respons;non-respons;non-respons;non-respons;non-respons;non-respons;non-respons;non-respons;non-respons;non-respons;non-respons;non-respons;non-respons;non-respons;non-respons;non-respons;non-respons;non-respons;non-respons;non-respons;non-respons;;;;;;;;;
Aartselaar;14773;Ja;55;1467;1140;niet gekend;0;;niet gekend;niet gekend;niet gekend;niet gekend;Neen;;;;;;;;;;;;;;;;;;;;;;;;;;;;;;;;;;;;;;;;Neen;;;;;;;;;;;;;;;;;;;;;;;;;;;;;Er werd eerstelijnshandhaving uitgevoerd door de ambtenaren RO, Voor tweedelijnshandhaving doen wij beroep op IGEAN,;Ja;IGEAN;Ja;4;niet gekend;niet gekend;22;0;0;18;0;0;3;0;1;0;9;4;4;1;0;0;3;0;0;2;0;0;1;0;0;0;0;20;0;3;0;;0;;0;;Ja;0;2;1;0;niet gekend;niet gekend;niet gekend;5;niet gekend;niet gekend;niet gekend;niet gekend;0;0;0;0;0;0;2;2;0;;0;;0;0;0;0;;Ja;PZ HEKLA;Neen;;;;;;;;;;;;;;;;;;;;;;;;;;;;;;;;;;;;;;;;niet gekend;niet gekend;niet gekend;niet gekend;niet gekend;niet gekend;niet gekend;niet gekend;niet gekend;niet gekend;niet gekend;niet gekend;niet gekend;niet gekend;;Neen;;;;;;;;;;;;;;;;;;;;;;;;;;;;;;;;;;;;;;;;;;;;;;;;;;;;;;;;;;;;;;;;;;;;;;;;;;;;;;;;
Affligem;13562;Ja;5;63;257;niet gekend;0;;0;;0;;Neen;;;;;;;;;;;;;;;;;;;;;;;;;;;;;;;;;;;;;;;;Ja;3;1;0;niet gekend;0,1;0,1;0,05;25;22;5;20;10;2;2;0;10;5;1;1;1;1;100%;0;;6;0;0;0;;Ja;Haviland;Ja;1;0,15;0,25;0;0;0;0;0;0;0;0;0;0;10;1;3;3;0;0;3;1;0;0;1;0;1;1;2;0;4;4;4;4;0;;0;;0;;Ja;3;3;3;0,1;0,1;0,1;0,1;0;22;6;22;4;0;0;10;20;8;0;1;1;1;100%;0;;2;0;0;0;;Ja;PZ TARL;Neen;;;;;;;;;;;;;;;;;;;;;;;;;;;;;;;;;;;;;;;;Neen;;;;;;;;;;;;;;;Ja;TERNAT;Ja;1;0,15;0,05;25;0;7;1;0;5;0;1;11;0;10;1;3;3;0;0;0;0;0;0;0;0;0;1;6;0;4;4;4;4;niet gekend;niet gekend;0;;0;;Neen;;;;;;;;;;;;;;;;;;;;;;;;;;;;;;;;;;;;;;
Alken;11848;Ja;niet gekend;niet gekend;niet gekend;niet gekend;0;;0;;0;;Ja;1;0,05;0;0;0;1;0;0;0;0;0;0;0;0;0;0;0;0;0;0;0;0;0;0;0;0;0;0;0;0;0;0;0;0;;0;;0;;Ja;0;1;0;0;1;0;0;20;50;5;50;25;10;25;5;10;5;0;1;0;0;;0;;10;0;0;0;;Neen;;;;;;;;;;;;;;;;;;;;;;;;;;;;;;;;;;;;;;;;;;;;;;;;;;;;;;;;;;;;;;;;;;;;;;;;Neen;;;;;;;;;;;;;;;;;;;;;;;;;;;;;;;;;;;;;;;;;;;;;;;;;;;;;;;;;Neen;;;;;;;;;;;;;;;;;;;;;;;;;;;;;;;;;;;;;;;;;;;;;;;;;;;;;;;;;;;;;;;;;;;;;;;;;;;;;;;;
Alveringem;5084;non-respons;non-respons;non-respons;non-respons;non-respons;non-respons;non-respons;non-respons;non-respons;non-respons;non-respons;non-respons;non-respons;non-respons;non-respons;non-respons;non-respons;non-respons;non-respons;non-respons;non-respons;non-respons;non-respons;non-respons;non-respons;non-respons;non-respons;non-respons;non-respons;non-respons;non-respons;non-respons;non-respons;non-respons;non-respons;non-respons;non-respons;non-respons;non-respons;non-respons;non-respons;non-respons;non-respons;non-respons;non-respons;non-respons;non-respons;non-respons;non-respons;non-respons;non-respons;non-respons;non-respons;non-respons;non-respons;non-respons;non-respons;non-respons;non-respons;non-respons;non-respons;non-respons;non-respons;non-respons;non-respons;non-respons;non-respons;non-respons;non-respons;non-respons;non-respons;non-respons;non-respons;non-respons;non-respons;non-respons;non-respons;non-respons;non-respons;non-respons;non-respons;non-respons;non-respons;non-respons;non-respons;non-respons;non-respons;non-respons;non-respons;non-respons;non-respons;non-respons;non-respons;non-respons;non-respons;non-respons;non-respons;non-respons;non-respons;non-respons;non-respons;non-respons;non-respons;non-respons;non-respons;non-respons;non-respons;non-respons;non-respons;non-respons;non-respons;non-respons;non-respons;non-respons;non-respons;non-respons;non-respons;non-respons;non-respons;non-respons;non-respons;non-respons;non-respons;non-respons;non-respons;non-respons;non-respons;non-respons;non-respons;non-respons;non-respons;non-respons;non-respons;non-respons;non-respons;non-respons;non-respons;non-respons;non-respons;non-respons;non-respons;non-respons;non-respons;non-respons;non-respons;non-respons;non-respons;non-respons;non-respons;non-respons;non-respons;non-respons;non-respons;non-respons;non-respons;non-respons;non-respons;non-respons;non-respons;non-respons;non-respons;non-respons;non-respons;non-respons;non-respons;non-respons;non-respons;non-respons;non-respons;non-respons;non-respons;non-respons;non-respons;non-respons;non-respons;non-respons;non-respons;non-respons;non-respons;non-respons;non-respons;non-respons;non-respons;non-respons;non-respons;non-respons;non-respons;non-respons;non-respons;non-respons;non-respons;non-respons;non-respons;non-respons;non-respons;non-respons;non-respons;non-respons;non-respons;non-respons;non-respons;non-respons;non-respons;non-respons;non-respons;non-respons;non-respons;non-respons;non-respons;non-respons;non-respons;non-respons;non-respons;non-respons;non-respons;non-respons;non-respons;non-respons;non-respons;non-respons;non-respons;non-respons;non-respons;non-respons;non-respons;non-respons;non-respons;non-respons;non-respons;non-respons;non-respons;non-respons;non-respons;non-respons;non-respons;non-respons;non-respons;non-respons;non-respons;non-respons;non-respons;non-respons;non-respons;non-respons;non-respons;non-respons;non-respons;non-respons;non-respons;non-respons;non-respons;non-respons;non-respons;non-respons;non-respons;non-respons;non-respons;non-respons;non-respons;non-respons;non-respons;non-respons;non-respons;non-respons;non-respons;non-respons;non-respons;non-respons;non-respons;non-respons;non-respons;non-respons;non-respons;non-respons;non-respons;non-respons;non-respons;non-respons;non-respons;non-respons;non-respons;non-respons;;;;;;;;;
Antwerpen;541497;Ja;niet gekend;niet gekend;niet gekend;niet gekend;0;;0;;0;;Ja;6;4,8;0,2;141;niet gekend;niet gekend;niet gekend;niet gekend;niet gekend;niet gekend;niet gekend;niet gekend;niet gekend;342;niet gekend;niet gekend;niet gekend;114;niet gekend;342;niet gekend;47;49;15;46;5;2;niet gekend;180;niet gekend;niet gekend;niet gekend;72;32;91%;2;0%;6;83%;Ja;0;9;0;0;7,9;0;9,5;885;1607;niet gekend;417;niet gekend;92;niet gekend;552;17;93;0;552;134;0;;3;niet gekend;0;3;0;niet gekend;"Het handhavingsprogramma van de stad Antwerpen werd goedgekeurd door de gemeenteraad op 20 september 2021, De werking van het toezicht en de handhaving binnen de stad Antwerpen wordt op basis hiervan herzien met het oog op het vaker inzetten van de voorziene instrumenten,
Stad Antwerpen werd in december 2022 getroffen door een cyberaanval, Daardoor is sommige dienstverlening verstoord of aangepast en wijken de cijfers voor december af van die van vorige jaren,";niet gekend;niet gekend;niet gekend;niet gekend;niet gekend;niet gekend;niet gekend;niet gekend;niet gekend;niet gekend;niet gekend;niet gekend;niet gekend;niet gekend;niet gekend;niet gekend;niet gekend;niet gekend;niet gekend;niet gekend;niet gekend;niet gekend;niet gekend;niet gekend;niet gekend;niet gekend;niet gekend;niet gekend;niet gekend;niet gekend;niet gekend;niet gekend;niet gekend;niet gekend;niet gekend;niet gekend;niet gekend;niet gekend;niet gekend;niet gekend;niet gekend;niet gekend;niet gekend;niet gekend;niet gekend;niet gekend;niet gekend;niet gekend;niet gekend;niet gekend;niet gekend;niet gekend;niet gekend;niet gekend;niet gekend;niet gekend;niet gekend;niet gekend;niet gekend;niet gekend;niet gekend;niet gekend;niet gekend;niet gekend;niet gekend;niet gekend;niet gekend;niet gekend;niet gekend;niet gekend;niet gekend;;Ja;PZ Antwerpen;Ja;9;3,7;1;14;3;1;0;0;27;4;0;7;0;9;2;3;3;0;0;3;3;0;0;0;12;0;0;2;0;12;0;0;20;0;;0;;0;;Ja;9;0;11;11;11;0;11;0;0;0;0;0;0;Aanvankelijke vaststellingen zijn voor de bouwtoezichters van de stad, Politie doet de opvolging, verhoren, ,,, Afronden in regularisatie en of herstel wordt terug opgevolgd door stedenbouwkundige vergunningen;niet gekend;niet gekend;niet gekend;niet gekend;niet gekend;niet gekend;niet gekend;niet gekend;niet gekend;niet gekend;niet gekend;niet gekend;niet gekend;niet gekend;niet gekend;niet gekend;niet gekend;niet gekend;niet gekend;niet gekend;niet gekend;niet gekend;niet gekend;niet gekend;niet gekend;niet gekend;niet gekend;niet gekend;niet gekend;niet gekend;niet gekend;niet gekend;niet gekend;niet gekend;niet gekend;niet gekend;niet gekend;niet gekend;niet gekend;niet gekend;niet gekend;niet gekend;niet gekend;niet gekend;niet gekend;niet gekend;niet gekend;niet gekend;niet gekend;niet gekend;niet gekend;niet gekend;niet gekend;niet gekend;niet gekend;niet gekend;niet gekend;niet gekend;niet gekend;niet gekend;niet gekend;niet gekend;niet gekend;niet gekend;niet gekend;niet gekend;niet gekend;niet gekend;niet gekend;niet gekend;niet gekend;;;;;;;;;;
Anzegem;15224;Neen;niet gekend;niet gekend;niet gekend;niet gekend;0;;0;;0;;Ja;1;0,05;0,05;16;0;3;1;0;4;1;0;5;3;11;3;6;2;0;0;2;0;0;1;0;0;1;0;0;0;6;2;0;0;0;;0;;0;;Neen;;;;;;;;;;;;;;;;;;;;;;;;;;;;;;Neen;;;;;;;;;;;;;;;;;;;;;;;;;;;;;;;;;;;;;;;;;;;;;;;;;;;;;;;;;;;;;;;;;;;;;;;;Ja;PZ MIRA;Ja;2;1;0;5;1;0;0;1;1;0;0;2;0;3;1;2;2;0;0;4;1;0;0;0;1;0;0;2;0;0;0;0;5;0;;0;;0;;Ja;1;2;2;2;2;2;0;0;2;2;0;2;1;;Neen;;;;;;;;;;;;;;;;;;;;;;;;;;;;;;;;;;;;;;;;;;;;;;;;;;;;;;;;;;;;;;;;;;;;;;;;;;;;;;;;
Ardooie;9338;Ja;niet gekend;niet gekend;niet gekend;niet gekend;0;;0;;0;;Neen;;;;;;;;;;;;;;;;;;;;;;;;;;;;;;;;;;;;;;;;Neen;;;;;;;;;;;;;;;;;;;;;;;;;;;;;;Neen;;;;;;;;;;;;;;;;;;;;;;;;;;;;;;;;;;;;;;;;;;;;;;;;;;;;;;;;;;;;;;;;;;;;;;;;Ja;PZ Regio Tielt;Ja;0;0;0,1;98;0;3;1;0;88;0;0;6;0;niet gekend;niet gekend;niet gekend;niet gekend;niet gekend;niet gekend;niet gekend;niet gekend;0;0;0;0;0;0;0;0;0;0;0;0;0;;0;;0;;Ja;0,01;9;0;0;9;7;0;0;0;4;0;0;0;;Neen;;;;;;;;;;;;;;;;;;;;;;;;;;;;;;;;;;;;;;;;;;;;;;;;;;;;;;;;;;;;;;;;;;;;;;;;;;;;;;;;
Arendonk;13774;non-respons;non-respons;non-respons;non-respons;non-respons;non-respons;non-respons;non-respons;non-respons;non-respons;non-respons;non-respons;non-respons;non-respons;non-respons;non-respons;non-respons;non-respons;non-respons;non-respons;non-respons;non-respons;non-respons;non-respons;non-respons;non-respons;non-respons;non-respons;non-respons;non-respons;non-respons;non-respons;non-respons;non-respons;non-respons;non-respons;non-respons;non-respons;non-respons;non-respons;non-respons;non-respons;non-respons;non-respons;non-respons;non-respons;non-respons;non-respons;non-respons;non-respons;non-respons;non-respons;non-respons;non-respons;non-respons;non-respons;non-respons;non-respons;non-respons;non-respons;non-respons;non-respons;non-respons;non-respons;non-respons;non-respons;non-respons;non-respons;non-respons;non-respons;non-respons;non-respons;non-respons;non-respons;non-respons;non-respons;non-respons;non-respons;non-respons;non-respons;non-respons;non-respons;non-respons;non-respons;non-respons;non-respons;non-respons;non-respons;non-respons;non-respons;non-respons;non-respons;non-respons;non-respons;non-respons;non-respons;non-respons;non-respons;non-respons;non-respons;non-respons;non-respons;non-respons;non-respons;non-respons;non-respons;non-respons;non-respons;non-respons;non-respons;non-respons;non-respons;non-respons;non-respons;non-respons;non-respons;non-respons;non-respons;non-respons;non-respons;non-respons;non-respons;non-respons;non-respons;non-respons;non-respons;non-respons;non-respons;non-respons;non-respons;non-respons;non-respons;non-respons;non-respons;non-respons;non-respons;non-respons;non-respons;non-respons;non-respons;non-respons;non-respons;non-respons;non-respons;non-respons;non-respons;non-respons;non-respons;non-respons;non-respons;non-respons;non-respons;non-respons;non-respons;non-respons;non-respons;non-respons;non-respons;non-respons;non-respons;non-respons;non-respons;non-respons;non-respons;non-respons;non-respons;non-respons;non-respons;non-respons;non-respons;non-respons;non-respons;non-respons;non-respons;non-respons;non-respons;non-respons;non-respons;non-respons;non-respons;non-respons;non-respons;non-respons;non-respons;non-respons;non-respons;non-respons;non-respons;non-respons;non-respons;non-respons;non-respons;non-respons;non-respons;non-respons;non-respons;non-respons;non-respons;non-respons;non-respons;non-respons;non-respons;non-respons;non-respons;non-respons;non-respons;non-respons;non-respons;non-respons;non-respons;non-respons;non-respons;non-respons;non-respons;non-respons;non-respons;non-respons;non-respons;non-respons;non-respons;non-respons;non-respons;non-respons;non-respons;non-respons;non-respons;non-respons;non-respons;non-respons;non-respons;non-respons;non-respons;non-respons;non-respons;non-respons;non-respons;non-respons;non-respons;non-respons;non-respons;non-respons;non-respons;non-respons;non-respons;non-respons;non-respons;non-respons;non-respons;non-respons;non-respons;non-respons;non-respons;non-respons;non-respons;non-respons;non-respons;non-respons;non-respons;non-respons;non-respons;non-respons;non-respons;non-respons;non-respons;non-respons;non-respons;non-respons;non-respons;non-respons;non-respons;non-respons;non-respons;non-respons;non-respons;non-respons;non-respons;non-respons;non-respons;non-respons;non-respons;non-respons;non-respons;;;;;;;;;
As;8221;Ja;9;33;310;tussen 11 en 50;0;;0;;0;;Neen;;;;;;;;;;;;;;;;;;;;;;;;;;;;;;;;;;;;;;;;Ja;0;0;0;0;0;0;0,1;10;0;0;0;0;0;0;0;0;0;0;0;0;0;;0;;0;0;0;0;Handhaving RO wordt uitgevoerd door ambtenaren van de Intergemeentelijke Samenwerking Handhaving Ruimte Midden-Limburg;Ja;Intergemeentelijke Samenwerking Handhaving Ruimte Midden-Limburg;Neen;;;;;;;;;;;;;;;;;;;;;;;;;;;;;;;;;;;;;;;;Ja;0;1;0;0;0,4;0;0,02;0;220;niet gekend;25;niet gekend;0;0;19;1;24;0;2;1;0;;1;100%;0;1;0;0;er wordt op deze wijze gewerkt in As mbt HH RO sedert 2017;Neen;;;;;;;;;;;;;;;;;;;;;;;;;;;;;;;;;;;;;;;;;;;;;;;;;;;;;;;;;Neen;;;;;;;;;;;;;;;;;;;;;;;;;;;;;;;;;;;;;;;;;;;;;;;;;;;;;;;;;;;;;;;;;;;;;;;;;;;;;;;;
Asse;35190;Ja;100;375;850;tussen 11 en 50;2;0%;2;50%;0;;Ja;2;0,1;0,1;niet gekend;niet gekend;niet gekend;niet gekend;niet gekend;niet gekend;niet gekend;niet gekend;niet gekend;niet gekend;5;2;4;2;0;0;4;0;0;1;1;0;2;1;1;0;1;3;0;0;0;;0;;0;;Ja;0;1;0;0;0,5;0;0;50;30;0;25;25;5;5;20;0;20;0;0;0;0;;0;;0;0;0;0;;Ja;Haviland;Ja;1;0,05;0;0;0;0;0;0;0;0;0;0;0;5;2;4;2;0;0;4;0;0;1;1;0;2;1;1;0;0;0;0;3;1;0%;2;50%;0;;Ja;0;1;0;0;0,1;0;0;0;10;0;0;10;0;0;10;0;4;0;7;4;0;;0;;0;2;0;0;;Ja;PZ AMOW;Ja;1;1;1;235;0;2;7;5;142;0;1;76;0;235;2;228;11;4;5;8;0;0;1;1;0;2;1;3;0;0;4;0;6;6;67%;0;;0;;Ja;1;5;5;2;5;4;3;3;3;6;0;7;0;;Neen;;;;;;;;;;;;;;;;;;;;;;;;;;;;;;;;;;;;;;;;;;;;;;;;;;;;;;;;;;;;;;;;;;;;;;;;;;;;;;;;
Assenede;14644;Ja;68;138;551;niet gekend;0;;0;;0;;Ja;1;0,01;0,01;16;0;0;1;2;3;0;0;2;8;44;0;0;0;0;0;1;0;0;0;0;0;0;0;0;1;0;18;0;1;0;;0;;0;;Neen;;;;;;;;;;;;;;;;;;;;;;;;;;;;;;Ja;VENECO;Ja;1;0,03;0,003;niet gekend;0;0;0;0;0;0;0;0;0;3;3;0;0;0;0;niet gekend;0;0;0;0;0;0;0;0;0;0;0;0;0;0;;0;;0;;Ja;2;0;0;0,11;0,1;0,01;0,01;0;12;3;6;1;2;0;3;8;3;0;2;0;0;;0;;1;0;0;0;Het aantal VTE ondersteuning en de verdeling tussen de rol als verbalisant en inspecteur zijn ruwe schattingen achteraf, De overige cijfers werden systematisch bijgehouden gedurende het jaar, Ze vormen een ondergrens: het is mogelijk dat het bijhouden een of enkele keren mislukt is,;Ja;PZ Assenede-Evergem;Neen;;;;;;;;;;;;;;;;;;;;;;;;;;;;;;;;;;;;;;;;Neen;;;;;;;;;;;;;;;Neen;;;;;;;;;;;;;;;;;;;;;;;;;;;;;;;;;;;;;;;;;;;;;;;;;;;;;;;;;;;;;;;;;;;;;;;;;;;;;;;;
Avelgem;10324;Ja;niet gekend;niet gekend;niet gekend;niet gekend;niet gekend;niet gekend;niet gekend;niet gekend;niet gekend;niet gekend;Ja;1;niet gekend;0;17;0;1;1;0;6;1;0;6;2;6;0;6;2;0;0;niet gekend;niet gekend;niet gekend;niet gekend;niet gekend;niet gekend;niet gekend;niet gekend;niet gekend;niet gekend;niet gekend;niet gekend;niet gekend;niet gekend;niet gekend;niet gekend;niet gekend;niet gekend;niet gekend;niet gekend;Neen;;;;;;;;;;;;;;;;;;;;;;;;;;;;;;Neen;;;;;;;;;;;;;;;;;;;;;;;;;;;;;;;;;;;;;;;;;;;;;;;;;;;;;;;;;;;;;;;;;;;;;;;;Ja;PZ MIRA;niet gekend;niet gekend;niet gekend;niet gekend;niet gekend;niet gekend;niet gekend;niet gekend;niet gekend;niet gekend;niet gekend;niet gekend;niet gekend;niet gekend;niet gekend;niet gekend;niet gekend;niet gekend;niet gekend;niet gekend;niet gekend;niet gekend;niet gekend;niet gekend;niet gekend;niet gekend;niet gekend;niet gekend;niet gekend;niet gekend;niet gekend;niet gekend;niet gekend;niet gekend;niet gekend;niet gekend;niet gekend;niet gekend;niet gekend;niet gekend;Ja;niet gekend;1;3;0;3;0;0;0;2;2;1;1;0;;niet gekend;niet gekend;niet gekend;niet gekend;niet gekend;niet gekend;niet gekend;niet gekend;niet gekend;niet gekend;niet gekend;niet gekend;niet gekend;niet gekend;niet gekend;niet gekend;niet gekend;niet gekend;niet gekend;niet gekend;niet gekend;niet gekend;niet gekend;niet gekend;niet gekend;niet gekend;niet gekend;niet gekend;niet gekend;niet gekend;niet gekend;niet gekend;niet gekend;niet gekend;niet gekend;niet gekend;niet gekend;niet gekend;niet gekend;niet gekend;niet gekend;niet gekend;niet gekend;niet gekend;niet gekend;niet gekend;niet gekend;niet gekend;niet gekend;niet gekend;niet gekend;niet gekend;niet gekend;niet gekend;niet gekend;niet gekend;niet gekend;niet gekend;niet gekend;niet gekend;niet gekend;niet gekend;niet gekend;niet gekend;niet gekend;niet gekend;niet gekend;niet gekend;niet gekend;niet gekend;niet gekend;;;;;;;;;;
Baarle-Hertog;3011;Neen;11;50;55;niet gekend;0;;0;;0;;Neen;;;;;;;;;;;;;;;;;;;;;;;;;;;;;;;;;;;;;;;;Neen;;;;;;;;;;;;;;;;;;;;;;;;;;;;;;Ja;IOK;Neen;;;;;;;;;;;;;;;;;;;;;;;;;;;;;;;;;;;;;;;;Ja;0;3;2;0;1,5;1,6;0,1;0;0;0;0;0;0;0;0;0;0;0;0;0;0;;0;;0;0;0;0;;Ja;PZ Regio Turnhout;Ja;4;0,38;0;26;0;0;0;0;2;21;0;3;0;27;0;3;0;23;1;niet gekend;0;0;0;0;0;0;0;3;0;1;0;0;1;0;;0;;0;;Neen;;;;;;;;;;;;;;;niet gekend;niet gekend;niet gekend;niet gekend;niet gekend;niet gekend;niet gekend;niet gekend;niet gekend;niet gekend;niet gekend;niet gekend;niet gekend;niet gekend;niet gekend;niet gekend;niet gekend;niet gekend;niet gekend;niet gekend;niet gekend;niet gekend;niet gekend;niet gekend;niet gekend;niet gekend;niet gekend;niet gekend;niet gekend;niet gekend;niet gekend;niet gekend;niet gekend;niet gekend;niet gekend;niet gekend;niet gekend;niet gekend;niet gekend;niet gekend;niet gekend;niet gekend;niet gekend;niet gekend;niet gekend;niet gekend;niet gekend;niet gekend;niet gekend;niet gekend;niet gekend;niet gekend;niet gekend;niet gekend;niet gekend;niet gekend;niet gekend;niet gekend;niet gekend;niet gekend;niet gekend;niet gekend;niet gekend;niet gekend;niet gekend;niet gekend;niet gekend;niet gekend;niet gekend;niet gekend;niet gekend;;;;;;;;;;
Balen;23319;Ja;111;295;2759;niet gekend;0;;1;0%;0;;Ja;1;0,1;0;14;0;0;0;0;1;7;0;6;0;10;1;9;0;0;0;10;0;0;0;0;0;4;0;6;0;0;4;0;5;0;;1;0%;0;;Neen;;;;;;;;;;;;;;;;;;;;;;;;;;;;;;Ja;IOK;Ja;2;1,8;0,2;niet gekend;1;0;0;0;0;0;0;0;0;12;11;1;0;0;0;1;1;0;0;0;0;0;0;0;0;0;0;0;0;0;;0;;0;;Ja;0;3;2;0;1,5;1,6;0,1;2;2;1;1;0;0;0;0;0;1;0;0;0;0;;0;;0;0;0;0;;Ja;PZ Balen-Dessel-Mol;Ja;2;0;0;5;0;0;0;0;0;0;0;2;3;5;0;5;0;0;0;niet gekend;0;0;0;0;0;0;0;0;0;0;0;0;5;0;;0;;0;;Neen;;;;;;;;;;;;;;;Neen;;;;;;;;;;;;;;;;;;;;;;;;;;;;;;;;;;;;;;;;;;;;;;;;;;;;;;;;;;;;;;;;;;;;;;;;;;;;;;;;
Beernem;16136;Ja;100;158;1170;niet gekend;0;;0;;0;;Neen;;;;;;;;;;;;;;;;;;;;;;;;;;;;;;;;;;;;;;;;Neen;;;;;;;;;;;;;;;;;;;;;;;;;;;;;;Ja;WVI;Neen;;;;;;;;;;;;;;;;;;;;;;;;;;;;;;;;;;;;;;;;Ja;1;0;0;0,2;0;0;0;29;46;16;24;9;0;0;21;2;34;0;2;0;0;;0;;0;0;0;0;;Ja;PZ Het Houtsche;Ja;2;2;2;179;2;8;1;0;151;0;1;13;3;0;0;0;0;0;0;0;0;0;0;0;0;0;0;0;0;0;0;0;12;0;;0;;0;;Ja;2;29;46;16;24;9;0;0;21;0;0;0;0;;Neen;;;;;;;;;;;;;;;;;;;;;;;;;;;;;;;;;;;;;;;;;;;;;;;;;;;;;;;;;;;;;;;;;;;;;;;;;;;;;;;;
Beerse;18432;Ja;niet gekend;niet gekend;niet gekend;niet gekend;0;;0;;0;;Neen;;;;;;;;;;;;;;;;;;;;;;;;;;;;;;;;;;;;;;;;Neen;;;;;;;;;;;;;;;;;;;;;;;;;;;;;;Ja;IOK;Neen;;;;;;;;;;;;;;;;;;;;;;;;;;;;;;;;;;;;;;;;Ja;0;3;2;0;1,6;1,6;0,1;0;25;8;11;6;0;0;7;0;8;0;2;0;0;;0;;0;0;0;0;;Ja;PZ Regio Turnhout;Ja;4;0,52;0;47;0;3;9;3;3;19;1;9;0;43;4;25;1;10;3;17;0;1;3;0;0;8;1;4;0;5;13;0;6;0;;0;;0;;Ja;0,16;16;17;0;13;0;2;2;15;3;0;6;4;;Neen;;;;;;;;;;;;;;;;;;;;;;;;;;;;;;;;;;;;;;;;;;;;;;;;;;;;;;;;;;;;;;;;;;;;;;;;;;;;;;;;
Beersel;26713;Ja;16;76;269;niet gekend;0;;0;;0;;Ja;1;0,1;0,02;35;0;2;4;1;11;1;0;14;2;22;0;13;9;0;2;10;0;0;1;0;2;1;0;6;0;0;8;0;4;0;;0;;0;;Neen;;;;;;;;;;;;;;;;;;;;;;;;;;;;;;Ja;Haviland;Ja;3;0,07;0;11;3;0;0;1;1;4;1;7;0;11;0;10;1;0;0;9;2;0;0;1;1;4;1;6;0;0;8;0;2;0;;0;;0;;Ja;2;0;0;1;0;0;niet gekend;44;44;4;40;1;0;0;24;3;22;0;9;7;0;;0;;0;0;0;0;;Neen;;;;;;;;;;;;;;;;;;;;;;;;;;;;;;;;;;;;;;;;;;;;;;;;;;;;;;;;;Neen;;;;;;;;;;;;;;;;;;;;;;;;;;;;;;;;;;;;;;;;;;;;;;;;;;;;;;;;;;;;;;;;;;;;;;;;;;;;;;;;
Begijnendijk;10492;Ja;niet gekend;niet gekend;niet gekend;niet gekend;0;;0;;0;;Ja;1;0,05;0,05;10;2;2;2;2;2;2;1;1;0;0;0;0;0;0;0;0;0;0;0;0;0;0;0;0;0;10;5;0;0;0;;0;;0;;Ja;0;0;0;0;0;0;0,02;15;20;4;15;10;0;0;24;25;14;0;1;1;0;;0;;0;0;0;0;;Ja;Interleuven;Ja;2;0,1;0,1;10;0;2;2;1;1;0;0;4;0;39;3;7;12;8;9;15;0;1;6;3;0;3;1;1;0;1;14;0;3;1;0%;0;;0;;Ja;0;2;0;0,1;0,1;0;0;14;18;1;9;2;6;3;5;0;10;0;1;0;0;;0;;0;0;0;0;;Neen;;;;;;;;;;;;;;;;;;;;;;;;;;;;;;;;;;;;;;;;;;;;;;;;;;;;;;;;;Neen;;;;;;;;;;;;;;;;;;;;;;;;;;;;;;;;;;;;;;;;;;;;;;;;;;;;;;;;;;;;;;;;;;;;;;;;;;;;;;;;
Bekkevoort;6674;Ja;niet gekend ;niet gekend ;niet gekend ;niet gekend;1;100%;0;;0;;Neen;;;;;;;;;;;;;;;;;;;;;;;;;;;;;;;;;;;;;;;;Neen;;;;;;;;;;;;;;;;;;;;;;;;;;;;;;Ja;Interleuven;Ja;2;0,1;0,1;5;0;0;0;0;0;3;0;1;1;12;5;5;2;0;0;3;0;0;0;0;0;2;0;0;1;0;4;0;1;0;;0;;0;;Neen;;;;;;;;;;;;;;;;;;;;;;;;;;;;;Neen;Neen;;;;;;;;;;;;;;;;;;;;;;;;;;;;;;;;;;;;;;;;;;;;;;;;;;;;;;;;;Neen;;;;;;;;;;;;;;;;;;;;;;;;;;;;;;;;;;;;;;;;;;;;;;;;;;;;;;;;;;;;;;;;;;;;;;;;;;;;;;;;
Beringen;47953;Ja;niet gekend;niet gekend;niet gekend;tussen 51 en 100;0;;0;;0;;Ja;2;0,6;0,3;niet gekend;niet gekend;niet gekend;niet gekend;niet gekend;niet gekend;niet gekend;niet gekend;niet gekend;niet gekend;niet gekend;niet gekend;niet gekend;niet gekend;niet gekend;niet gekend;niet gekend;niet gekend;niet gekend;niet gekend;niet gekend;niet gekend;niet gekend;niet gekend;niet gekend;niet gekend;niet gekend;niet gekend;4;11;1;0%;0;;3;100%;Ja;1;0;0;1;niet gekend;niet gekend;0;niet gekend;128;5;78;36;50;23;116;8;104;2;20;5;0;;0;;0;0;0;0;Por-actieve controles: garage-activiteiten en terrassen/constructies na opheffing vrijstelling coronamaatregel;Neen;;;;;;;;;;;;;;;;;;;;;;;;;;;;;;;;;;;;;;;;;;;;;;;;;;;;;;;;;;;;;;;;;;;;;;;;Neen;;;;;;;;;;;;;;;;;;;;;;;;;;;;;;;;;;;;;;;;;;;;;;;;;;;;;;;;;Neen;;;;;;;;;;;;;;;;;;;;;;;;;;;;;;;;;;;;;;;;;;;;;;;;;;;;;;;;;;;;;;;;;;;;;;;;;;;;;;;;
Berlaar;12564;Ja;38;74;1048;tussen 11 en 50;0;;0;;0;;Neen;;;;;;;;;;;;;;;;;;;;;;;;;;;;;;;;;;;;;;;;Neen;;;;;;;;;;;;;;;;;;;;;;;;;;;;;;Ja;IGEMO;Ja;2;niet gekend;niet gekend;11;6;0;1;2;0;0;0;3;0;15;3;11;0;0;0;12;6;0;1;2;0;0;0;3;0;0;4;0;1;0;;0;;0;;Ja;2;4;0;niet gekend;niet gekend;niet gekend;niet gekend;6;6;1;5;0;0;0;0;0;5;0;3;1;0;;0;;0;0;0;0;;Ja;PZ Berlaar-Nijlen;Ja;1;niet gekend;niet gekend ;11;6;0;1;2;0;0;0;3;0;15;1;15;12;0;0;12;0;0;1;2;0;0;0;3;0;0;5;0;3;0;;0;;0;;Ja;niet gekend;6;6;1;5;1;0;0;0;0;0;3;1;controles lopen i,s,m, intergemeentelijke handhaving (zelfde data);Neen;;;;;;;;;;;;;;;;;;;;;;;;;;;;;;;;;;;;;;;;;;;;;;;;;;;;;;;;;;;;;;;;;;;;;;;;;;;;;;;;
Berlare;15456;Ja;5;84;131;tussen 11 en 50;0;;1;0%;0;;Neen;;;;;;;;;;;;;;;;;;;;;;;;;;;;;;;;;;;;;;;;Neen;;;;;;;;;;;;;;;;;;;;;;;;;;;;;Een medewerker volgt de opleiding toezichthouder milieu voor gemeente Berlare, afstudeerdatum 01/09/2023,;Ja;DDS;Neen;;;;;;;;;;;;;;;;;;;;;;;;;;;;;;;;;;;;;;;;Ja;1;1;0;niet gekend;niet gekend;niet gekend;0;1;7;0;1;0;2;0;6;0;3;0;2;0;0;;0;;1;0;0;0;;Ja;PZ Berlare-Zele;Neen;;;;;;;;;;;;;;;;;;;;;;;;;;;;;;;;;;;;;;;;Ja;0,1;10;15;5;4;7;0;0;4;0;14;15;niet gekend;Nieuwe feitentabel maakt het moeilijk om een overzicht te krijgen op politionele cijfers ivm handhaving omgevingsrecht, ;Neen;;;;;;;;;;;;;;;;;;;;;;;;;;;;;;;;;;;;;;;;;;;;;;;;;;;;;;;;;;;;;;;;;;;;;;;;;;;;;;;;
Bertem;10274;Ja;niet gekend;niet gekend;niet gekend;niet gekend;0;;0;;0;;Neen;;;;;;;;;;;;;;;;;;;;;;;;;;;;;;;;;;;;;;;;Neen;;;;;;;;;;;;;;;;;;;;;;;;;;;;;;Ja;Interleuven;Ja;2;0,1;0,1;2;0;0;1;0;0;0;0;1;0;4;0;1;0;3;0;1;0;0;1;0;0;0;0;0;0;2;1;0;0;0;;0;;0;;Ja;0;1;0;0;0,1;0;0,1;3;2;0;0;0;2;0;1;0;1;0;1;1;0;;0;;0;0;0;0;;Neen;;;;;;;;;;;;;;;;;;;;;;;;;;;;;;;;;;;;;;;;;;;;;;;;;;;;;;;;;Neen;;;;;;;;;;;;;;;;;;;;;;;;;;;;;;;;;;;;;;;;;;;;;;;;;;;;;;;;;;;;;;;;;;;;;;;;;;;;;;;;
Bever;2265;Ja;5;21;58;niet gekend;0;;1;niet gekend;0;;Neen;;;;;;;;;;;;;;;;;;;;;;;;;;;;;;;;;;;;;;;;Neen;;;;;;;;;;;;;;;;;;;;;;;;;;;;;;Neen;;;;;;;;;;;;;;;;;;;;;;;;;;;;;;;;;;;;;;;;;;;;;;;;;;;;;;;;;;;;;;;;;;;;;;;;Ja;PZ Pajottenland;Ja;3;1;0;1;0;0;0;0;0;1;0;0;0;1;0;1;0;0;0;1;0;0;0;0;0;1;0;0;13;0;0;0;1;0;;1;niet gekend;0;;Ja;1;2;2;0;2;0;0;0;2;2;0;2;0;;Neen;;;;;;;;;;;;;;;;;;;;;;;;;;;;;;;;;;;;;;;;;;;;;;;;;;;;;;;;;;;;;;;;;;;;;;;;;;;;;;;;
Beveren;50479;Ja;niet gekend;niet gekend;niet gekend;niet gekend;0;;0;;0;;Ja;1;0,1;0,9;niet gekend;niet gekend;niet gekend;niet gekend;niet gekend;niet gekend;niet gekend;niet gekend;niet gekend;niet gekend;niet gekend;niet gekend;niet gekend;niet gekend;2;1;niet gekend;niet gekend;niet gekend;niet gekend;niet gekend;niet gekend;niet gekend;niet gekend;niet gekend;niet gekend;niet gekend;niet gekend;niet gekend;niet gekend;niet gekend;niet gekend;niet gekend;niet gekend;niet gekend;niet gekend;Neen;;;;;;;;;;;;;;;;;;;;;;;;;;;;;;Neen;;;;;;;;;;;;;;;;;;;;;;;;;;;;;;;;;;;;;;;;;;;;;;;;;;;;;;;;;;;;;;;;;;;;;;;;Neen;;;;;;;;;;;;;;;;;;;;;;;;;;;;;;;;;;;;;;;;;;;;;;;;;;;;;;;;;Neen;;;;;;;;;;;;;;;;;;;;;;;;;;;;;;;;;;;;;;;;;;;;;;;;;;;;;;;;;;;;;;;;;;;;;;;;;;;;;;;;
Bierbeek;10468;Neen;29;166;685;tussen 11 en 50;1;100%;0;;0;;Ja;1;0,01;0;1;1;0;0;0;1;0;0;0;0;1;0;1;0;0;0;;1;0;0;0;0;0;0;0;0;1;0;0;0;1;0%;0;;0;;Neen;;;;;;;;;;;;;;;;;;;;;;;;;;;;;;Ja;Interleuven;Ja;niet gekend;0;0;0;0;0;0;0;0;0;0;0;0;0;0;0;0;0;0;0;0;0;0;0;0;0;0;0;0;0;0;0;0;0;;0;;0;;Ja;niet gekend;niet gekend;niet gekend;0;0;0;0;0;0;0;0;0;0;0;0;0;0;0;0;0;0;;0;;0;0;0;0;;Ja;PZ Lubbeek;Neen;;;;;;;;;;;;;;;;;;;;;;;;;;;;;;;;;;;;;;;;Neen;;;;;;;;;;;;;;;Neen;;;;;;;;;;;;;;;;;;;;;;;;;;;;;;;;;;;;;;;;;;;;;;;;;;;;;;;;;;;;;;;;;;;;;;;;;;;;;;;;
Bilzen;32655;Ja;120;250;900;tussen 51 en 100;0;;0;;0;;Ja;1;0,2;0,2;niet gekend;niet gekend;niet gekend;niet gekend;niet gekend;niet gekend;niet gekend;niet gekend;niet gekend;niet gekend;50;0;38;0;12;0;0;0;0;0;0;0;0;0;0;0;0;0;0;12;0;;0;;0;;Ja;0;2;0;0;1;0;0;0;80;0;50;0;30;0;0;5;12;0;0;0;0;;0;;0;0;0;0;;Neen;;;;;;;;;;;;;;;;;;;;;;;;;;;;;;;;;;;;;;;;;;;;;;;;;;;;;;;;;;;;;;;;;;;;;;;;Neen;;;;;;;;;;;;;;;;;;;;;;;;;;;;;;;;;;;;;;;;;;;;;;;;;;;;;;;;;Neen;;;;;;;;;;;;;;;;;;;;;;;;;;;;;;;;;;;;;;;;;;;;;;;;;;;;;;;;;;;;;;;;;;;;;;;;;;;;;;;;
Blankenberge;20515;Ja;45;157;525;niet gekend;niet gekend;niet gekend;niet gekend;niet gekend;niet gekend;niet gekend;Ja;1;0,05;0;10;0;1;2;0;4;2;0;0;0;2;1;1;0;0;0;1;0;0;0;0;0;1;0;0;0;7;2;0;0;0;;0;;0;;Ja;4;0;0;0,3;0,3;0;0,2;niet gekend;niet gekend;niet gekend;niet gekend;niet gekend;niet gekend;niet gekend;17;niet gekend;niet gekend;0;17;niet gekend;niet gekend;niet gekend;niet gekend;niet gekend;niet gekend;niet gekend;niet gekend;niet gekend;;Neen;;;;;;;;;;;;;;;;;;;;;;;;;;;;;;;;;;;;;;;;;;;;;;;;;;;;;;;;;;;;;;;;;;;;;;;;Ja;PZ Blankenberge Zuienekerke;Neen;;;;;;;;;;;;;;;;;;;;;;;;;;;;;;;;;;;;;;;;Neen;;;;;;;;;;;;;;;Neen;;;;;;;;;;;;;;;;;;;;;;;;;;;;;;;;;;;;;;;;;;;;;;;;;;;;;;;;;;;;;;;;;;;;;;;;;;;;;;;;
Bocholt;13756;Ja;niet gekend;niet gekend;niet gekend;niet gekend;niet gekend;niet gekend;0;niet gekend;niet gekend;niet gekend;Ja;1;0,01;0;niet gekend;niet gekend;niet gekend;niet gekend;niet gekend;niet gekend;niet gekend;niet gekend;niet gekend;niet gekend;niet gekend;niet gekend;niet gekend;niet gekend;niet gekend;niet gekend;niet gekend;niet gekend;niet gekend;niet gekend;niet gekend;niet gekend;niet gekend;niet gekend;niet gekend;niet gekend;niet gekend;niet gekend;niet gekend;niet gekend;niet gekend;niet gekend;niet gekend;niet gekend;niet gekend;niet gekend;Ja;0;0;0;0;0;0;0,01;niet gekend;niet gekend;niet gekend;niet gekend;niet gekend;niet gekend;niet gekend;niet gekend;niet gekend;niet gekend;0;niet gekend;niet gekend;niet gekend;niet gekend;niet gekend;niet gekend;niet gekend;niet gekend;niet gekend;niet gekend;;Neen;;;;;;;;;;;;;;;;;;;;;;;;;;;;;;;;;;;;;;;;;;;;;;;;;;;;;;;;;;;;;;;;;;;;;;;;niet gekend;niet gekend;niet gekend;niet gekend;niet gekend;niet gekend;niet gekend;niet gekend;niet gekend;niet gekend;niet gekend;niet gekend;niet gekend;niet gekend;niet gekend;niet gekend;niet gekend;niet gekend;niet gekend;niet gekend;niet gekend;niet gekend;niet gekend;niet gekend;niet gekend;niet gekend;niet gekend;niet gekend;niet gekend;niet gekend;niet gekend;niet gekend;niet gekend;niet gekend;niet gekend;niet gekend;niet gekend;niet gekend;niet gekend;niet gekend;niet gekend;niet gekend;niet gekend;niet gekend;niet gekend;niet gekend;niet gekend;niet gekend;niet gekend;niet gekend;niet gekend;niet gekend;niet gekend;niet gekend;niet gekend;niet gekend;;Neen;;;;;;;;;;;;;;;;;;;;;;;;;;;;;;;;;;;;;;;;;;;;;;;;;;;;;;;;;;;;;;;;;;;;;;;;;;;;;;;;
Boechout;13815;Ja;8;98;392;tussen 51 en 100;0;;0;;0;;Ja;1;0,01;0,01;937;0;0;24;0;19;1;0;niet gekend;0;0;0;0;0;0;0;0;0;0;0;0;0;0;0;0;0;0;0;0;0;0;;0;;0;;Neen;;;;;;;;;;;;;;;;;;;;;;;;;;;;;;Ja;IGEAN;Neen;;;;;;;;;;;;;;;;;;;;;;;;;;;;;;;;;;;;;;;;Ja;0;2;1;0;niet gekend;niet gekend;niet gekend;2;niet gekend;niet gekend;niet gekend;niet gekend;0;0;niet gekend;0;3;0;0;0;0;;0;;0;0;0;0;;Ja;PZ MINOS;Neen;;;;;;;;;;;;;;;;;;;;;;;;;;;;;;;;;;;;;;;;Ja;0,01;5;5;2;2;1;0;0;0;3;0;0;0;1 verkort PV en 1 navolgend PV - IGEAN  staat in Boechout in voor de vaststellingen van stedenbouwkundige inbreuken;Neen;;;;;;;;;;;;;;;;;;;;;;;;;;;;;;;;;;;;;;;;;;;;;;;;;;;;;;;;;;;;;;;;;;;;;;;;;;;;;;;;
Bonheiden;15463;Ja;26;125;732;niet gekend;0;;0;;0;;Ja;1;0,1;0,1;niet gekend;20;5;7;niet gekend;8;11;2;18;niet gekend;10;3;7;3;0;0;niet gekend;niet gekend;niet gekend;1;niet gekend;niet gekend;1;1;3;niet gekend;niet gekend;6;0;1;0;;0;;0;;Neen;;;;;;;;;;;;;;;;;;;;;;;;;;;;;;Ja;IGEMO;Ja;2;niet gekend;niet gekend;2;0;0;1;0;1;1;0;0;0;16;0;1;1;0;0;15;0;0;14;0;1;1;0;0;0;0;10;0;9;0;;0;;0;;Ja;3;3;0;niet gekend;niet gekend;niet gekend;niet gekend;9;20;9;11;9;0;0;19;1;15;0;9;4;0;;0;;0;0;0;0;;Ja;PZ BODUKAP;Neen;;;;;;;;;;;;;;;;;;;;;;;;;;;;;;;;;;;;;;;;Neen;;;;;;;;;;;;;;De verhoren in kader van vermelde overtredingen gebeuren nog steeds door de PZ,  Er wordt indien nodig bijstand verleent aan de milieutoezichters van de gemeente of IGEMO;Neen;;;;;;;;;;;;;;;;;;;;;;;;;;;;;;;;;;;;;;;;;;;;;;;;;;;;;;;;;;;;;;;;;;;;;;;;;;;;;;;;
Boom;19227;Ja;39;121;289;tussen 11 en 50;1;100%;3;0%;0;;Ja;1;0,01;0,01;49;0;16;13;3;21;4;0;10;0;7;2;3;2;0;0;2;0;0;0;2;0;2;0;2;0;2;0;0;1;1;100%;0;;0;;Ja;1;1;0;0,001;0;0,001;0,01;29;1;0;1;0;0;0;1;9;0;1;1;0;0;;0;;0;0;0;0;Momenteel is er 0 stedenbouwkundig inspecteur meer aangesteld, In 2023 starten wij de samenwerking met Igean op inzake handhaving RO;Neen;;;;;;;;;;;;;;;;;;;;;;;;;;;;;;;;;;;;;;;;;;;;;;;;;;;;;;;;;;;;;;;;;;;;;;;;Neen;;;;;;;;;;;;;;;;;;;;;;;;;;;;;;;;;;;;;;;;;;;;;;;;;;;;;;;;;Neen;;;;;;;;;;;;;;;;;;;;;;;;;;;;;;;;;;;;;;;;;;;;;;;;;;;;;;;;;;;;;;;;;;;;;;;;;;;;;;;;
Boortmeerbeek;13261;Ja;niet gekend;niet gekend;niet gekend;niet gekend;0;;0;;0;;Ja;1;niet gekend;niet gekend;0;0;0;0;0;0;0;0;0;0;0;0;0;0;0;0;0;0;0;0;0;0;0;0;0;0;0;0;0;0;0;;0;;0;;Neen;;;;;;;;;;;;;;;;;;;;;;;;;;;;;Klachten worden in feite doorgespeeld aan het Intergemeentelijk samenwerkingsverband;Ja;Interleuven;Ja;2;0,1;0,1;13;0;0;4;0;1;0;2;5;1;27;7;10;2;6;2;11;0;0;1;0;0;3;2;5;0;0;41;0;6;0;;0;;0;;Neen;;;;;;;;;;;;;;;;;;;;;;;;;;;;;Neen;Neen;;;;;;;;;;;;;;;;;;;;;;;;;;;;;;;;;;;;;;;;;;;;;;;;;;;;;;;;;Neen;;;;;;;;;;;;;;;;;;;;;;;;;;;;;;;;;;;;;;;;;;;;;;;;;;;;;;;;;;;;;;;;;;;;;;;;;;;;;;;;
Borgloon;11456;Ja;25;355;500;niet gekend;0;;0;;0;;Ja;2;0,05;0,1;5;0;0;2;0;2;1;0;0;0;0;0;0;0;0;0;0;0;0;0;0;0;0;0;0;0;20;10;0;12;0;;0;;0;;Ja;0;1;0;0;0,05;0;0;5;0;0;0;0;0;0;0;0;0;0;0;0;0;;0;;0;0;0;0;;Neen;;;;;;;;;;;;;;;;;;;;;;;;;;;;;;;;;;;;;;;;;;;;;;;;;;;;;;;;;;;;;;;;;;;;;;;;Ja;PZ Kanton Borgloon;Ja;0;0;0,5;8;1;1;0;1;1;1;0;1;2;0;0;0;0;0;0;0;1;1;0;1;1;1;0;1;2;8;0;0;8;0;;0;;0;;Neen;;;;;;;;;;;;;;;Neen;;;;;;;;;;;;;;;;;;;;;;;;;;;;;;;;;;;;;;;;;;;;;;;;;;;;;;;;;;;;;;;;;;;;;;;;;;;;;;;;
Bornem;22014;niet gekend;niet gekend;niet gekend;niet gekend;niet gekend;niet gekend;niet gekend;niet gekend;niet gekend;niet gekend;niet gekend;niet gekend;niet gekend;niet gekend;niet gekend;niet gekend;niet gekend;niet gekend;niet gekend;niet gekend;niet gekend;niet gekend;niet gekend;niet gekend;niet gekend;niet gekend;niet gekend;niet gekend;niet gekend;niet gekend;niet gekend;niet gekend;niet gekend;niet gekend;niet gekend;niet gekend;niet gekend;niet gekend;niet gekend;niet gekend;niet gekend;niet gekend;niet gekend;niet gekend;niet gekend;niet gekend;niet gekend;niet gekend;niet gekend;niet gekend;niet gekend;niet gekend;niet gekend;niet gekend;niet gekend;niet gekend;niet gekend;niet gekend;niet gekend;niet gekend;niet gekend;niet gekend;niet gekend;niet gekend;niet gekend;niet gekend;niet gekend;niet gekend;niet gekend;niet gekend;niet gekend;niet gekend;niet gekend;niet gekend;niet gekend;niet gekend;niet gekend;niet gekend;niet gekend;niet gekend;;Ja;IGEMO;Neen;;;;;;;;;;;;;;;;;;;;;;;;;;;;;;;;;;;;;;;;Ja;2;4;0;niet gekend;niet gekend;niet gekend;niet gekend;31;23;1;21;1;0;0;20;3;20;0;4;2;0;;0;;0;0;0;0;;niet gekend;niet gekend;niet gekend;niet gekend;niet gekend;niet gekend;niet gekend;niet gekend;niet gekend;niet gekend;niet gekend;niet gekend;niet gekend;niet gekend;niet gekend;niet gekend;niet gekend;niet gekend;niet gekend;niet gekend;niet gekend;niet gekend;niet gekend;niet gekend;niet gekend;niet gekend;niet gekend;niet gekend;niet gekend;niet gekend;niet gekend;niet gekend;niet gekend;niet gekend;niet gekend;niet gekend;niet gekend;niet gekend;niet gekend;niet gekend;niet gekend;niet gekend;niet gekend;niet gekend;niet gekend;niet gekend;niet gekend;niet gekend;niet gekend;niet gekend;niet gekend;niet gekend;niet gekend;niet gekend;niet gekend;niet gekend;;niet gekend;niet gekend;niet gekend;niet gekend;niet gekend;niet gekend;niet gekend;niet gekend;niet gekend;niet gekend;niet gekend;niet gekend;niet gekend;niet gekend;niet gekend;niet gekend;niet gekend;niet gekend;niet gekend;niet gekend;niet gekend;niet gekend;niet gekend;niet gekend;niet gekend;niet gekend;niet gekend;niet gekend;niet gekend;niet gekend;niet gekend;niet gekend;niet gekend;niet gekend;niet gekend;niet gekend;niet gekend;niet gekend;niet gekend;niet gekend;niet gekend;niet gekend;niet gekend;niet gekend;niet gekend;niet gekend;niet gekend;niet gekend;niet gekend;niet gekend;niet gekend;niet gekend;niet gekend;niet gekend;niet gekend;niet gekend;niet gekend;niet gekend;niet gekend;niet gekend;niet gekend;niet gekend;niet gekend;niet gekend;niet gekend;niet gekend;niet gekend;niet gekend;niet gekend;niet gekend;niet gekend;;;;;;;;;;
Borsbeek;11317;Ja;1;16;50;tussen 1 en 10;0;;0;;0;;Neen;;;;;;;;;;;;;;;;;;;;;;;;;;;;;;;;;;;;;;;;Neen;;;;;;;;;;;;;;;;;;;;;;;;;;;;;;Ja;IGEAN ;Ja;4;niet gekend;niet gekend;0;0;0;0;0;0;0;0;0;0;1;0;1;0;0;0;2;0;0;0;2;0;2;0;0;0;1;3;0;0;0;;0;;0;;Ja;0;2;1;0;niet gekend;niet gekend;0;18;niet gekend;niet gekend;niet gekend;niet gekend;0;0;niet gekend;0;9;0;3;2;0;;0;;0;0;0;0;;Neen;;;;;;;;;;;;;;;;;;;;;;;;;;;;;;;;;;;;;;;;;;;;;;;;;;;;;;;;;Neen;;;;;;;;;;;;;;;;;;;;;;;;;;;;;;;;;;;;;;;;;;;;;;;;;;;;;;;;;;;;;;;;;;;;;;;;;;;;;;;;
Boutersem;8535;Ja;26;70;551;niet gekend;0;;0;;0;;Neen;;;;;;;;;;;;;;;;;;;;;;;;;;;;;;;;;;;;;;;;Neen;;;;;;;;;;;;;;;;;;;;;;;;;;;;;;Ja;Interleuven;Ja;2;0,1;0,1;9;0;0;4;1;0;1;1;2;0;6;1;3;2;0;0;2;0;0;1;0;0;0;0;1;0;0;3;0;1;0;;0;;0;;Neen;;;;;;;;;;;;;;;;;;;;;;;;;;;;;Neen;Neen;;;;;;;;;;;;;;;;;;;;;;;;;;;;;;;;;;;;;;;;;;;;;;;;;;;;;;;;;Neen;;;;;;;;;;;;;;;;;;;;;;;;;;;;;;;;;;;;;;;;;;;;;;;;;;;;;;;;;;;;;;;;;;;;;;;;;;;;;;;;
Brakel;15019;Ja;44;211;347;niet gekend;0;;0;;0;;Ja;0;0,15;0,15;niet gekend;niet gekend;niet gekend;niet gekend;1;niet gekend;niet gekend;niet gekend;niet gekend;niet gekend;niet gekend;niet gekend;niet gekend;niet gekend;niet gekend;niet gekend;niet gekend;niet gekend;niet gekend;niet gekend;1;niet gekend;niet gekend;niet gekend;niet gekend;niet gekend;1;1;0;0;1;100%;0;;0;;Ja;1;1;0;0,1;0,1;0;0,2;30;26;3;0;0;0;23;23;26;6;0;2;0;0;;0;;0;0;0;0;;Neen;;;;;;;;;;;;;;;;;;;;;;;;;;;;;;;;;;;;;;;;;;;;;;;;;;;;;;;;;;;;;;;;;;;;;;;;Ja;PZ Brakel-Maarkedal-Zwalm-Horebeke;Neen;;;;;;;;;;;;;;;;;;;;;;;;;;;;;;;;;;;;;;;;Neen;;;;;;;;;;;;;;;Neen;;;;;;;;;;;;;;;;;;;;;;;;;;;;;;;;;;;;;;;;;;;;;;;;;;;;;;;;;;;;;;;;;;;;;;;;;;;;;;;;
Brasschaat;38614;Ja;40;70;1040;meer dan 100;0;;0;;0;;Ja;1;0,2;0,1;22;6;2;2;0;4;0;0;3;3;17;1;12;0;4;1;13;1;0;2;0;0;4;0;5;0;1;4;0;0;0;;0;;0;;Ja;0;8;2;0;0,2;0,1;0,2;25;14;4;10;2;0;0;9;2;4;2;1;0;0;;0;;0;0;0;0;;Neen;;;;;;;;;;;;;;;;;;;;;;;;;;;;;;;;;;;;;;;;;;;;;;;;;;;;;;;;;;;;;;;;;;;;;;;;Neen;;;;;;;;;;;;;;;;;;;;;;;;;;;;;;;;;;;;;;;;;;;;;;;;;;;;;;;;;Neen;;;;;;;;;;;;;;;;;;;;;;;;;;;;;;;;;;;;;;;;;;;;;;;;;;;;;;;;;;;;;;;;;;;;;;;;;;;;;;;;
Brecht;30396;Ja;157;298;896;niet gekend;1;100%;0;;1;100%;Neen;;;;;;;;;;;;;;;;;;;;;;;;;;;;;;;;;;;;;;;;Neen;;;;;;;;;;;;;;;;;;;;;;;;;;;;;;Neen;;;;;;;;;;;;;;;;;;;;;;;;;;;;;;;;;;;;;;;;;;;;;;;;;;;;;;;;;;;;;;;;;;;;;;;;Ja;PZ Voorkempen;Ja;1;0,2;0;546;0;12;3;1;469;2;1;58;0;27;0;1;0;0;0;6;0;0;2;1;niet gekend;0;0;3;0;5;1;0;9;0;;0;;0;;Ja;0,2;20;52;2;49;0;0;0;23;6;0;18;2;;Neen;;;;;;;;;;;;;;;;;;;;;;;;;;;;;;;;;;;;;;;;;;;;;;;;;;;;;;;;;;;;;;;;;;;;;;;;;;;;;;;;
Bredene;18102;Ja;6;34;269;niet gekend;0;;0;;0;;Neen;;;;;;;;;;;;;;;;;;;;;;;;;;;;;;;;;;;;;;;;Ja;0;1;1;0;0,8;0,2;0;27;127;3;25;20;99;5;46;15;58;1;2;0;0;;0;;0;0;0;0;;Neen;;;;;;;;;;;;;;;;;;;;;;;;;;;;;;;;;;;;;;;;;;;;;;;;;;;;;;;;;;;;;;;;;;;;;;;;Neen;;;;;;;;;;;;;;;;;;;;;;;;;;;;;;;;;;;;;;;;;;;;;;;;;;;;;;;;;Neen;;;;;;;;;;;;;;;;;;;;;;;;;;;;;;;;;;;;;;;;;;;;;;;;;;;;;;;;;;;;;;;;;;;;;;;;;;;;;;;;
Bree;16701;Ja;100;280;500;niet gekend;0;;0;;0;;Ja;1;0,1;0;5;0;0;0;0;3;1;0;1;0;0;0;0;0;0;0;0;0;0;0;0;0;0;0;0;0;0;0;0;0;0;;0;;0;;Ja;0;0;0;0;0;0;0;50;0;0;0;0;0;0;0;0;0;0;0;0;0;;0;;0;0;0;0;Buiten de beslissingen burgemeester worden alle handhavingstaken RO uitgevoerd door de Intergemeentelijke Samenwerking Handhaving Ruimte Midden-Limburg;Ja;Intergemeentelijke Samenwerking Handhaving Ruimte Midden-Limburg;Neen;;;;;;;;;;;;;;;;;;;;;;;;;;;;;;;;;;;;;;;;Ja;0;1;0;0;0,57;0;0,05;0;300;niet gekend;50;niet gekend;1;niet gekend;26;0;29;0;1;1;0;;0;;0;0;0;0;Opstart structureel handhaven RO in 2022, volop pro-actie en preventie voorlopig nog;Neen;;;;;;;;;;;;;;;;;;;;;;;;;;;;;;;;;;;;;;;;;;;;;;;;;;;;;;;;;Neen;;;;;;;;;;;;;;;;;;;;;;;;;;;;;;;;;;;;;;;;;;;;;;;;;;;;;;;;;;;;;;;;;;;;;;;;;;;;;;;;
Brugge;119841;Ja;311;803;5521;niet gekend;4;niet gekend;niet gekend;niet gekend;0;;Ja;6;2;1;151;16;37;13;1;78;1;1;4;0;165;12;38;38;102;102;35;1;3;14;2;13;2;0;0;0;3;91;0;48;0;;0;;0;;Ja;0;3;1;0;3;1;1,5;235;403;20;235;235;168;168;327;46;64;0;18;1;0;;0;;0;0;2;0;;Neen;;;;;;;;;;;;;;;;;;;;;;;;;;;;;;;;;;;;;;;;;;;;;;;;;;;;;;;;;;;;;;;;;;;;;;;;Neen;;;;;;;;;;;;;;;;;;;;;;;;;;;;;;;;;;;;;;;;;;;;;;;;;;;;;;;;;Neen;;;;;;;;;;;;;;;;;;;;;;;;;;;;;;;;;;;;;;;;;;;;;;;;;;;;;;;;;;;;;;;;;;;;;;;;;;;;;;;;
Buggenhout;14895;Ja;9;niet gekend;niet gekend;niet gekend;0;;0;;0;;Ja;1;0,1;0;17;3;1;0;0;4;1;0;6;0;17;0;17;4;0;0;10;0;0;1;0;3;1;0;6;0;2;5;0;3;0;;0;;0;;Ja;0;1;0;0;0,1;0;0,2;40;52;0;42;12;12;0;15;0;9;1;6;3;0;;0;;0;0;0;0;;Ja;DDS;Neen;;;;;;;;;;;;;;;;;;;;;;;;;;;;;;;;;;;;;;;;Ja;1;1;0;0,1;0,1;0;0;0;3;3;0;0;0;0;1;0;0;1;2;0;0;;1;100%;0;0;0;0;;Ja;PZ Buggenhout-Lebbeke;Neen;;;;;;;;;;;;;;;;;;;;;;;;;;;;;;;;;;;;;;;;Neen;;;;;;;;;;;;;;De PZ zelf beschikt niet over toezichthouders, Zodoende neen geantwoord en 0 data kunnen invullen, We hebben in 2022 wel 29 feiten in kader van milieu geregistreerd: 26 GAS sluikstorten - 1 GAS geluid - 2 PV's Afval, 0 data over Ruimtelijke ordening,;Neen;;;;;;;;;;;;;;;;;;;;;;;;;;;;;;;;;;;;;;;;;;;;;;;;;;;;;;;;;;;;;;;;;;;;;;;;;;;;;;;;
Damme;11608;Ja;30;250;500;niet gekend;0;;0;;0;;Ja;2;0,05;niet gekend;6;0;0;0;0;3;0;3;0;0;4;0;1;0;1;0;2;0;0;0;0;0;1;1;1;0;0;2;0;0;0;;0;;0;;Ja;0;0;0;0;0;0;6;27;6;0;6;0;0;0;5;20;20;3;3;2;0;;0;;0;0;0;0;We sturen eerst een brief met een intentievraag (zachte handhaving, 0 bestuurlijke maatregel), Mensen weten vaak niet dat ze een overtreding begingen en herstellen de overtreding vaak uit hun eigen,;Neen;;;;;;;;;;;;;;;;;;;;;;;;;;;;;;;;;;;;;;;;;;;;;;;;;;;;;;;;;;;;;;;;;;;;;;;;Ja;PZ Damme/Knokke-Heist;Ja;1;0,1;0,1;10;0;0;1;2;1;2;1;3;0;10;0;10;0;0;0;3;0;0;0;0;1;0;0;2;0;10;0;0;0;0;;0;;0;;Ja;0,1;6;6;0;6;6;6;6;4;6;0;4;1;;Neen;;;;;;;;;;;;;;;;;;;;;;;;;;;;;;;;;;;;;;;;;;;;;;;;;;;;;;;;;;;;;;;;;;;;;;;;;;;;;;;;
De Haan;12787;Neen;niet gekend;niet gekend;niet gekend;niet gekend;0;;0;;0;;Neen;;;;;;;;;;;;;;;;;;;;;;;;;;;;;;;;;;;;;;;;Neen;;;;;;;;;;;;;;;;;;;;;;;;;;;;;;Ja;WVI;Ja;1;0,02;0;3;0;1;0;0;2;0;0;0;0;3;0;3;0;0;0;3;0;1;0;0;2;0;0;0;0;0;1;0;0;0;;0;;0;;Ja;0;1;0;0;1,8;0;0;0;33;35;14;10;0;0;10;0;8;0;3;0;0;;0;;0;1;0;0;;Ja;PZ Bredene-De Haan;Neen;;;;;;;;;;;;;;;;;;;;;;;;;;;;;;;;;;;;;;;;Ja;niet gekend;niet gekend;niet gekend;niet gekend;niet gekend;niet gekend;niet gekend;niet gekend;niet gekend;niet gekend;niet gekend;niet gekend;niet gekend;;Neen;;;;;;;;;;;;;;;;;;;;;;;;;;;;;;;;;;;;;;;;;;;;;;;;;;;;;;;;;;;;;;;;;;;;;;;;;;;;;;;;
De Panne;11098;Ja;3;8;9;niet gekend;0;;0;;0;;Neen;;;;;;;;;;;;;;;;;;;;;;;;;;;;;;;;;;;;;;;;Neen;;;;;;;;;;;;;;;;;;;;;;;;;;;;;Handhavingsactiviteitenin kader va de VCRO worden uitgevoerd door de milieucel van de PZ,;Neen;;;;;;;;;;;;;;;;;;;;;;;;;;;;;;;;;;;;;;;;;;;;;;;;;;;;;;;;;;;;;;;;;;;;;;;;Ja;PZ Westkust;Ja;2;2;niet gekend;2;2;0;0;0;1;0;0;0;niet gekend;0;0;0;0;0;0;0;0;0;0;0;0;0;0;0;0;0;0;0;0;0;;niet gekend;niet gekend;niet gekend;niet gekend;niet gekend;niet gekend;niet gekend;niet gekend;niet gekend;niet gekend;niet gekend;niet gekend;niet gekend;niet gekend;niet gekend;niet gekend;niet gekend;niet gekend;;niet gekend;niet gekend;niet gekend;niet gekend;niet gekend;niet gekend;niet gekend;niet gekend;niet gekend;niet gekend;niet gekend;niet gekend;niet gekend;niet gekend;niet gekend;niet gekend;niet gekend;niet gekend;niet gekend;niet gekend;niet gekend;niet gekend;niet gekend;niet gekend;niet gekend;niet gekend;niet gekend;niet gekend;niet gekend;niet gekend;niet gekend;niet gekend;niet gekend;niet gekend;niet gekend;niet gekend;niet gekend;niet gekend;niet gekend;niet gekend;niet gekend;niet gekend;niet gekend;niet gekend;niet gekend;niet gekend;niet gekend;niet gekend;niet gekend;niet gekend;niet gekend;niet gekend;niet gekend;niet gekend;niet gekend;niet gekend;niet gekend;niet gekend;niet gekend;niet gekend;niet gekend;niet gekend;niet gekend;niet gekend;niet gekend;niet gekend;niet gekend;niet gekend;niet gekend;niet gekend;niet gekend;;;;;;;;;;
De Pinte;11116;Ja;12;95;500;niet gekend;0;;0;;0;;Ja;1;0,05;0;25;0;5;6;2;3;0;0;4;5;12;1;3;3;0;0;4;0;0;1;1;0;1;0;1;0;1;3;0;1;0;;0;;0;;Ja;0;0;0;0;0;0;0;15;0;0;0;0;0;0;0;0;0;0;0;0;0;;0;;0;0;0;0;;Ja;VENECO;Neen;;;;;;;;;;;;;;;;;;;;;;;;;;;;;;;;;;;;;;;;Ja;2;0;0;0,09;0,09;0;0,01;0;15;0;9;4;2;0;4;1;8;0;1;0;0;;0;;0;0;0;0;;Neen;;;;;;;;;;;;;;;;;;;;;;;;;;;;;;;;;;;;;;;;;;;;;;;;;;;;;;;;;Neen;;;;;;;;;;;;;;;;;;;;;;;;;;;;;;;;;;;;;;;;;;;;;;;;;;;;;;;;;;;;;;;;;;;;;;;;;;;;;;;;
Deerlijk;12554;Ja;102;226;526;niet gekend;0;;0;;0;;Ja;1;0,05;0,05;7;0;0;0;0;5;1;0;0;1;10;0;10;0;0;0;7;0;0;0;0;5;1;0;0;1;7;0;0;0;0;;0;;0;;Ja;0;0;0;0;0;0;0;4;3;0;3;2;0;0;3;3;0;0;0;0;0;;0;;0;0;0;0;;Ja;Leiedal;Ja;1;0,05;0,05;2;0;0;0;0;2;0;0;0;0;2;0;2;3;0;0;2;0;0;0;0;2;0;0;0;0;1;2;0;0;0;;0;;0;;Ja;1;1;1;niet gekend;0,05;niet gekend;0;5;5;0;5;0;0;0;5;3;2;0;1;0;0;;0;;0;0;0;0;;Ja;PZ Gavers;Neen;;;;;;;;;;;;;;;;;;;;;;;;;;;;;;;;;;;;;;;;Ja;niet gekend;2;2;niet gekend;2;0;0;0;0;niet gekend;0;0;0;Moeilijk om een correct beeld te scheppen wegens het gebruikte systeem en de wijk en interventiewerking binnen de zone, ;Neen;;;;;;;;;;;;;;;;;;;;;;;;;;;;;;;;;;;;;;;;;;;;;;;;;;;;;;;;;;;;;;;;;;;;;;;;;;;;;;;;
Deinze;44976;Ja;niet gekend;niet gekend;niet gekend;niet gekend;0;;0;;0;;Ja;1;0,2;0,1;25;0;5;8;0;7;0;1;2;2;17;2;14;0;1;0;16;0;1;6;0;4;3;0;2;0;6;9;0;2;0;;0;;0;;Neen;;;;;;;;;;;;;;;;;;;;;;;;;;;;;;Ja;VENECO;Ja;1;0;0;0;0;0;0;0;0;0;0;0;0;0;0;0;0;0;0;0;0;0;0;0;0;0;0;0;0;0;0;0;0;0;;0;;0;;Ja;Ja;0;0;0,08;0;0;0;0;niet gekend;1;7;5;0;0;6;0;3;0;1;1;0;;0;;0;2;0;0;;niet gekend;niet gekend;niet gekend;niet gekend;niet gekend;niet gekend;niet gekend;niet gekend;niet gekend;niet gekend;niet gekend;niet gekend;niet gekend;niet gekend;niet gekend;niet gekend;niet gekend;niet gekend;niet gekend;niet gekend;niet gekend;niet gekend;niet gekend;niet gekend;niet gekend;niet gekend;niet gekend;niet gekend;niet gekend;niet gekend;niet gekend;niet gekend;niet gekend;niet gekend;niet gekend;niet gekend;niet gekend;niet gekend;niet gekend;niet gekend;niet gekend;niet gekend;niet gekend;niet gekend;niet gekend;niet gekend;niet gekend;niet gekend;niet gekend;niet gekend;niet gekend;niet gekend;niet gekend;niet gekend;niet gekend;niet gekend;;niet gekend;niet gekend;niet gekend;niet gekend;niet gekend;niet gekend;niet gekend;niet gekend;niet gekend;niet gekend;niet gekend;niet gekend;niet gekend;niet gekend;niet gekend;niet gekend;niet gekend;niet gekend;niet gekend;niet gekend;niet gekend;niet gekend;niet gekend;niet gekend;niet gekend;niet gekend;niet gekend;niet gekend;niet gekend;niet gekend;niet gekend;niet gekend;niet gekend;niet gekend;niet gekend;niet gekend;niet gekend;niet gekend;niet gekend;niet gekend;niet gekend;niet gekend;niet gekend;niet gekend;niet gekend;niet gekend;niet gekend;niet gekend;niet gekend;niet gekend;niet gekend;niet gekend;niet gekend;niet gekend;niet gekend;niet gekend;niet gekend;niet gekend;niet gekend;niet gekend;niet gekend;niet gekend;niet gekend;niet gekend;niet gekend;niet gekend;niet gekend;niet gekend;niet gekend;niet gekend;niet gekend;;;;;;;;;;
Denderleeuw;21007;Ja;2;niet gekend;niet gekend;niet gekend;0;;0;;0;;Neen;;;;;;;;;;;;;;;;;;;;;;;;;;;;;;;;;;;;;;;;Ja;0;1;0;0;0,05;0;0,5;niet gekend;niet gekend;niet gekend;niet gekend;niet gekend;niet gekend;0;0;niet gekend;niet gekend;0;0;0;0;;0;;0;0;0;0;;Ja;SOLVA;Ja;1;0,05;0,02;13;1;2;1;2;1;2;0;2;2;10;0;10;2;0;0;10;1;1;0;2;1;2;0;2;1;2;5;0;0;0;;0;;0;;Ja;2;0;0;0,1;0;0;0,05;11;23;3;11;3;1;8;12;1;6;2;1;0;0;;0;;0;2;0;0;;Ja;PZ Denderleeuw/Haaltert;Neen;;;;;;;;;;;;;;;;;;;;;;;;;;;;;;;;;;;;;;;;Ja;niet gekend;0;0;0;0;0;0;0;niet gekend;0;0;8;0;De antwoorden van de PZ zijn gebaseerd op het aantal processen-verbaal;Neen;;;;;;;;;;;;;;;;;;;;;;;;;;;;;;;;;;;;;;;;;;;;;;;;;;;;;;;;;;;;;;;;;;;;;;;;;;;;;;;;
Dendermonde;46945;Ja;53;167;102;niet gekend;0;;0;;0;;Ja;3;0,6;0,1;1068;2;217;8;2;15;14;0;791;19;47;1;33;2;7;6;;10;4;6;5;0;8;0;9;1;0;11;0;2;0;;0;;0;;Neen;;;;;;;;;;;;;;;;;;;;;;;;;;;;;het aantal klasse 1/2 en 3 vergunningen en melding zijn een schatting, van de 1068 klachten zijn er 783 gerelateerd aan afval waarvan 776 zwerfvuil en 191 gerelateerd aan één bedrijf voor wat geur betreft, verschillende schendingen op vlak van milieuwetgeving kunnen deel uitmaken van één dossier,;Neen;;;;;;;;;;;;;;;;;;;;;;;;;;;;;;;;;;;;;;;;;;;;;;;;;;;;;;;;;;;;;;;;;;;;;;;;Ja;PZ Dendermonde;Neen;;;;;;;;;;;;;;;;;;;;;;;;;;;;;;;;;;;;;;;;Ja;niet gekend;4;30;9;17;5;0;2;13;niet gekend;0;20;3;aantal VTE bij politie niet gekend, Er zijn bij de PZ 0 verbalisanten RO in dienst, Er werden 20 aanvankelijke processen verbaal opgesteld door de politiediensten, Er werden 42 klachten ingediend bij de  gemeente, Indien hiervoor handhaving dient te gebeuren wordt de politie ingeschakeld in bijzijn van een gemeentelijk ambtenaar,;Neen;;;;;;;;;;;;;;;;;;;;;;;;;;;;;;;;;;;;;;;;;;;;;;;;;;;;;;;;;;;;;;;;;;;;;;;;;;;;;;;;
Dentergem;8630;niet gekend;niet gekend;niet gekend;niet gekend;niet gekend;niet gekend;niet gekend;niet gekend;niet gekend;niet gekend;niet gekend;niet gekend;niet gekend;niet gekend;niet gekend;niet gekend;niet gekend;niet gekend;niet gekend;niet gekend;niet gekend;niet gekend;niet gekend;niet gekend;niet gekend;niet gekend;niet gekend;niet gekend;niet gekend;niet gekend;niet gekend;niet gekend;niet gekend;niet gekend;niet gekend;niet gekend;niet gekend;niet gekend;niet gekend;niet gekend;niet gekend;niet gekend;niet gekend;niet gekend;niet gekend;niet gekend;niet gekend;niet gekend;niet gekend;niet gekend;niet gekend;niet gekend;niet gekend;niet gekend;niet gekend;niet gekend;niet gekend;niet gekend;niet gekend;niet gekend;niet gekend;niet gekend;niet gekend;niet gekend;niet gekend;niet gekend;niet gekend;niet gekend;niet gekend;niet gekend;niet gekend;niet gekend;niet gekend;niet gekend;niet gekend;niet gekend;niet gekend;niet gekend;niet gekend;niet gekend;;niet gekend;niet gekend;niet gekend;niet gekend;niet gekend;niet gekend;niet gekend;niet gekend;niet gekend;niet gekend;niet gekend;niet gekend;niet gekend;niet gekend;niet gekend;niet gekend;niet gekend;niet gekend;niet gekend;niet gekend;niet gekend;niet gekend;niet gekend;niet gekend;niet gekend;niet gekend;niet gekend;niet gekend;niet gekend;niet gekend;niet gekend;niet gekend;niet gekend;niet gekend;niet gekend;niet gekend;niet gekend;niet gekend;niet gekend;niet gekend;niet gekend;niet gekend;niet gekend;niet gekend;niet gekend;niet gekend;niet gekend;niet gekend;niet gekend;niet gekend;niet gekend;niet gekend;niet gekend;niet gekend;niet gekend;niet gekend;niet gekend;niet gekend;niet gekend;niet gekend;niet gekend;niet gekend;niet gekend;niet gekend;niet gekend;niet gekend;niet gekend;niet gekend;niet gekend;niet gekend;niet gekend;niet gekend;niet gekend;niet gekend;niet gekend;niet gekend;niet gekend;niet gekend;niet gekend;niet gekend;niet gekend;niet gekend;niet gekend;niet gekend;niet gekend;niet gekend;niet gekend;niet gekend;niet gekend;niet gekend;niet gekend;niet gekend;niet gekend;niet gekend;niet gekend;niet gekend;niet gekend;niet gekend;niet gekend;niet gekend;niet gekend;niet gekend;niet gekend;niet gekend;niet gekend;niet gekend;niet gekend;niet gekend;niet gekend;niet gekend;niet gekend;niet gekend;niet gekend;niet gekend;niet gekend;niet gekend;niet gekend;niet gekend;niet gekend;niet gekend;niet gekend;niet gekend;niet gekend;niet gekend;niet gekend;niet gekend;niet gekend;niet gekend;;niet gekend;niet gekend;niet gekend;niet gekend;niet gekend;niet gekend;niet gekend;niet gekend;niet gekend;niet gekend;niet gekend;niet gekend;niet gekend;niet gekend;niet gekend;niet gekend;niet gekend;niet gekend;niet gekend;niet gekend;niet gekend;niet gekend;niet gekend;niet gekend;niet gekend;niet gekend;niet gekend;niet gekend;niet gekend;niet gekend;niet gekend;niet gekend;niet gekend;niet gekend;niet gekend;niet gekend;niet gekend;niet gekend;niet gekend;niet gekend;niet gekend;niet gekend;niet gekend;niet gekend;niet gekend;niet gekend;niet gekend;niet gekend;niet gekend;niet gekend;niet gekend;niet gekend;niet gekend;niet gekend;niet gekend;niet gekend;niet gekend;niet gekend;niet gekend;niet gekend;niet gekend;niet gekend;niet gekend;niet gekend;niet gekend;niet gekend;niet gekend;niet gekend;niet gekend;niet gekend;niet gekend;;;;;;;;;;
Dessel;9811;Ja;niet gekend;niet gekend;niet gekend;niet gekend;0;;0;;0;;Ja;2;1,8;0,2;0;0;0;0;0;0;0;0;0;0;6;5;1;0;1;0;0;0;0;0;0;0;0;0;0;1;1;2;0;0;0;;0;;0;;Neen;;;;;;;;;;;;;;;;;;;;;;;;;;;;;;Ja;IOK;Neen;;;;;;;;;;;;;;;;;;;;;;;;;;;;;;;;;;;;;;;;Ja;0;3;2;0;1,5;1,6;0,1;0;0;0;0;0;0;0;0;0;0;0;0;0;0;;0;;0;0;0;0;;Neen;;;;;;;;;;;;;;;;;;;;;;;;;;;;;;;;;;;;;;;;;;;;;;;;;;;;;;;;;Neen;;;;;;;;;;;;;;;;;;;;;;;;;;;;;;;;;;;;;;;;;;;;;;;;;;;;;;;;;;;;;;;;;;;;;;;;;;;;;;;;
Destelbergen;19113;Ja;21;170;420;niet gekend;0;;0;;0;;Ja;2;0,1;0,1;12;0;3;2;0;3;4;0;1;0;22;0;11;0;1;0;14;0;0;1;0;0;14;0;11;0;6;17;0;11;0;;0;;0;;Neen;;;;;;;;;;;;;;;;;;;;;;;;;;;;;Het aantal processen-verbaal geeft mogelijk een vertekend beeld t,o,v, voorgaande jaren, In 2022 werd een kleine mpagne gevoerd rond illegale textielcontainers, Hiervoor werden 10 PV's opgemaakt,;Ja;VENECO;Ja;1;0,004;0;0;0;0;0;0;0;0;0;0;0;0;1;0;0;0;0;0;0;0;0;0;0;0;0;0;0;0;0;0;0;0;;0;;0;;Ja;2;0;0;0,4;0;0;0,004;1;82;30;36;9;5;2;32;3;23;0;13;3;0;;1;100%;0;1;0;0;Het aantal VTE ondersteuning en de verdeling tussen de rol als verbalisant en inspecteur zijn ruwe schattingen achteraf, De overige cijfers werden systematisch bijgehouden gedurende het jaar, Ze vormen een ondergrens: het is mogelijk dat het bijhouden een of enkele keren mislukt is,;Ja;PZ Rhode & Schelde;Neen;;;;;;;;;;;;;;;;;;;;;;;;;;;;;;;;;;;;;;;;Neen;;;;;;;;;;;;;;;Neen;;;;;;;;;;;;;;;;;;;;;;;;;;;;;;;;;;;;;;;;;;;;;;;;;;;;;;;;;;;;;;;;;;;;;;;;;;;;;;;;
Diepenbeek;19427;Ja;20;115;700;niet gekend;0;;0;;0;;Ja;1;0,1;0,1;20;1;0;2;0;0;1;0;16;0;20;5;15;0;0;0;5;0;0;0;0;0;0;0;5;0;20;5;0;0;0;;0;;0;;Ja;0;1;0;0;0,1;0;0,1;10;15;1;10;2;1;0;8;3;2;0;3;0;0;;0;;3;2;0;0;;Neen;;;;;;;;;;;;;;;;;;;;;;;;;;;;;;;;;;;;;;;;;;;;;;;;;;;;;;;;;;;;;;;;;;;;;;;;Neen;;;;;;;;;;;;;;;;;;;;;;;;;;;;;;;;;;;;;;;;;;;;;;;;;;;;;;;;;Neen;;;;;;;;;;;;;;;;;;;;;;;;;;;;;;;;;;;;;;;;;;;;;;;;;;;;;;;;;;;;;;;;;;;;;;;;;;;;;;;;
Diest;24706;Ja;195;528;1112;niet gekend;0;;0;;0;;Neen;;;;;;;;;;;;;;;;;;;;;;;;;;;;;;;;;;;;;;;;Neen;;;;;;;;;;;;;;;;;;;;;;;;;;;;;Er zijn enkel besluiten opgemaakt voor acuut gevaar (kappen van bomen), of bestuurlijke maatregelen in kader van openbare veiligheid (instorten gebouwen - 3) en gezondheid in de woning geweest,;Ja;Interleuven;Ja;2;0,2;0,1;0;627;37;0;74;364;4;1;72;80;10;niet gekend;15;4;6;3;65;31;1;0;0;3;0;0;18;12;niet gekend;niet gekend;niet gekend;36;0;;0;;0;;Neen;;;;;;;;;;;;;;;;;;;;;;;;;;;;;Voor R,O, is er een vature uitgeschreven geweest met intergemeentelijk samenwerkingsverband (deel D) maar is er 0 gepaste kandidaat gevonden, Een van de milieu-ambtenaren zal in 2023 de opleiding tot milieutoezichthouder starten, Via de gemeente zijn er in 2022 negen klachten geweest,;Ja;PZ Demerdal DSZ;Neen;;;;;;;;;;;;;;;;;;;;;;;;;;;;;;;;;;;;;;;;Ja;niet gekend;15;19;1;14;4;0;0;0;niet gekend;0;5;1;Hoeveel VTE er besteed werden aan administratieve/juridische ondersteuning door niet toezichthouders worden niet bijgehouden, Soms gaan politieagenten mee met Interleuven en de ambtenaar, werken PVs af,,,,;Neen;;;;;;;;;;;;;;;;;;;;;;;;;;;;;;;;;;;;;;;;;;;;;;;;;;;;;;;;;;;;;;;;;;;;;;;;;;;;;;;;
Diksmuide;17183;Ja;niet gekend;niet gekend;niet gekend;tussen 11 en 50;1;100%;0;;0;;Ja;1;0,1;0;133;0;129;2;0;2;0;1;2;0;niet gekend;niet gekend;niet gekend;0;niet gekend;niet gekend;niet gekend;niet gekend;niet gekend;niet gekend;niet gekend;niet gekend;niet gekend;niet gekend;niet gekend;niet gekend;2;niet gekend;niet gekend;niet gekend;niet gekend;niet gekend;niet gekend;niet gekend;niet gekend;niet gekend;Neen;;;;;;;;;;;;;;;;;;;;;;;;;;;;;Ik beschik niet over de gegevens van mijn voorloper, Sinds september 0 handhaving door Stad Diksmuide (enkel intergemeentelijk), ;Ja;WVI;Ja;1;0,01;0;11;0;3;0;4;0;1;0;3;0;17;2;11;4;0;0;11;0;3;0;4;0;1;0;3;0;2;9;0;0;0;;0;;0;;Ja;1;0;0;0,29;0;0;0,05;38;41;15;20;6;0;0;13;3;9;0;4;4;0;;0;;0;0;0;0;;Neen;;;;;;;;;;;;;;;;;;;;;;;;;;;;;;;;;;;;;;;;;;;;;;;;;;;;;;;;;Neen;;;;;;;;;;;;;;;;;;;;;;;;;;;;;;;;;;;;;;;;;;;;;;;;;;;;;;;;;;;;;;;;;;;;;;;;;;;;;;;;
Dilbeek;44696;Ja;36;135;1331;tussen 51 en 100;0;;0;;0;;Ja;2;0,5;0;niet gekend;niet gekend;niet gekend;niet gekend;niet gekend;niet gekend;niet gekend;niet gekend;niet gekend;niet gekend;5;4;5;4;1;2;5;0;0;1;1;0;4;0;1;0;4;1;0;0;0;;0;;0;;Ja;3;0;0;1;0;0;0;niet gekend;niet gekend;niet gekend;niet gekend;niet gekend;niet gekend;niet gekend;niet gekend;niet gekend;niet gekend;0;22;3;0;;0;;0;0;0;0;Sinds 20 december 2022 beschikt de gemeente over een goedgekeurd handhavingsplan, Sinds september 2022 is de gemeente een samenwerking aangegaan met Haviland voor handhaving ruimtelijke ordening,;Ja;Haviland;Ja;2;niet gekend;niet gekend;10;0;2;2;0;0;1;0;5;0;10;9;10;9;0;0;10;0;2;2;0;0;1;0;5;0;0;5;1;0;0;;0;;0;;Ja;2;0;0;niet gekend;niet gekend;niet gekend;niet gekend;niet gekend;1;0;1;0;0;0;1;0;0;0;1;0;0;;0;;0;0;0;0;;Neen;;;;;;;;;;;;;;;;;;;;;;;;;;;;;;;;;;;;;;;;;;;;;;;;;;;;;;;;;Neen;;;;;;;;;;;;;;;;;;;;;;;;;;;;;;;;;;;;;;;;;;;;;;;;;;;;;;;;;;;;;;;;;;;;;;;;;;;;;;;;
Dilsen-Stokkem;21309;Ja;55;118;525;niet gekend;0;;0;;0;;Ja;1;0,1;0,1;59;0;33;6;1;9;5;1;3;0;29;0;21;2;8;2;13;0;0;6;0;3;3;0;1;0;6;13;0;1;0;;0;;0;;Ja;0;0;1;0;0;0,1;0,1;22;16;2;14;2;0;0;4;5;4;1;0;0;0;;0;;0;1;0;0;;Neen;;;;;;;;;;;;;;;;;;;;;;;;;;;;;;;;;;;;;;;;;;;;;;;;;;;;;;;;;;;;;;;;;;;;;;;;Neen;;;;;;;;;;;;;;;;;;;;;;;;;;;;;;;;;;;;;;;;;;;;;;;;;;;;;;;;;Neen;;;;;;;;;;;;;;;;;;;;;;;;;;;;;;;;;;;;;;;;;;;;;;;;;;;;;;;;;;;;;;;;;;;;;;;;;;;;;;;;
Drogenbos;5850;Ja;8;27;41;niet gekend;0;;0;;0;;Neen;;;;;;;;;;;;;;;;;;;;;;;;;;;;;;;;;;;;;;;;Ja;0;1;0;0;0,1;0;0,1;4;4;0;3;0;0;0;0;0;10;0;3;2;0;;0;;0;0;0;0;;Neen;;;;;;;;;;;;;;;;;;;;;;;;;;;;;;;;;;;;;;;;;;;;;;;;;;;;;;;;;;;;;;;;;;;;;;;;Ja;PZ Sint-Genesius Rode;Ja;1;0,01;0,01;niet gekend;1;1;0;0;0;0;0;0;0;2;1;1;1;1;1;0;0;0;0;0;0;0;0;0;0;0;0;0;0;0;;0;;0;;Ja;0,01;2;2;0;2;0;0;0;2;0;0;0;0;De politie kon voor 2022 slechts een half jaar beroep doen op een toezichthouder milieu, daar commissaris Speltens met pensioen ging, De taken van milieutoezichthouder worden in 2023 overgenomen door de heer Koen Peeters die is aangesteld als lokaal toezichthouder binnen de gemeente, ;Neen;;;;;;;;;;;;;;;;;;;;;;;;;;;;;;;;;;;;;;;;;;;;;;;;;;;;;;;;;;;;;;;;;;;;;;;;;;;;;;;;
Duffel;17998;Ja;niet gekend;niet gekend;niet gekend;niet gekend;0;;0;;0;;Ja;1;0,01;0;11;0;3;1;1;2;1;2;1;3;6;0;6;0;0;0;2;0;0;0;1;0;1;0;0;0;5;0;0;0;0;;0;;0;;Ja;2;0;0;0,2;0;0;0,2;15;10;2;6;2;0;0;8;4;niet gekend;niet gekend;niet gekend;niet gekend;niet gekend;niet gekend;niet gekend;niet gekend;niet gekend;1;1;0;Raadgevingen en voorbereiding van de handhavingsdossiers vertrekken vanuit de gemeente, De andere taken worden bijna steeds opgenomen door de Intercommunale, ;Ja;IGEMO;Neen;;;;;;;;;;;;;;;;;;;;;;;;;;;;;;;;;;;;;;;;Ja;2;4;0;niet gekend;niet gekend;niet gekend;niet gekend;14;39;26;10;3;0;niet gekend;10;0;23;0;11;0;0;;0;;0;0;1;0;;Neen;;;;;;;;;;;;;;;;;;;;;;;;;;;;;;;;;;;;;;;;;;;;;;;;;;;;;;;;;Neen;;;;;;;;;;;;;;;;;;;;;;;;;;;;;;;;;;;;;;;;;;;;;;;;;;;;;;;;;;;;;;;;;;;;;;;;;;;;;;;;
Edegem;22765;Ja;18;51;150;tussen 1 en 10;0;;0;;0;;Neen;;;;;;;;;;;;;;;;;;;;;;;;;;;;;;;;;;;;;;;;Neen;;;;;;;;;;;;;;;;;;;;;;;;;;;;;Intergemeentelijke handhaving georganiseerd door intercommunale IGEAN,;Ja;IGEAN;Ja;4;1;1;4;0;0;0;0;1;0;0;3;0;2;0;2;0;0;0;2;0;0;0;0;0;0;0;2;0;0;0;0;2;0;;0;;0;;Ja;3;2;1;0;2;1;0,5;50;30;10;20;10;0;0;20;0;3;10;10;0;0;;3;100%;0;0;0;0;;Neen;;;;;;;;;;;;;;;;;;;;;;;;;;;;;;;;;;;;;;;;;;;;;;;;;;;;;;;;;Neen;;;;;;;;;;;;;;;;;;;;;;;;;;;;;;;;;;;;;;;;;;;;;;;;;;;;;;;;;;;;;;;;;;;;;;;;;;;;;;;;
Eeklo;22256;Ja;niet gekend;niet gekend;niet gekend;niet gekend;0;;0;;0;;Ja;1;0,1;0;niet gekend;niet gekend;niet gekend;niet gekend;niet gekend;niet gekend;niet gekend;niet gekend;niet gekend;niet gekend;niet gekend;niet gekend;niet gekend;niet gekend;niet gekend;niet gekend;niet gekend;niet gekend;niet gekend;niet gekend;niet gekend;niet gekend;niet gekend;niet gekend;niet gekend;niet gekend;niet gekend;niet gekend;niet gekend;niet gekend;niet gekend;niet gekend;niet gekend;niet gekend;niet gekend;niet gekend;Ja;0;1;0;0;0,8;0;0;23;17;0;0;0;17;0;0;2;17;0;8;4;0;;0;;0;0;0;0;;Neen;;;;;;;;;;;;;;;;;;;;;;;;;;;;;;;;;;;;;;;;;;;;;;;;;;;;;;;;;;;;;;;;;;;;;;;;Ja;PZ Meetjesland;Neen;;;;;;;;;;;;;;;;;;;;;;;;;;;;;;;;;;;;;;;;Ja;0;0;0;0;0;0;0;0;0;0;0;0;0;;Neen;;;;;;;;;;;;;;;;;;;;;;;;;;;;;;;;;;;;;;;;;;;;;;;;;;;;;;;;;;;;;;;;;;;;;;;;;;;;;;;;
Erpe-Mere;20836;Ja;niet gekend;niet gekend;niet gekend;niet gekend;niet gekend;niet gekend;niet gekend;niet gekend;niet gekend;niet gekend;Ja;1;niet gekend;niet gekend;;niet gekend;niet gekend;niet gekend;niet gekend;niet gekend;niet gekend;niet gekend;niet gekend;niet gekend;niet gekend;niet gekend;niet gekend;niet gekend;niet gekend;niet gekend;;niet gekend;niet gekend;niet gekend;niet gekend;niet gekend;niet gekend;niet gekend;niet gekend;niet gekend;niet gekend;niet gekend;niet gekend;niet gekend;niet gekend;niet gekend;niet gekend;niet gekend;niet gekend;niet gekend;Neen;;;;;;;;;;;;;;;;;;;;;;;;;;;;;;Ja;SOLVA;Ja;1;0,03;0,02;12;0;0;1;1;0;3;0;6;1;16;3;11;1;1;3;12;0;0;1;1;0;3;0;6;1;3;7;0;0;0;;0;;0;;Ja;1;0;0;0,07;0;0;0,03;9;17;7;8;2;2;5;19;3;6;0;0;0;0;;0;;0;0;0;0;;Ja;PZ Erpe-Mere/Lede;Neen;;;;;;;;;;;;;;;;;;;;;;;;;;;;;;;;;;;;;;;;Ja;0,001;1;3;2;1;1;0;0;0;0;0;1;1;;Neen;;;;;;;;;;;;;;;;;;;;;;;;;;;;;;;;;;;;;;;;;;;;;;;;;;;;;;;;;;;;;;;;;;;;;;;;;;;;;;;;
Essen;19638;niet gekend;niet gekend;niet gekend;niet gekend;niet gekend;niet gekend;niet gekend;niet gekend;niet gekend;niet gekend;niet gekend;niet gekend;niet gekend;niet gekend;niet gekend;niet gekend;niet gekend;niet gekend;niet gekend;niet gekend;niet gekend;niet gekend;niet gekend;niet gekend;niet gekend;niet gekend;niet gekend;niet gekend;niet gekend;niet gekend;niet gekend;niet gekend;niet gekend;niet gekend;niet gekend;niet gekend;niet gekend;niet gekend;niet gekend;niet gekend;niet gekend;niet gekend;niet gekend;niet gekend;niet gekend;niet gekend;niet gekend;niet gekend;niet gekend;niet gekend;niet gekend;Ja;0;0;1;0;0;0,2;niet gekend;10;17;2;10;5;5;3;15;4;10;0;4;0;0;;0;;0;0;0;0;;niet gekend;niet gekend;niet gekend;niet gekend;niet gekend;niet gekend;niet gekend;niet gekend;niet gekend;niet gekend;niet gekend;niet gekend;niet gekend;niet gekend;niet gekend;niet gekend;niet gekend;niet gekend;niet gekend;niet gekend;niet gekend;niet gekend;niet gekend;niet gekend;niet gekend;niet gekend;niet gekend;niet gekend;niet gekend;niet gekend;niet gekend;niet gekend;niet gekend;niet gekend;niet gekend;niet gekend;niet gekend;niet gekend;niet gekend;niet gekend;niet gekend;niet gekend;niet gekend;niet gekend;niet gekend;niet gekend;niet gekend;niet gekend;niet gekend;niet gekend;niet gekend;niet gekend;niet gekend;niet gekend;niet gekend;niet gekend;niet gekend;niet gekend;niet gekend;niet gekend;niet gekend;niet gekend;niet gekend;niet gekend;niet gekend;niet gekend;niet gekend;niet gekend;niet gekend;niet gekend;niet gekend;niet gekend;niet gekend;niet gekend;niet gekend;niet gekend;niet gekend;niet gekend;niet gekend;niet gekend;niet gekend;niet gekend;niet gekend;niet gekend;niet gekend;niet gekend;niet gekend;niet gekend;niet gekend;niet gekend;niet gekend;niet gekend;niet gekend;niet gekend;niet gekend;niet gekend;niet gekend;niet gekend;niet gekend;niet gekend;niet gekend;niet gekend;niet gekend;niet gekend;niet gekend;niet gekend;niet gekend;niet gekend;niet gekend;niet gekend;niet gekend;niet gekend;niet gekend;niet gekend;niet gekend;niet gekend;niet gekend;niet gekend;niet gekend;niet gekend;niet gekend;niet gekend;niet gekend;niet gekend;niet gekend;niet gekend;niet gekend;niet gekend;;niet gekend;niet gekend;niet gekend;niet gekend;niet gekend;niet gekend;niet gekend;niet gekend;niet gekend;niet gekend;niet gekend;niet gekend;niet gekend;niet gekend;niet gekend;niet gekend;niet gekend;niet gekend;niet gekend;niet gekend;niet gekend;niet gekend;niet gekend;niet gekend;niet gekend;niet gekend;niet gekend;niet gekend;niet gekend;niet gekend;niet gekend;niet gekend;niet gekend;niet gekend;niet gekend;niet gekend;niet gekend;niet gekend;niet gekend;niet gekend;niet gekend;niet gekend;niet gekend;niet gekend;niet gekend;niet gekend;niet gekend;niet gekend;niet gekend;niet gekend;niet gekend;niet gekend;niet gekend;niet gekend;niet gekend;niet gekend;niet gekend;niet gekend;niet gekend;niet gekend;niet gekend;niet gekend;niet gekend;niet gekend;niet gekend;niet gekend;niet gekend;niet gekend;niet gekend;niet gekend;niet gekend;;;;;;;;;;
Evergem;36561;Neen;niet gekend;niet gekend;niet gekend;niet gekend;2;100%;0;;niet gekend;niet gekend;Ja;1;niet gekend;niet gekend;12;0;1;1;2;1;6;1;0;0;6;1;6;0;0;0;14;niet gekend;1;1;2;1;6;1;0;0;1;10;0;0;0;;0;;0;;niet gekend;niet gekend;niet gekend;niet gekend;niet gekend;niet gekend;niet gekend;niet gekend;niet gekend;niet gekend;niet gekend;niet gekend;niet gekend;niet gekend;niet gekend;niet gekend;niet gekend;niet gekend;niet gekend;niet gekend;niet gekend;niet gekend;niet gekend;niet gekend;niet gekend;niet gekend;niet gekend;niet gekend;niet gekend;;niet gekend;niet gekend;niet gekend;niet gekend;niet gekend;niet gekend;niet gekend;niet gekend;niet gekend;niet gekend;niet gekend;niet gekend;niet gekend;niet gekend;niet gekend;niet gekend;niet gekend;niet gekend;niet gekend;niet gekend;niet gekend;niet gekend;niet gekend;niet gekend;niet gekend;niet gekend;niet gekend;niet gekend;niet gekend;niet gekend;niet gekend;niet gekend;niet gekend;niet gekend;niet gekend;niet gekend;niet gekend;niet gekend;niet gekend;niet gekend;niet gekend;niet gekend;niet gekend;niet gekend;niet gekend;niet gekend;niet gekend;niet gekend;niet gekend;niet gekend;niet gekend;niet gekend;niet gekend;niet gekend;niet gekend;niet gekend;niet gekend;niet gekend;niet gekend;niet gekend;niet gekend;niet gekend;niet gekend;niet gekend;niet gekend;niet gekend;niet gekend;niet gekend;niet gekend;niet gekend;niet gekend;;niet gekend;niet gekend;niet gekend;niet gekend;niet gekend;niet gekend;niet gekend;niet gekend;niet gekend;niet gekend;niet gekend;niet gekend;niet gekend;niet gekend;niet gekend;niet gekend;niet gekend;niet gekend;niet gekend;niet gekend;niet gekend;niet gekend;niet gekend;niet gekend;niet gekend;niet gekend;niet gekend;niet gekend;niet gekend;niet gekend;niet gekend;niet gekend;niet gekend;niet gekend;niet gekend;niet gekend;niet gekend;niet gekend;niet gekend;niet gekend;niet gekend;niet gekend;niet gekend;niet gekend;niet gekend;niet gekend;niet gekend;niet gekend;niet gekend;niet gekend;niet gekend;niet gekend;niet gekend;niet gekend;niet gekend;niet gekend;;niet gekend;;;;;;;;;;;;;;;;;;;;;;;;;;;;;;;;;;;;;;;;;;;;;;;;;;;;;;;;;;;;;;;;;;;;;;;;;;;;;;;;
Galmaarden;8928;non-respons;non-respons;non-respons;non-respons;non-respons;non-respons;non-respons;non-respons;non-respons;non-respons;non-respons;non-respons;non-respons;non-respons;non-respons;non-respons;non-respons;non-respons;non-respons;non-respons;non-respons;non-respons;non-respons;non-respons;non-respons;non-respons;non-respons;non-respons;non-respons;non-respons;non-respons;non-respons;non-respons;non-respons;non-respons;non-respons;non-respons;non-respons;non-respons;non-respons;non-respons;non-respons;non-respons;non-respons;non-respons;non-respons;non-respons;non-respons;non-respons;non-respons;non-respons;non-respons;non-respons;non-respons;non-respons;non-respons;non-respons;non-respons;non-respons;non-respons;non-respons;non-respons;non-respons;non-respons;non-respons;non-respons;non-respons;non-respons;non-respons;non-respons;non-respons;non-respons;non-respons;non-respons;non-respons;non-respons;non-respons;non-respons;non-respons;non-respons;non-respons;non-respons;non-respons;non-respons;non-respons;non-respons;non-respons;non-respons;non-respons;non-respons;non-respons;non-respons;non-respons;non-respons;non-respons;non-respons;non-respons;non-respons;non-respons;non-respons;non-respons;non-respons;non-respons;non-respons;non-respons;non-respons;non-respons;non-respons;non-respons;non-respons;non-respons;non-respons;non-respons;non-respons;non-respons;non-respons;non-respons;non-respons;non-respons;non-respons;non-respons;non-respons;non-respons;non-respons;non-respons;non-respons;non-respons;non-respons;non-respons;non-respons;non-respons;non-respons;non-respons;non-respons;non-respons;non-respons;non-respons;non-respons;non-respons;non-respons;non-respons;non-respons;non-respons;non-respons;non-respons;non-respons;non-respons;non-respons;non-respons;non-respons;non-respons;non-respons;non-respons;non-respons;non-respons;non-respons;non-respons;non-respons;non-respons;non-respons;non-respons;non-respons;non-respons;non-respons;non-respons;non-respons;non-respons;non-respons;non-respons;non-respons;non-respons;non-respons;non-respons;non-respons;non-respons;non-respons;non-respons;non-respons;non-respons;non-respons;non-respons;non-respons;non-respons;non-respons;non-respons;non-respons;non-respons;non-respons;non-respons;non-respons;non-respons;non-respons;non-respons;non-respons;non-respons;non-respons;non-respons;non-respons;non-respons;non-respons;non-respons;non-respons;non-respons;non-respons;non-respons;non-respons;non-respons;non-respons;non-respons;non-respons;non-respons;non-respons;;;;;;;;;;;;;;;;;;;;;;;;;;;;;;;;;;;;;;;;;;;;;;;;;;;;;;;;;;;;;;;;;;;;;;;;;;;;;;;
Gavere;13213;Ja;7;47;170;niet gekend;0;;0;;0;;Ja;1;0,1;0,1;7;0;0;0;3;1;0;1;2;0;6;1;1;0;0;0;0;0;0;0;0;0;0;0;0;0;0;0;0;0;0;;niet gekend;niet gekend;0;;Neen;;;;;;;;;;;;;;;;;;;;;;;;;;;;;;Ja;VENECO;Ja;1;0;0;0;0;0;0;0;0;0;0;0;0;0;0;0;0;0;0;0;0;0;0;0;0;0;0;0;0;0;0;0;0;0;;0;;0;;Ja;2;0;0;0,01;0;0,01;0,001;0;0;0;0;0;0;0;0;0;0;0;0;0;0;;0;;0;0;0;0;Het aantal VTE ondersteuning en de verdeling tussen de rol als verbalisant en inspecteur zijn ruwe schattingen achteraf, De overige cijfers werden systematisch bijgehouden gedurende het jaar, Ze vormen een ondergrens: het is mogelijk dat het bijhouden een of enkele keren mislukt is,;Neen;;;;;;;;;;;;;;;;;;;;;;;;;;;;;;;;;;;;;;;;;;;;;;;;;;;;;;;;;Neen;;;;;;;;;;;;;;;;;;;;;;;;;;;;;;;;;;;;;;;;;;;;;;;;;;;;;;;;;;;;;;;;;;;;;;;;;;;;;;;;
Geel;41838;Ja;100;400;1500;meer dan 100;0;;0;;0;;Ja;1;0,1;;28;18;4;11;2;8;1;3;2;1;12;;7;5;0;0;7;12;4;8;1;1;10;0;1;0;1;12;0;1;1;0%;0;;0;;Ja;0;1;0;0;1;0;0;144;70;0;61;0;9;0;29;0;29;0;0;0;0;;0;;1;0;0;0;;Ja;IOK;Ja;2;1,8;0,2;niet gekend;niet gekend;niet gekend;niet gekend;niet gekend;niet gekend;niet gekend;niet gekend;niet gekend;niet gekend;11;8;3;0;0;0;2;0;0;0;0;0;1;1;0;0;niet gekend;4;niet gekend;niet gekend;niet gekend;niet gekend;niet gekend;niet gekend;niet gekend;niet gekend;Ja;niet gekend;3;2;niet gekend;1,5;1,6;0,1;niet gekend;1;0;1;0;0;0;niet gekend;niet gekend;niet gekend;niet gekend;niet gekend;niet gekend;niet gekend;niet gekend;niet gekend;niet gekend;niet gekend;niet gekend;niet gekend;niet gekend;;Ja;PZ Geel-Laakdal-Meerhout;Neen;;;;;;;;;;;;;;;;;;;;;;;;;;;;;;;;;;;;;;;;Neen;;;;;;;;;;;;;;;niet gekend;niet gekend;niet gekend;niet gekend;niet gekend;niet gekend;niet gekend;niet gekend;niet gekend;niet gekend;niet gekend;niet gekend;niet gekend;niet gekend;niet gekend;niet gekend;niet gekend;niet gekend;niet gekend;niet gekend;niet gekend;niet gekend;niet gekend;niet gekend;niet gekend;niet gekend;niet gekend;niet gekend;niet gekend;niet gekend;niet gekend;niet gekend;niet gekend;niet gekend;niet gekend;niet gekend;niet gekend;niet gekend;niet gekend;niet gekend;niet gekend;niet gekend;niet gekend;niet gekend;niet gekend;niet gekend;niet gekend;niet gekend;niet gekend;niet gekend;niet gekend;niet gekend;niet gekend;niet gekend;niet gekend;niet gekend;niet gekend;niet gekend;niet gekend;niet gekend;niet gekend;niet gekend;niet gekend;niet gekend;niet gekend;niet gekend;niet gekend;niet gekend;niet gekend;niet gekend;niet gekend;;;;;;;;;;
Geetbets;6262;Ja;niet gekend;niet gekend;niet gekend;niet gekend;0;;0;;0;;Neen;;;;;;;;;;;;;;;;;;;;;;;;;;;;;;;;;;;;;;;;Neen;;;;;;;;;;;;;;;;;;;;;;;;;;;;;;Ja;Interleuven;Ja;2;0,1;0,1;15;0;1;1;3;1;2;3;4;0;33;1;12;8;7;5;16;0;0;1;4;0;1;1;9;0;0;16;0;4;0;;0;;0;;Ja;0;2;0;0,1;0,1;0,1;0,1;18;17;3;11;3;1;0;8;1;9;0;3;1;0;;0;;0;0;0;0;;Neen;;;;;;;;;;;;;;;;;;;;;;;;;;;;;;;;;;;;;;;;;;;;;;;;;;;;;;;;;Neen;;;;;;;;;;;;;;;;;;;;;;;;;;;;;;;;;;;;;;;;;;;;;;;;;;;;;;;;;;;;;;;;;;;;;;;;;;;;;;;;
Genk;67608;Ja;niet gekend;niet gekend;niet gekend;niet gekend;0;;0;;0;;Ja;2;0,8;0;79;0;18;0;3;39;7;0;5;0;54;0;33;21;0;0;14;0;1;0;3;4;4;0;2;0;0;19;0;1;0;;0;;0;;Ja;0;2;0;0;2;0;0,5;60;987;niet gekend;60;0;2;0;93;9;81;1;19;10;0;;5;80%;0;7;0;0;De verbalisanten RO werken voor Genk maar worden ook als backup sporadisch ingezet voor de Intergemeentelijke samenwerking handhaving ruimte Midden-Limburg;Ja;Intergemeentelijke samenwerking handhaving ruimte Midden-Limburg;Neen;;;;;;;;;;;;;;;;;;;;;;;;;;;;;;;;;;;;;;;;Ja;0;0;0;0;0;0;0,5;0;0;0;0;0;0;0;0;0;0;0;0;0;0;;0;;0;0;0;0;zie hoger deel RO Genk - Genk is trekkersgemeente van de Intergemeentelijke Samenwerking maar heeft sinds jaar en dag een eigen handhavingscel RO;Neen;;;;;;;;;;;;;;;;;;;;;;;;;;;;;;;;;;;;;;;;;;;;;;;;;;;;;;;;;Neen;;;;;;;;;;;;;;;;;;;;;;;;;;;;;;;;;;;;;;;;;;;;;;;;;;;;;;;;;;;;;;;;;;;;;;;;;;;;;;;;
Gent;268564;Ja;344;995;3434;meer dan 100;0;;0;;0;;Ja;8;5,8;2;877;0;116;44;3;359;15;0;256;84;588;niet gekend;386;niet gekend;202;niet gekend;niet gekend;niet gekend;niet gekend;niet gekend;niet gekend;niet gekend;niet gekend;niet gekend;niet gekend;niet gekend;42;348;0;82;3;100%;3;33%;5;20%;Ja;0;10;3;0;6,65;1;5;1864;2035;niet gekend;niet gekend;niet gekend;niet gekend;niet gekend;niet gekend;5;532;0;58;1;0;;2;100%;2;10;0;0;;Neen;;;;;;;;;;;;;;;;;;;;;;;;;;;;;;;;;;;;;;;;;;;;;;;;;;;;;;;;;;;;;;;;;;;;;;;;Neen;;;;;;;;;;;;;;;;;;;;;;;;;;;;;;;;;;;;;;;;;;;;;;;;;;;;;;;;;Neen;;;;;;;;;;;;;;;;;;;;;;;;;;;;;;;;;;;;;;;;;;;;;;;;;;;;;;;;;;;;;;;;;;;;;;;;;;;;;;;;
Geraardsbergen;34745;Ja;34;175;645;meer dan 100;0;;0;;0;;Ja;1;niet gekend;niet gekend;11;0;0;3;2;1;0;0;5;0;7;1;6;0;0;0;5;0;0;1;1;0;0;0;3;0;2;3;0;2;0;;0;;0;;Ja;1;1;0;niet gekend;niet gekend;niet gekend;niet gekend;49;24;1;23;1;0;0;16;3;13;0;0;0;0;;0;;0;0;0;0;;Neen;;;;;;;;;;;;;;;;;;;;;;;;;;;;;;;;;;;;;;;;;;;;;;;;;;;;;;;;;;;;;;;;;;;;;;;;Ja;PZ Geraardsbergen/Lierde;Neen;;;;;;;;;;;;;;;;;;;;;;;;;;;;;;;;;;;;;;;;Ja;niet gekend;2;2;0;2;0;0;0;2;0;0;2;0;;Neen;;;;;;;;;;;;;;;;;;;;;;;;;;;;;;;;;;;;;;;;;;;;;;;;;;;;;;;;;;;;;;;;;;;;;;;;;;;;;;;;
Gingelom;8668;Ja;8;68;313;niet gekend;0;;0;;0;;Neen;;;;;;;;;;;;;;;;;;;;;;;;;;;;;;;;;;;;;;;;Neen;;;;;;;;;;;;;;;;;;;;;;;;;;;;;;Neen;;;;;;;;;;;;;;;;;;;;;;;;;;;;;;;;;;;;;;;;;;;;;;;;;;;;;;;;;;;;;;;;;;;;;;;;Ja;PZ Sint-Truiden - Gingelom - Nieuwerkerken;Neen;;;;;;;;;;;;;;;;;;;;;;;;;;;;;;;;;;;;;;;;Neen;;;;;;;;;;;;;;;Neen;;;;;;;;;;;;;;;;;;;;;;;;;;;;;;;;;;;;;;;;;;;;;;;;;;;;;;;;;;;;;;;;;;;;;;;;;;;;;;;;
Gistel;12262;Ja;77;260;425;niet gekend;niet gekend;niet gekend;niet gekend;niet gekend;niet gekend;niet gekend;Neen;;;;;;;;;;;;;;;;;;;;;;;;;;;;;;;;;;;;;;;;Ja;1;0;0;0;0;0;0;5;2;0;3;0;0;0;0;10;3;1;1;1;0;;0;;1;0;1;0;;Neen;;;;;;;;;;;;;;;;;;;;;;;;;;;;;;;;;;;;;;;;;;;;;;;;;;;;;;;;;;;;;;;;;;;;;;;;Neen;;;;;;;;;;;;;;;;;;;;;;;;;;;;;;;;;;;;;;;;;;;;;;;;;;;;;;;;;Neen;;;;;;;;;;;;;;;;;;;;;;;;;;;;;;;;;;;;;;;;;;;;;;;;;;;;;;;;;;;;;;;;;;;;;;;;;;;;;;;;
Glabbeek;5425;non-respons;non-respons;non-respons;non-respons;non-respons;non-respons;non-respons;non-respons;non-respons;non-respons;non-respons;non-respons;non-respons;non-respons;non-respons;non-respons;non-respons;non-respons;non-respons;non-respons;non-respons;non-respons;non-respons;non-respons;non-respons;non-respons;non-respons;non-respons;non-respons;non-respons;non-respons;non-respons;non-respons;non-respons;non-respons;non-respons;non-respons;non-respons;non-respons;non-respons;non-respons;non-respons;non-respons;non-respons;non-respons;non-respons;non-respons;non-respons;non-respons;non-respons;non-respons;non-respons;non-respons;non-respons;non-respons;non-respons;non-respons;non-respons;non-respons;non-respons;non-respons;non-respons;non-respons;non-respons;non-respons;non-respons;non-respons;non-respons;non-respons;non-respons;non-respons;non-respons;non-respons;non-respons;non-respons;non-respons;non-respons;non-respons;non-respons;non-respons;non-respons;non-respons;non-respons;non-respons;non-respons;non-respons;non-respons;non-respons;non-respons;non-respons;non-respons;non-respons;non-respons;non-respons;non-respons;non-respons;non-respons;non-respons;non-respons;non-respons;non-respons;non-respons;non-respons;non-respons;non-respons;non-respons;non-respons;non-respons;non-respons;non-respons;non-respons;non-respons;non-respons;non-respons;non-respons;non-respons;non-respons;non-respons;non-respons;non-respons;non-respons;non-respons;non-respons;non-respons;non-respons;non-respons;non-respons;non-respons;non-respons;non-respons;non-respons;non-respons;non-respons;non-respons;non-respons;non-respons;non-respons;non-respons;non-respons;non-respons;non-respons;non-respons;non-respons;non-respons;non-respons;non-respons;non-respons;non-respons;non-respons;non-respons;non-respons;non-respons;non-respons;non-respons;non-respons;non-respons;non-respons;non-respons;non-respons;non-respons;non-respons;non-respons;non-respons;non-respons;non-respons;non-respons;non-respons;non-respons;non-respons;non-respons;non-respons;non-respons;non-respons;non-respons;non-respons;non-respons;non-respons;non-respons;non-respons;non-respons;non-respons;non-respons;non-respons;non-respons;non-respons;non-respons;non-respons;non-respons;non-respons;non-respons;non-respons;non-respons;non-respons;non-respons;non-respons;non-respons;non-respons;non-respons;non-respons;non-respons;non-respons;non-respons;non-respons;non-respons;non-respons;non-respons;non-respons;non-respons;non-respons;non-respons;non-respons;non-respons;non-respons;non-respons;non-respons;non-respons;non-respons;non-respons;non-respons;non-respons;non-respons;non-respons;non-respons;non-respons;non-respons;non-respons;non-respons;non-respons;non-respons;non-respons;non-respons;non-respons;non-respons;non-respons;non-respons;non-respons;non-respons;non-respons;non-respons;non-respons;non-respons;non-respons;non-respons;non-respons;non-respons;non-respons;non-respons;non-respons;non-respons;non-respons;non-respons;non-respons;non-respons;non-respons;non-respons;non-respons;non-respons;non-respons;non-respons;non-respons;non-respons;non-respons;non-respons;non-respons;non-respons;non-respons;non-respons;non-respons;non-respons;non-respons;non-respons;non-respons;non-respons;non-respons;non-respons;non-respons;non-respons;non-respons;non-respons;non-respons;non-respons;;;;;;;;;;
Gooik;9432;Ja;18;160;855;niet gekend;0;;0;0;0;0;Ja;1;0,03;0;7;0;0;3;0;2;1;0;1;0;11;2;7;5;2;2;7;0;0;3;0;2;1;0;1;0;0;0;0;2;0;;0;;0;;Neen;;;;;;;;;;;;;;;;;;;;;;;;;;;;;;Ja;Haviland;Neen;;;;;;;;;;;;;;;;;;;;;;;;;;;;;;;;;;;;;;;;Ja;0;2;0;0;0,02;0;0;7;7;0;7;0;0;0;2;0;1;1;1;0;0;;0;;0;0;0;0;;niet gekend;niet gekend;niet gekend;niet gekend;niet gekend;niet gekend;niet gekend;niet gekend;niet gekend;niet gekend;niet gekend;niet gekend;niet gekend;niet gekend;niet gekend;niet gekend;niet gekend;niet gekend;niet gekend;niet gekend;niet gekend;niet gekend;niet gekend;niet gekend;niet gekend;niet gekend;niet gekend;niet gekend;niet gekend;niet gekend;niet gekend;niet gekend;niet gekend;niet gekend;niet gekend;niet gekend;niet gekend;niet gekend;niet gekend;niet gekend;niet gekend;niet gekend;niet gekend;niet gekend;niet gekend;niet gekend;niet gekend;niet gekend;niet gekend;niet gekend;niet gekend;niet gekend;niet gekend;niet gekend;niet gekend;niet gekend;;niet gekend;niet gekend;niet gekend;niet gekend;niet gekend;niet gekend;niet gekend;niet gekend;niet gekend;niet gekend;niet gekend;niet gekend;niet gekend;niet gekend;niet gekend;niet gekend;niet gekend;niet gekend;niet gekend;niet gekend;niet gekend;niet gekend;niet gekend;niet gekend;niet gekend;niet gekend;niet gekend;niet gekend;niet gekend;niet gekend;niet gekend;niet gekend;niet gekend;niet gekend;niet gekend;niet gekend;niet gekend;niet gekend;niet gekend;niet gekend;niet gekend;niet gekend;niet gekend;niet gekend;niet gekend;niet gekend;niet gekend;niet gekend;niet gekend;niet gekend;niet gekend;niet gekend;niet gekend;niet gekend;niet gekend;niet gekend;niet gekend;niet gekend;niet gekend;niet gekend;niet gekend;niet gekend;niet gekend;niet gekend;niet gekend;niet gekend;niet gekend;niet gekend;niet gekend;niet gekend;niet gekend;;;;;;;;;;
Grimbergen;39346;Ja;19;47;566;tussen 11 en 50;0;;0;;1;0;Neen;;;;;;;;;;;;;;;;;;;;;;;;;;;;;;;;;;;;;;;;Neen;;;;;;;;;;;;;;;;;;;;;;;;;;;;;;Ja;Haviland ;Ja;2;0,1;0;8;0;0;0;0;0;5;1;2;0;12;6;6;0;0;0;11;0;0;0;1;0;9;1;0;0;0;9;0;6;0;;0;;0;;Ja;2;0;0;niet gekend;0,15;0;niet gekend;12;13;3;10;3;0;0;10;3;7;0;9;7;0;;0;;0;0;0;0;klachten zijn dossiers die door de gemeente aan de intercommunale worden doorgegeven voor verwerking/opvolging - gemeente ontvangt altijd eerst de klachten zal vervolgens dossiers zelf behandelen of doorgeven aan intercommunale;Ja;PZ Grimbergen;Neen;;;;;;;;;;;;;;;;;;;;;;;;;;;;;;;;;;;;;;;;Ja;0,2;45;30;10;15;5;0;0;15;niet gekend;0;4;3;controles uitgevoerd in samenwerkingsverband tussen PZ Grimbergen en gemeentelijke handhavingsdienst;Neen;;;;;;;;;;;;;;;;;;;;;;;;;;;;;;;;;;;;;;;;;;;;;;;;;;;;;;;;;;;;;;;;;;;;;;;;;;;;;;;;
Grobbendonk;11526;Ja;35;100;612;niet gekend;0;;0;;0;;Ja;1;0,1;0,1;;1;0;3;3;12;13;1;31;niet gekend;56;2;15;8;3;1;;0;0;3;3;12;6;1;31;0;50;3;0;0;0;;0;;0;;Ja;1;0;0;0,1;0,1;0,1;0,1;13;6;2;3;2;0;0;0;10;3;5;niet gekend;1;0;;0;;0;0;0;0;;Neen;;;;;;;;;;;;;;;;;;;;;;;;;;;;;;;;;;;;;;;;;;;;;;;;;;;;;;;;;;;;;;;;;;;;;;;;Ja;PZ Neteland;Ja;2;0,05;niet gekend;7;niet gekend;niet gekend;niet gekend;niet gekend;niet gekend;niet gekend;niet gekend;niet gekend;niet gekend;21;niet gekend;niet gekend;niet gekend;niet gekend;niet gekend;niet gekend;niet gekend;niet gekend;niet gekend;niet gekend;niet gekend;niet gekend;niet gekend;niet gekend;niet gekend;niet gekend;niet gekend;niet gekend;niet gekend;niet gekend;niet gekend;niet gekend;niet gekend;niet gekend;niet gekend;Ja;0,05;14;20;niet gekend;niet gekend;niet gekend;niet gekend;niet gekend;niet gekend;niet gekend;niet gekend;niet gekend;niet gekend;;Neen;;;;;;;;;;;;;;;;;;;;;;;;;;;;;;;;;;;;;;;;;;;;;;;;;;;;;;;;;;;;;;;;;;;;;;;;;;;;;;;;
Haacht;15460;Ja;niet gekend;niet gekend;niet gekend;niet gekend;0;;0;;0;;Ja;2;0,1;0,1;38;0;0;0;0;4;0;4;29;1;0;0;0;0;0;0;0;0;0;0;0;0;0;0;0;0;0;0;0;0;0;;0;;0;;Neen;;;;;;;;;;;;;;;;;;;;;;;;;;;;;;Ja;Interleuven;Ja;2;0,1;0,1;2;0;2;0;0;0;0;0;0;0;28;6;2;0;11;9;niet gekend;0;1;0;1;0;1;0;5;0;0;9;0;5;0;;0;;0;;Ja;0;2;0;0;0,1;0;0;1;4;0;2;2;2;2;2;0;5;0;0;0;0;;0;;0;0;0;0;De verbalisanten ruimtelijke ordening zijn aangesteld op 26 mei 2022,;Neen;;;;;;;;;;;;;;;;;;;;;;;;;;;;;;;;;;;;;;;;;;;;;;;;;;;;;;;;;Neen;;;;;;;;;;;;;;;;;;;;;;;;;;;;;;;;;;;;;;;;;;;;;;;;;;;;;;;;;;;;;;;;;;;;;;;;;;;;;;;;
Haaltert;19289;Ja;42;263;1089;niet gekend;niet gekend;;niet gekend;;niet gekend;;Neen;;;;;;;;;;;;;;;;;;;;;;;;;;;;;;;;;;;;;;;;Ja;1;0;0;0,05;0;0,05;0,05;niet gekend;niet gekend;niet gekend;niet gekend;niet gekend;niet gekend;niet gekend;niet gekend;niet gekend;niet gekend;niet gekend;niet gekend;niet gekend;niet gekend;;niet gekend;;niet gekend;niet gekend;niet gekend;niet gekend;;Ja;SOLVA;Ja;1;0,03;0,02;18;0;0;1;3;1;7;0;5;1;26;6;16;2;3;5;19;1;0;1;3;1;7;0;5;1;4;12;0;1;0;;0;;0;;Ja;1;0;0;0,07;0;0;0,04;18;25;10;9;2;6;8;15;4;12;1;1;0;0;;0;;0;1;0;0;;Ja;PZ Denderleeuw/Haaltert;Neen;;;;;;;;;;;;;;;;;;;;;;;;;;;;;;;;;;;;;;;;Ja;niet gekend;niet gekend;niet gekend;niet gekend;niet gekend;niet gekend;niet gekend;niet gekend;niet gekend;0;0;15;0;de data zijn gebaseerd op het aantal opgestelde processen-verbaal;Neen;;;;;;;;;;;;;;;;;;;;;;;;;;;;;;;;;;;;;;;;;;;;;;;;;;;;;;;;;;;;;;;;;;;;;;;;;;;;;;;;
Halen;9562;non-respons;non-respons;non-respons;non-respons;non-respons;non-respons;non-respons;non-respons;non-respons;non-respons;non-respons;non-respons;non-respons;non-respons;non-respons;non-respons;non-respons;non-respons;non-respons;non-respons;non-respons;non-respons;non-respons;non-respons;non-respons;non-respons;non-respons;non-respons;non-respons;non-respons;non-respons;non-respons;non-respons;non-respons;non-respons;non-respons;non-respons;non-respons;non-respons;non-respons;non-respons;non-respons;non-respons;non-respons;non-respons;non-respons;non-respons;non-respons;non-respons;non-respons;non-respons;non-respons;non-respons;non-respons;non-respons;non-respons;non-respons;non-respons;non-respons;non-respons;non-respons;non-respons;non-respons;non-respons;non-respons;non-respons;non-respons;non-respons;non-respons;non-respons;non-respons;non-respons;non-respons;non-respons;non-respons;non-respons;non-respons;non-respons;non-respons;non-respons;non-respons;non-respons;non-respons;non-respons;non-respons;non-respons;non-respons;non-respons;non-respons;non-respons;non-respons;non-respons;non-respons;non-respons;non-respons;non-respons;non-respons;non-respons;non-respons;non-respons;non-respons;non-respons;non-respons;non-respons;non-respons;non-respons;non-respons;non-respons;non-respons;non-respons;non-respons;non-respons;non-respons;non-respons;non-respons;non-respons;non-respons;non-respons;non-respons;non-respons;non-respons;non-respons;non-respons;non-respons;non-respons;non-respons;non-respons;non-respons;non-respons;non-respons;non-respons;non-respons;non-respons;non-respons;non-respons;non-respons;non-respons;non-respons;non-respons;non-respons;non-respons;non-respons;non-respons;non-respons;non-respons;non-respons;non-respons;non-respons;non-respons;non-respons;non-respons;non-respons;non-respons;non-respons;non-respons;non-respons;non-respons;non-respons;non-respons;non-respons;non-respons;non-respons;non-respons;non-respons;non-respons;non-respons;non-respons;non-respons;non-respons;non-respons;non-respons;non-respons;non-respons;non-respons;non-respons;non-respons;non-respons;non-respons;non-respons;non-respons;non-respons;non-respons;non-respons;non-respons;non-respons;non-respons;non-respons;non-respons;non-respons;non-respons;non-respons;non-respons;non-respons;non-respons;non-respons;non-respons;non-respons;non-respons;non-respons;non-respons;non-respons;non-respons;non-respons;non-respons;non-respons;non-respons;non-respons;non-respons;non-respons;non-respons;non-respons;non-respons;non-respons;non-respons;non-respons;non-respons;non-respons;non-respons;non-respons;non-respons;non-respons;non-respons;non-respons;non-respons;non-respons;non-respons;non-respons;non-respons;non-respons;non-respons;non-respons;non-respons;non-respons;non-respons;non-respons;non-respons;non-respons;non-respons;non-respons;non-respons;non-respons;non-respons;non-respons;non-respons;non-respons;non-respons;non-respons;non-respons;non-respons;non-respons;non-respons;non-respons;non-respons;non-respons;non-respons;non-respons;non-respons;non-respons;non-respons;non-respons;non-respons;non-respons;non-respons;non-respons;non-respons;non-respons;non-respons;non-respons;non-respons;non-respons;non-respons;non-respons;non-respons;non-respons;non-respons;non-respons;non-respons;non-respons;non-respons;non-respons;non-respons;;;;;;;;;;
Halle;42063;Ja;1;8;19;tussen 1 en 10;0;;0;;0;;Neen;;;;;;;;;;;;;;;;;;;;;;;;;;;;;;;;;;;;;;;;Ja;0;1;0;0;0,05;0;0,25;86;0;0;4;0;0;0;0;0;72;4;4;0;0;;0;;0;2;0;0;;Ja;Haviland;Ja;3;0,1;0,1;394;215;6;1;18;74;1;0;0;79;13;0;13;2;0;0;22;0;0;4;0;2;4;0;2;10;0;5;6;2;0;;0;;0;;Neen;;;;;;;;;;;;;;;;;;;;;;;;;;;;;/;Neen;;;;;;;;;;;;;;;;;;;;;;;;;;;;;;;;;;;;;;;;;;;;;;;;;;;;;;;;;Neen;;;;;;;;;;;;;;;;;;;;;;;;;;;;;;;;;;;;;;;;;;;;;;;;;;;;;;;;;;;;;;;;;;;;;;;;;;;;;;;;
Ham;11352;Ja;niet gekend;niet gekend;niet gekend;niet gekend;0;;0;;0;;Ja;1;0,05;0;5;0;0;0;2;2;1;0;0;0;4;2;2;0;0;0;0;0;0;0;0;0;0;0;0;0;0;0;0;0;0;;0;;0;;Ja;0;0;0;0;0;0;0,05;5;8;5;3;niet gekend;0;0;3;3;0;0;0;0;0;;0;;0;0;0;0;;Neen;;;;;;;;;;;;;;;;;;;;;;;;;;;;;;;;;;;;;;;;;;;;;;;;;;;;;;;;;;;;;;;;;;;;;;;;Neen;;;;;;;;;;;;;;;;;;;;;;;;;;;;;;;;;;;;;;;;;;;;;;;;;;;;;;;;;Neen;;;;;;;;;;;;;;;;;;;;;;;;;;;;;;;;;;;;;;;;;;;;;;;;;;;;;;;;;;;;;;;;;;;;;;;;;;;;;;;;
Hamme;25351;Ja;25;150;450;tussen 11 en 50;0;;0;;0;;Ja;1;0,02;0;170;0;5;2;0;5;2;2;150;0;0;0;0;0;0;0;0;0;0;0;0;0;0;0;0;0;0;0;0;0;0;;0;;0;;Neen;;;;;;;;;;;;;;;;;;;;;;;;;;;;;Er is één gemeentelijke toezichthouder milieu, Deze persoon is tegelijk omgevingsambtenaar milieu en teamverantwoordelijke van het team milieu & klimaat, waardoor de tijd ontbreekt om een gedegen handhaving te kunnen uitvoeren, Een intergemeentelijke toezichthouderscel zou een oplossing kunnen zijn,;Ja;DDS;Neen;;;;;;;;;;;;;;;;;;;;;;;;;;;;;;;;;;;;;;;;Ja;1;1;0;0,05;0,05;0,05;0,05;0;0;0;3;0;0;0;0;5;1;3;3;3;0;;0;;0;0;0;0;De overeenkomst met DDS is aangegaan op 26 oktober 2022,;Ja;PZ Hamme-Waasmunster;Neen;;;;;;;;;;;;;;;;;;;;;;;;;;;;;;;;;;;;;;;;Neen;;;;;;;;;;;;;;De politie wordt eventueel om bijstand gevraagd bij de uitvoering van controles,;Neen;;;;;;;;;;;;;;;;;;;;;;;;;;;;;;;;;;;;;;;;;;;;;;;;;;;;;;;;;;;;;;;;;;;;;;;;;;;;;;;;
Hamont-Achel;14456;Ja;37;135;217;niet gekend;0;;0;0;0;;Ja;1;0;0,005;;0;0;3;1;3;0;0;0;0;0;0;0;0;0;0;0;0;0;0;0;0;0;0;0;0;0;0;0;0;0;;0;;0;;Neen;;;;;;;;;;;;;;;;;;;;;;;;;;;;;Sinds het ontslag van de gemeentelijk stedenbouwkundig inspecteur in september 2021, is er 0 vervanging gevonden, De klachten, die binnenkomen bij de gemeente worden doorgegeven aan de handhavingsambtenaar binnen PZ HANO voor opvolging,;Neen;;;;;;;;;;;;;;;;;;;;;;;;;;;;;;;;;;;;;;;;;;;;;;;;;;;;;;;;;;;;;;;;;;;;;;;;Ja;PZ HANO;Ja;1;0,1;0;27;1;4;9;0;7;3;2;1;0;22;1;19;4;0;0;9;1;0;5;0;1;1;1;1;0;2;9;0;2;0;;0;;0;;Ja;0,1;14;14;0;13;2;0;0;3;3;0;0;1;;Neen;;;;;;;;;;;;;;;;;;;;;;;;;;;;;;;;;;;;;;;;;;;;;;;;;;;;;;;;;;;;;;;;;;;;;;;;;;;;;;;;
Harelbeke;29602;Ja;68;218;niet gekend;niet gekend;0;;0;;0;;Ja;3;0,1;0,1;1;0;0;0;0;1;0;0;0;0;1;0;1;0;0;0;1;0;0;0;0;1;0;0;0;0;0;0;0;0;0;;0;;0;;Neen;;;;;;;;;;;;;;;;;;;;;;;;;;;;;;Ja;Leiedal ;Ja;1;0,1;0;2;0;0;0;2;0;0;0;0;0;2;0;2;0;0;0;2;0;0;0;2;0;0;0;0;0;niet gekend;2;niet gekend;niet gekend;niet gekend;niet gekend;niet gekend;niet gekend;niet gekend;niet gekend;Ja;niet gekend;1;niet gekend;niet gekend;0,1;niet gekend;niet gekend;11;11;2;9;0;0;0;niet gekend;niet gekend;4;niet gekend;4;1;niet gekend;niet gekend;niet gekend;niet gekend;niet gekend;3;niet gekend;niet gekend;;Ja;PZ Gavers;Neen;;;;;;;;;;;;;;;;;;;;;;;;;;;;;;;;;;;;;;;;Ja;niet gekend;11;niet gekend;niet gekend;niet gekend;niet gekend;0;0;niet gekend;niet gekend;0;0;0;;Neen;;;;;;;;;;;;;;;;;;;;;;;;;;;;;;;;;;;;;;;;;;;;;;;;;;;;;;;;;;;;;;;;;;;;;;;;;;;;;;;;
Hasselt;80617;Ja;142;378;194;niet gekend;niet gekend;niet gekend;niet gekend;niet gekend;niet gekend;niet gekend;Neen;;;;;;;;;;;;;;;;;;;;;;;;;;;;;;;;;;;;;;;;Neen;;;;;;;;;;;;;;;;;;;;;;;;;;;;;In 2022 waren er 0 handhavers RO en Milieu in dienst bij Stad Hasselt;Neen;;;;;;;;;;;;;;;;;;;;;;;;;;;;;;;;;;;;;;;;;;;;;;;;;;;;;;;;;;;;;;;;;;;;;;;;Ja;PZ Limburg regio Hoofdstad;Ja;2;niet gekend;niet gekend;17;2;1;3;1;2;3;0;3;5;niet gekend;niet gekend;niet gekend;17;niet gekend;0;niet gekend;niet gekend;niet gekend;niet gekend;niet gekend;niet gekend;niet gekend;niet gekend;niet gekend;niet gekend;niet gekend;niet gekend;niet gekend;niet gekend;niet gekend;niet gekend;niet gekend;niet gekend;niet gekend;niet gekend;Neen;;;;;;;;;;;;;;"Team milieu doet enkel het verdere politionele onderzoek; 0 aanvankelijke vaststellingen , Zij leggen 0 bestuurlijke maatregelen op,";Neen;;;;;;;;;;;;;;;;;;;;;;;;;;;;;;;;;;;;;;;;;;;;;;;;;;;;;;;;;;;;;;;;;;;;;;;;;;;;;;;;
Hechtel-Eksel;12934;Ja;niet gekend;niet gekend;niet gekend;niet gekend;0;;0;;0;;Neen;;;;;;;;;;;;;;;;;;;;;;;;;;;;;;;;;;;;;;;;Neen;;;;;;;;;;;;;;;;;;;;;;;;;;;;;Inzake RO werden er 12 klachten ontvangen,;Neen;;;;;;;;;;;;;;;;;;;;;;;;;;;;;;;;;;;;;;;;;;;;;;;;;;;;;;;;;;;;;;;;;;;;;;;;Ja;PZ Kempenland;Neen;;;;;;;;;;;;;;;;;;;;;;;;;;;;;;;;;;;;;;;;Ja;0;5;5;0;5;0;0;0;1;0;1;1;0;meldingen milieu: 20 (luchtverontreiniging/geurhinder), 25 (sluitstorten), 4 (gevaarlijk afval), 160 (geluid), 4 (afval);Neen;;;;;;;;;;;;;;;;;;;;;;;;;;;;;;;;;;;;;;;;;;;;;;;;;;;;;;;;;;;;;;;;;;;;;;;;;;;;;;;;
Heers;7558;Ja;niet gekend;niet gekend;niet gekend;niet gekend;niet gekend;niet gekend;niet gekend;niet gekend;niet gekend;niet gekend;Neen;;;;;;;;;;;;;;;;;;;;;;;;;;;;;;;;;;;;;;;;Neen;1;niet gekend;niet gekend;niet gekend;niet gekend;niet gekend;niet gekend;niet gekend;niet gekend;niet gekend;niet gekend;niet gekend;niet gekend;niet gekend;niet gekend;niet gekend;niet gekend;niet gekend;niet gekend;niet gekend;niet gekend;niet gekend;niet gekend;niet gekend;niet gekend;niet gekend;niet gekend;niet gekend;;Neen;;;;;;;;;;;;;;;;;;;;;;;;;;;;;;;;;;;;;;;;;;;;;;;;;;;;;;;;;;;;;;;;;;;;;;;;Ja;niet gekend;niet gekend;niet gekend;niet gekend;niet gekend;niet gekend;niet gekend;niet gekend;niet gekend;niet gekend;niet gekend;niet gekend;niet gekend;niet gekend;niet gekend;niet gekend;niet gekend;niet gekend;niet gekend;niet gekend;niet gekend;niet gekend;niet gekend;niet gekend;niet gekend;niet gekend;niet gekend;niet gekend;niet gekend;niet gekend;niet gekend;niet gekend;niet gekend;niet gekend;niet gekend;niet gekend;niet gekend;niet gekend;niet gekend;niet gekend;niet gekend;niet gekend;niet gekend;niet gekend;niet gekend;niet gekend;niet gekend;niet gekend;niet gekend;niet gekend;niet gekend;niet gekend;niet gekend;niet gekend;niet gekend;;Neen;;;;;;;;;;;;;;;;;;;;;;;;;;;;;;;;;;;;;;;;;;;;;;;;;;;;;;;;;;;;;;;;;;;;;;;;;;;;;;;;
Heist-op-den-Berg;44246;Ja;75;480;2500;niet gekend;0;;0;;0;;Ja;2;0,2;0,2;55;;15;8;1;9;5;1;7;9;8;0;10;niet gekend;0;0;0;0;0;0;0;0;0;0;0;0;0;20;0;5;0;;0;;0;;Ja;1;0;0;1;1;1;1;67;30;0;15;0;0;10;15;2;27;0;15;3;0;;1;100%;0;0;1;0;;Neen;;;;;;;;;;;;;;;;;;;;;;;;;;;;;;;;;;;;;;;;;;;;;;;;;;;;;;;;;;;;;;;;;;;;;;;;Ja;PZ Heist-op-den-Berg;niet gekend;niet gekend;niet gekend;niet gekend;niet gekend;niet gekend;niet gekend;niet gekend;niet gekend;niet gekend;niet gekend;niet gekend;niet gekend;niet gekend;niet gekend;niet gekend;niet gekend;niet gekend;niet gekend;niet gekend;niet gekend;niet gekend;niet gekend;niet gekend;niet gekend;niet gekend;niet gekend;niet gekend;niet gekend;niet gekend;niet gekend;niet gekend;niet gekend;niet gekend;niet gekend;niet gekend;niet gekend;niet gekend;niet gekend;niet gekend;niet gekend;niet gekend;niet gekend;niet gekend;niet gekend;niet gekend;niet gekend;niet gekend;niet gekend;niet gekend;niet gekend;niet gekend;niet gekend;niet gekend;;Neen;;;;;;;;;;;;;;;;;;;;;;;;;;;;;;;;;;;;;;;;;;;;;;;;;;;;;;;;;;;;;;;;;;;;;;;;;;;;;;;;
Hemiksem;12114;Ja;18;34;150;tussen 11 en 50;0;;0;;0;;Ja;1;0,01;0,01;0;0;0;0;0;0;0;0;0;0;2;2;0;0;0;0;0;0;0;0;0;0;0;0;0;0;0;0;0;0;0;;0;;0;;Neen;;;;;;;;;;;;;;;;;;;;;;;;;;;;;;Ja;IGEAN;Neen;;;;;;;;;;;;;;;;;;;;;;;;;;;;;;;;;;;;;;;;Ja;0;3;1;0;0;0;0;0;0;0;0;0;0;0;0;0;0;0;0;0;0;;0;;0;0;0;0;De samenwerking werd pas opgestart eind 2022, Er werden nog 0 concrete dossiers opgestart,;Neen;;;;;;;;;;;;;;;;;;;;;;;;;;;;;;;;;;;;;;;;;;;;;;;;;;;;;;;;;Neen;;;;;;;;;;;;;;;;;;;;;;;;;;;;;;;;;;;;;;;;;;;;;;;;;;;;;;;;;;;;;;;;;;;;;;;;;;;;;;;;
Herent;22735;Neen;niet gekend;niet gekend;niet gekend;niet gekend;0;;0;;0;;Neen;;;;;;;;;;;;;;;;;;;;;;;;;;;;;;;;;;;;;;;;Ja;0;1;0;0;0,8;0;0;27;30;10;22;10;8;4;14;9;9;0;7;5;0;;0;;0;1;0;0;;Ja;Interleuven;Ja;2;0,1;0,1;28;0;2;5;4;2;1;0;13;0;68;8;23;25;8;3;19;0;1;3;2;1;2;0;10;0;0;32;0;2;0;;0;;0;;Ja;0;1;0;0;0,1;0;0;9;14;1;4;0;7;2;5;1;8;0;1;1;0;;0;;0;0;0;0;;Neen;;;;;;;;;;;;;;;;;;;;;;;;;;;;;;;;;;;;;;;;;;;;;;;;;;;;;;;;;Neen;;;;;;;;;;;;;;;;;;;;;;;;;;;;;;;;;;;;;;;;;;;;;;;;;;;;;;;;;;;;;;;;;;;;;;;;;;;;;;;;
Herentals;28580;Ja;niet gekend;niet gekend;niet gekend;meer dan 100;0;;0;;0;;Neen;;;;;;;;;;;;;;;;;;;;;;;;;;;;;;;;;;;;;;;;Ja;1;0;0;1;0;0;0;45;38;7;13;0;18;0;14;2;19;0;0;0;0;;1;0%;0;1;4;0;;Neen;;;;;;;;;;;;;;;;;;;;;;;;;;;;;;;;;;;;;;;;;;;;;;;;;;;;;;;;;;;;;;;;;;;;;;;;Ja;PZ Neteland;Ja;2;0,1;0;130;4;5;11;20;36;25;0;28;1;35;0;0;0;0;0;niet gekend;0;0;0;0;0;0;0;0;0;1;8;0;14;1;0%;0;;0;;Ja;0,2;51;35;0;35;0;0;0;23;0;0;23;4;;Neen;;;;;;;;;;;;;;;;;;;;;;;;;;;;;;;;;;;;;;;;;;;;;;;;;;;;;;;;;;;;;;;;;;;;;;;;;;;;;;;;
Herenthout;9431;Ja;23;52;224;tussen 1 en 10;6;100%;0;;0;;Ja;1;0,05;0,05;14;1;0;1;2;5;0;0;3;2;2;0;2;0;0;0;1;0;0;0;1;0;0;0;0;0;1;0;0;0;1;100%;0;;0;;Neen;;;;;;;;;;;;;;;;;;;;;;;;;;;;;;Neen;;;;;;;;;;;;;;;;;;;;;;;;;;;;;;;;;;;;;;;;;;;;;;;;;;;;;;;;;;;;;;;;;;;;;;;;Ja;PZ Neteland;Ja;2;0,05;niet gekend;4;0;0;0;1;1;2;0;0;0;4;niet gekend;niet gekend;niet gekend;niet gekend;niet gekend;2;0;0;0;0;0;0;0;2;0;1;0;0;2;0;;0;;0;;Ja;0,05;6;4;niet gekend;niet gekend;niet gekend;niet gekend;niet gekend;niet gekend;0;0;1;0;;Neen;;;;;;;;;;;;;;;;;;;;;;;;;;;;;;;;;;;;;;;;;;;;;;;;;;;;;;;;;;;;;;;;;;;;;;;;;;;;;;;;
Herk-de-Stad;12821;Ja;38;135;766;niet gekend;1;0%;0;;0;;Neen;;;;;;;;;;;;;;;;;;;;;;;;;;;;;;;;;;;;;;;;Neen;;;;;;;;;;;;;;;;;;;;;;;;;;;;;;Neen;;;;;;;;;;;;;;;;;;;;;;;;;;;;;;;;;;;;;;;;;;;;;;;;;;;;;;;;;;;;;;;;;;;;;;;;Ja;PZ HaZoDi;Neen;;;;;;;;;;;;;;;;;;;;;;;;;;;;;;;;;;;;;;;;Neen;;;;;;;;;;;;;;rapportage handhaving politie bij politie HaZoDi op te vragen;Neen;;;;;;;;;;;;;;;;;;;;;;;;;;;;;;;;;;;;;;;;;;;;;;;;;;;;;;;;;;;;;;;;;;;;;;;;;;;;;;;;
Herne;6756;Ja;10;115;50;niet gekend;0;;0;;0;;Ja;1;0,1;0;23;14;0;0;2;0;0;0;4;3;4;0;4;0;0;0;4;4;0;0;0;0;0;0;0;0;22;1;1;1;1;niet gekend;0;;2;niet gekend;Neen;;;;;;;;;;;;;;;;;;;;;;;;;;;;;;Neen;;;;;;;;;;;;;;;;;;;;;;;;;;;;;;;;;;;;;;;;;;;;;;;;;;;;;;;;;;;;;;;;;;;;;;;;Ja;PZ Pajottenland ;Ja;3;1;0;0;0;0;0;0;0;0;0;0;0;0;0;0;0;0;0;0;0;0;0;0;0;0;0;0;0;0;0;0;0;0;;0;;0;;Ja;1;5;0;0;4;1;0;0;4;4;0;4;0;;Neen;;;;;;;;;;;;;;;;;;;;;;;;;;;;;;;;;;;;;;;;;;;;;;;;;;;;;;;;;;;;;;;;;;;;;;;;;;;;;;;;
Herselt;14817;Ja;niet gekend;niet gekend;niet gekend;niet gekend;0;;1;niet gekend;0;;Ja;1;0,5;0,1;46;niet gekend;niet gekend;niet gekend;niet gekend;niet gekend;niet gekend;niet gekend;niet gekend;niet gekend;niet gekend;niet gekend;niet gekend;niet gekend;niet gekend;niet gekend;15;niet gekend;niet gekend;niet gekend;niet gekend;niet gekend;niet gekend;niet gekend;niet gekend;niet gekend;1;22;0;8;0;;1;0%;0;;Ja;1;0;0;0,5;0;0;0,1;89;100;niet gekend;niet gekend;niet gekend;niet gekend;niet gekend;niet gekend;2;34;0;26;6;0;;1;0%;0;1;0;0;Zeer veel nattevingerwerk, aangezien dergelijke statistieken niet bijgehouden worden, Omwille van 1 full-time handhaver die alles opvolgt en een zéér beperkt aantal ingedeelde inrichtingen is er -behalve voor  deze bevraging- 0 nood aan diepergaande statistiek;Ja;IOK;Ja;2;1,8;0,2;niet gekend;niet gekend;niet gekend;niet gekend;niet gekend;niet gekend;niet gekend;niet gekend;niet gekend;niet gekend;3;1;1;1;niet gekend;niet gekend;1;niet gekend;niet gekend;niet gekend;niet gekend;niet gekend;niet gekend;niet gekend;niet gekend;1;0;2;niet gekend;niet gekend;niet gekend;niet gekend;niet gekend;niet gekend;0;;Ja;0;3;2;0;1,5;1,6;0,1;niet gekend;3;niet gekend;2;niet gekend;niet gekend;1;1;0;1;0;1;0;0;;0;;0;0;0;0;;Ja;PZ Zuiderkempen;Ja;2;1;niet gekend;niet gekend;niet gekend;niet gekend;niet gekend;niet gekend;niet gekend;niet gekend;niet gekend;niet gekend;niet gekend;niet gekend;niet gekend;niet gekend;niet gekend;niet gekend;niet gekend;niet gekend;niet gekend;niet gekend;niet gekend;niet gekend;niet gekend;niet gekend;niet gekend;niet gekend;niet gekend;0;0;0;niet gekend;0;;0;;0;;Ja;niet gekend;niet gekend;niet gekend;niet gekend;niet gekend;niet gekend;niet gekend;niet gekend;niet gekend;niet gekend;0;niet gekend;niet gekend;;Neen;;;;;;;;;;;;;;;;;;;;;;;;;;;;;;;;;;;;;;;;;;;;;;;;;;;;;;;;;;;;;;;;;;;;;;;;;;;;;;;;
Herstappe;77;Neen;niet gekend;niet gekend;niet gekend;niet gekend;niet gekend;niet gekend;niet gekend;niet gekend;niet gekend;niet gekend;Neen;;;;;;;;;;;;;;;;;;;;;;;;;;;;;;;;;;;;;;;;Neen;;;;;;;;;;;;;;;;;;;;;;;;;;;;;;Neen;;;;;;;;;;;;;;;;;;;;;;;;;;;;;;;;;;;;;;;;;;;;;;;;;;;;;;;;;;;;;;;;;;;;;;;;Neen;;;;;;;;;;;;;;;;;;;;;;;;;;;;;;;;;;;;;;;;;;;;;;;;;;;;;;;;;Neen;;;;;;;;;;;;;;;;;;;;;;;;;;;;;;;;;;;;;;;;;;;;;;;;;;;;;;;;;;;;;;;;;;;;;;;;;;;;;;;;
Herzele;18715;Ja;4;142;643;niet gekend;0;;0;;0;;Ja;2;0,1;0,1;19;0;3;1;0;2;3;2;4;3;5;3;5;3;0;0;4;0;0;1;0;0;0;0;3;0;0;14;2;2;0;;0;;0;;Ja;1;1;0;0,2;0,5;0,2;0,2;niet gekend;52;17;19;6;2;0;15;5;37;0;9;2;0;;0;;0;1;0;0;RO: 1 adviesvraag voor ambtshalve uitvoering ;Neen;;;;;;;;;;;;;;;;;;;;;;;;;;;;;;;;;;;;;;;;;;;;;;;;;;;;;;;;;;;;;;;;;;;;;;;;niet gekend;niet gekend;niet gekend;niet gekend;niet gekend;niet gekend;niet gekend;niet gekend;niet gekend;niet gekend;niet gekend;niet gekend;niet gekend;niet gekend;niet gekend;niet gekend;niet gekend;niet gekend;niet gekend;niet gekend;niet gekend;niet gekend;niet gekend;niet gekend;niet gekend;niet gekend;niet gekend;niet gekend;niet gekend;niet gekend;niet gekend;niet gekend;niet gekend;niet gekend;niet gekend;niet gekend;niet gekend;niet gekend;niet gekend;niet gekend;niet gekend;niet gekend;niet gekend;niet gekend;niet gekend;niet gekend;niet gekend;niet gekend;niet gekend;niet gekend;niet gekend;niet gekend;niet gekend;niet gekend;niet gekend;niet gekend;;Neen;;;;;;;;;;;;;;;;;;;;;;;;;;;;;;;;;;;;;;;;;;;;;;;;;;;;;;;;;;;;;;;;;;;;;;;;;;;;;;;;
Heusden-Zolder;34822;Ja;50;65;1051;niet gekend;0;;0;;0;;Ja;1;0;0;niet gekend;niet gekend;252;1;niet gekend;518;niet gekend;niet gekend;115;niet gekend;0;0;0;0;0;0;0;0;0;0;0;0;0;0;0;0;0;0;0;26;0;;0;;0;;Ja;0;0;0;0;0;0;0,04;19;19;0;6;0;0;0;2;0;18;1;1;1;0;;0;;0;1;0;0;;Neen;;;;;;;;;;;;;;;;;;;;;;;;;;;;;;;;;;;;;;;;;;;;;;;;;;;;;;;;;;;;;;;;;;;;;;;;Ja;PZ Heuden-Zolder;Neen;;;;;;;;;;;;;;;;;;;;;;;;;;;;;;;;;;;;;;;;Ja;niet gekend;13;14;1;13;4;0;0;2;13;0;2;0;;Neen;;;;;;;;;;;;;;;;;;;;;;;;;;;;;;;;;;;;;;;;;;;;;;;;;;;;;;;;;;;;;;;;;;;;;;;;;;;;;;;;
Heuvelland;7957;Neen;niet gekend;niet gekend;niet gekend;tussen 1 en 10;0;;0;;0;;Neen;;;;;;;;;;;;;;;;;;;;;;;;;;;;;;;;;;;;;;;;Neen;;;;;;;;;;;;;;;;;;;;;;;;;;;;;;Neen;;;;;;;;;;;;;;;;;;;;;;;;;;;;;;;;;;;;;;;;;;;;;;;;;;;;;;;;;;;;;;;;;;;;;;;;Ja;PZ Arro Ieper;Ja;4;3,83;0;18;0;1;4;0;2;2;3;7;0;46;7;15;17;3;4;34;0;1;6;0;0;1;7;21;0;0;9;0;7;0;;1;100%;0;;Ja;1;5;5;0;4;1;0;0;3;3;0;0;0;;Neen;;;;;;;;;;;;;;;;;;;;;;;;;;;;;;;;;;;;;;;;;;;;;;;;;;;;;;;;;;;;;;;;;;;;;;;;;;;;;;;;
Hoegaarden;6812;Ja;niet gekend;niet gekend;niet gekend;niet gekend;0;;0;;0;;Neen;;;;;;;;;;;;;;;;;;;;;;;;;;;;;;;;;;;;;;;;Neen;;;;;;;;;;;;;;;;;;;;;;;;;;;;;;Ja;Interleuven;Ja;2;0,1;0,1;2;0;1;0;0;1;0;0;0;0;5;0;2;0;1;2;3;0;1;1;0;1;0;0;0;0;1;2;0;0;0;;0;;0;;Ja;0;2;0;0;0,1;0;0,1;11;9;1;8;0;0;0;4;0;5;0;1;0;0;;0;;0;0;0;0;;Neen;;;;;;;;;;;;;;;;;;;;;;;;;;;;;;;;;;;;;;;;;;;;;;;;;;;;;;;;;Neen;;;;;;;;;;;;;;;;;;;;;;;;;;;;;;;;;;;;;;;;;;;;;;;;;;;;;;;;;;;;;;;;;;;;;;;;;;;;;;;;
Hoeilaart;11544;non-respons;non-respons;non-respons;non-respons;non-respons;non-respons;non-respons;non-respons;non-respons;non-respons;non-respons;non-respons;non-respons;non-respons;non-respons;non-respons;non-respons;non-respons;non-respons;non-respons;non-respons;non-respons;non-respons;non-respons;non-respons;non-respons;non-respons;non-respons;non-respons;non-respons;non-respons;non-respons;non-respons;non-respons;non-respons;non-respons;non-respons;non-respons;non-respons;non-respons;non-respons;non-respons;non-respons;non-respons;non-respons;non-respons;non-respons;non-respons;non-respons;non-respons;non-respons;non-respons;non-respons;non-respons;non-respons;non-respons;non-respons;non-respons;non-respons;non-respons;non-respons;non-respons;non-respons;non-respons;non-respons;non-respons;non-respons;non-respons;non-respons;non-respons;non-respons;non-respons;non-respons;non-respons;non-respons;non-respons;non-respons;non-respons;non-respons;non-respons;non-respons;non-respons;non-respons;non-respons;non-respons;non-respons;non-respons;non-respons;non-respons;non-respons;non-respons;non-respons;non-respons;non-respons;non-respons;non-respons;non-respons;non-respons;non-respons;non-respons;non-respons;non-respons;non-respons;non-respons;non-respons;non-respons;non-respons;non-respons;non-respons;non-respons;non-respons;non-respons;non-respons;non-respons;non-respons;non-respons;non-respons;non-respons;non-respons;non-respons;non-respons;non-respons;non-respons;non-respons;non-respons;non-respons;non-respons;non-respons;non-respons;non-respons;non-respons;non-respons;non-respons;non-respons;non-respons;non-respons;non-respons;non-respons;non-respons;non-respons;non-respons;non-respons;non-respons;non-respons;non-respons;non-respons;non-respons;non-respons;non-respons;non-respons;non-respons;non-respons;non-respons;non-respons;non-respons;non-respons;non-respons;non-respons;non-respons;non-respons;non-respons;non-respons;non-respons;non-respons;non-respons;non-respons;non-respons;non-respons;non-respons;non-respons;non-respons;non-respons;non-respons;non-respons;non-respons;non-respons;non-respons;non-respons;non-respons;non-respons;non-respons;non-respons;non-respons;non-respons;non-respons;non-respons;non-respons;non-respons;non-respons;non-respons;non-respons;non-respons;non-respons;non-respons;non-respons;non-respons;non-respons;non-respons;non-respons;non-respons;non-respons;non-respons;non-respons;non-respons;non-respons;non-respons;non-respons;non-respons;non-respons;non-respons;non-respons;non-respons;non-respons;non-respons;non-respons;non-respons;non-respons;non-respons;non-respons;non-respons;non-respons;non-respons;non-respons;non-respons;non-respons;non-respons;non-respons;non-respons;non-respons;non-respons;non-respons;non-respons;non-respons;non-respons;non-respons;non-respons;non-respons;non-respons;non-respons;non-respons;non-respons;non-respons;non-respons;non-respons;non-respons;non-respons;non-respons;non-respons;non-respons;non-respons;non-respons;non-respons;non-respons;non-respons;non-respons;non-respons;non-respons;non-respons;non-respons;non-respons;non-respons;non-respons;non-respons;non-respons;non-respons;non-respons;non-respons;non-respons;non-respons;non-respons;non-respons;non-respons;non-respons;non-respons;non-respons;non-respons;non-respons;non-respons;non-respons;non-respons;non-respons;;;;;;;;;;
Hoeselt;9958;Ja;22;92;163;tussen 51 en 100;0;;0;;0;;Neen;;;;;;;;;;;;;;;;;;;;;;;;;;;;;;;;;;;;;;;;Neen;;;;;;;;;;;;;;;;;;;;;;;;;;;;;de Vlarem-toezichthouder is halverwege 2022 vertrokken naar een andere overheid;Neen;;;;;;;;;;;;;;;;;;;;;;;;;;;;;;;;;;;;;;;;;;;;;;;;;;;;;;;;;;;;;;;;;;;;;;;;Ja;PZ Bilzen-Hoeselt-Riemst;Neen;;;;;;;;;;;;;;;;;;;;;;;;;;;;;;;;;;;;;;;;Neen;;;;;;;;;;;;;;;Ja;Bilzen;Ja;1;0,2;0,2;0;0;0;0;0;0;2;0;0;0;0;0;0;0;0;0;0;0;0;0;0;0;0;0;0;0;0;0;0;0;0;;0;;0;;Neen;;;;;;;;;;;;;;;;;;;;;;;;;;;;;;;;;;;;;;
Holsbeek;10159;Ja;5;67;197;niet gekend;0;;0;;0;;Ja;1;0;0;0;0;0;0;0;1;0;0;1;0;0;0;0;0;0;0;0;0;0;0;0;0;0;0;0;0;1;0;0;0;0;;0;;0;;Neen;;;;;;;;;;;;;;;;;;;;;;;;;;;;;0 aangestelde verbalisanten, De gemeente neemt wel de eerste aanmaningen op zich, Er werden 12 aanmaningen verzonden, ;Ja;Interleuven;Neen;;;;;;;;;;;;;;;;;;;;;;;;;;;;;;;;;;;;;;;;Ja;1;0;0;0,1;0;0,1;0,1;1;5;1;5;5;0;0;5;0;0;0;0;0;0;;0;;0;0;0;0;;Neen;;;;;;;;;;;;;;;;;;;;;;;;;;;;;;;;;;;;;;;;;;;;;;;;;;;;;;;;;Neen;;;;;;;;;;;;;;;;;;;;;;;;;;;;;;;;;;;;;;;;;;;;;;;;;;;;;;;;;;;;;;;;;;;;;;;;;;;;;;;;
Hooglede;10158;Ja;niet gekend;niet gekend;niet gekend;niet gekend;0;;0;;0;;Neen;0;0,01;0,01;4;0;0;0;0;0;4;0;0;0;niet gekend;niet gekend;niet gekend;niet gekend;niet gekend;niet gekend;niet gekend;niet gekend;niet gekend;niet gekend;niet gekend;niet gekend;niet gekend;niet gekend;niet gekend;niet gekend;niet gekend;niet gekend;niet gekend;niet gekend;niet gekend;niet gekend;niet gekend;niet gekend;niet gekend;niet gekend;Neen;;;;;;;;;;;;;;;;;;;;;;;;;;;;;Handhaving wordt niet door eigen ambtenaren uitgevoerd - enkel preventief wordt er info gegeven? IN geval een duidelijke overtreding plaatsvindt, wordt er met de inspecteurs van politeizone RIHO opgetreden,   ;Neen;;;;;;;;;;;;;;;;;;;;;;;;;;;;;;;;;;;;;;;;;;;;;;;;;;;;;;;;;;;;;;;;;;;;;;;;Ja;PZ RIHO;Ja;niet gekend;niet gekend;niet gekend;niet gekend;niet gekend;niet gekend;niet gekend;niet gekend;niet gekend;niet gekend;niet gekend;niet gekend;niet gekend;niet gekend;niet gekend;niet gekend;niet gekend;niet gekend;niet gekend;niet gekend;niet gekend;niet gekend;niet gekend;niet gekend;niet gekend;niet gekend;niet gekend;niet gekend;niet gekend;niet gekend;niet gekend;niet gekend;niet gekend;niet gekend;niet gekend;niet gekend;niet gekend;niet gekend;niet gekend;niet gekend;niet gekend;niet gekend;niet gekend;niet gekend;niet gekend;niet gekend;niet gekend;niet gekend;niet gekend;niet gekend;niet gekend;niet gekend;niet gekend;;niet gekend;niet gekend;niet gekend;niet gekend;niet gekend;niet gekend;niet gekend;niet gekend;niet gekend;niet gekend;niet gekend;niet gekend;niet gekend;niet gekend;niet gekend;niet gekend;niet gekend;niet gekend;niet gekend;niet gekend;niet gekend;niet gekend;niet gekend;niet gekend;niet gekend;niet gekend;niet gekend;niet gekend;niet gekend;niet gekend;niet gekend;niet gekend;niet gekend;niet gekend;niet gekend;niet gekend;niet gekend;niet gekend;niet gekend;niet gekend;niet gekend;niet gekend;niet gekend;niet gekend;niet gekend;niet gekend;niet gekend;niet gekend;niet gekend;niet gekend;niet gekend;niet gekend;niet gekend;niet gekend;niet gekend;niet gekend;niet gekend;niet gekend;niet gekend;niet gekend;niet gekend;niet gekend;niet gekend;niet gekend;niet gekend;niet gekend;niet gekend;niet gekend;niet gekend;niet gekend;niet gekend;;;;;;;;;;
Hoogstraten;22216;Ja;192;325;54;niet gekend;0;;0;;0;;Ja;1;0,5;0,1;74;0;17;23;5;9;2;6;2;9;48;6;8;4;28;0;;0;1;14;4;5;1;0;2;3;10;7;0;0;0;;0;;0;;Ja;0;0;0;0;0;0;0,2;12;21;5;0;0;21;5;5;0;5;0;0;0;0;;0;;0;0;0;0;Het aantal inrichtingen per klasse is een schatting, Onze programma's zijn niet erg geschikt om per klasse en per exploitant lijsten te maken, Voorgaande jaren hebben wij daardoor een overschatting gemaakt, Deze cijfers liggen dichter bij de werkelijke aantallen,;Ja;IOK;Ja;2;1,8;0,2;0;0;0;0;0;0;0;0;0;0;6;4;2;0;0;0;niet gekend;0;0;0;0;0;0;0;0;0;1;1;0;1;0;;0;;0;;Ja;0;3;2;0;1,5;1,6;0,1;0;12;1;4;7;0;0;4;0;4;0;0;0;0;;0;;1;0;0;0;;Ja;PZ Noorderkempen;Ja;1;niet gekend;0,1;0;0;0;2;2;11;24;1;105;6;0;niet gekend;45;27;0;0;0;0;0;2;2;11;24;1;105;6;0;0;0;126;0;;0;;0;;Ja;0,5;21;61;niet gekend;45;0;16;0;24;45;0;45;3;;Neen;;;;;;;;;;;;;;;;;;;;;;;;;;;;;;;;;;;;;;;;;;;;;;;;;;;;;;;;;;;;;;;;;;;;;;;;;;;;;;;;
Horebeke;2032;Ja;13;54;118;tussen 1 en 10;0;;0;;0;;Neen;;;;;;;;;;;;;;;;;;;;;;;;;;;;;;;;;;;;;;;;Neen;;;;;;;;;;;;;;;;;;;;;;;;;;;;;;Ja;SOLVA;Ja;1;0;0;0;0;0;0;0;0;0;0;0;0;0;0;0;0;0;0;0;0;0;0;0;0;0;0;0;0;0;0;0;0;0;;0;;0;;Ja;2;0;0;0;0;0;0;0;0;0;0;0;0;0;0;0;0;0;0;0;0;;0;;0;0;0;0;De gemeente Horebeke is pas toegetreden binnen het werkingsgebied van SOLVA, De verbalisanten en MTH zijn aangesteld op 10 oktober 2022;Neen;;;;;;;;;;;;;;;;;;;;;;;;;;;;;;;;;;;;;;;;;;;;;;;;;;;;;;;;;Neen;;;;;;;;;;;;;;;;;;;;;;;;;;;;;;;;;;;;;;;;;;;;;;;;;;;;;;;;;;;;;;;;;;;;;;;;;;;;;;;;
Houthalen-Helchteren;31900;Ja;65;100;250;tussen 51 en 100;0;;0;;0;;Ja;3;0,15;0,1;35;10;10;0;5;1;1;0;10;0;17;5;12;25;40;15;36;0;0;0;1;0;25;0;10;0;0;60;0;9;0;;0;;0;;Ja;0;0;0;0;0;0;0;56;0;0;0;0;0;0;0;0;0;0;0;0;0;;0;;0;0;0;0;Handhavingstaken RO buiten de beslissingen handhaving RO door de burgemeester werden in 2022 uitgevoerd door de Intergemeentelijke Samenwerking handhaving ruimte Midden-Limburg;Ja;Intergemeentelijke Samenwerking handhaving ruimte Midden-Limburg;Neen;;;;;;;;;;;;;;;;;;;;;;;;;;;;;;;;;;;;;;;;Ja;0;2;0;0;1,2;0;0,1;0;455;niet gekend;56;niet gekend;1;niet gekend;39;0;46;0;5;0;0;;1;100%;0;2;0;0;Handhaving RO door de Intergemeentelijke Samenwerking handhaving ruimte Midden-Limburg in Houthalen-Helchteren werd gestart in 2017;Neen;;;;;;;;;;;;;;;;;;;;;;;;;;;;;;;;;;;;;;;;;;;;;;;;;;;;;;;;;Neen;;;;;;;;;;;;;;;;;;;;;;;;;;;;;;;;;;;;;;;;;;;;;;;;;;;;;;;;;;;;;;;;;;;;;;;;;;;;;;;;
Houthulst;10334;Ja;52;251;600;tussen 11 en 50;0;;0;;0;;Neen;;;;;;;;;;;;;;;;;;;;;;;;;;;;;;;;;;;;;;;;Neen;;;;;;;;;;;;;;;;;;;;;;;;;;;;;;Ja;WVI;Ja;1;0,01;0;4;0;2;0;0;1;0;0;2;0;5;2;3;0;0;0;1;0;0;0;0;0;0;0;1;0;0;1;0;0;0;;0;;0;;Ja;1;0;0;0,09;0;0;0;38;12;4;7;1;0;0;5;1;2;0;4;0;0;;0;;0;0;0;0;;Neen;;;;;;;;;;;;;;;;;;;;;;;;;;;;;;;;;;;;;;;;;;;;;;;;;;;;;;;;;Neen;;;;;;;;;;;;;;;;;;;;;;;;;;;;;;;;;;;;;;;;;;;;;;;;;;;;;;;;;;;;;;;;;;;;;;;;;;;;;;;;
Hove;8448;non-respons;non-respons;non-respons;non-respons;non-respons;non-respons;non-respons;non-respons;non-respons;non-respons;non-respons;non-respons;non-respons;non-respons;non-respons;non-respons;non-respons;non-respons;non-respons;non-respons;non-respons;non-respons;non-respons;non-respons;non-respons;non-respons;non-respons;non-respons;non-respons;non-respons;non-respons;non-respons;non-respons;non-respons;non-respons;non-respons;non-respons;non-respons;non-respons;non-respons;non-respons;non-respons;non-respons;non-respons;non-respons;non-respons;non-respons;non-respons;non-respons;non-respons;non-respons;non-respons;non-respons;non-respons;non-respons;non-respons;non-respons;non-respons;non-respons;non-respons;non-respons;non-respons;non-respons;non-respons;non-respons;non-respons;non-respons;non-respons;non-respons;non-respons;non-respons;non-respons;non-respons;non-respons;non-respons;non-respons;non-respons;non-respons;non-respons;non-respons;non-respons;non-respons;non-respons;non-respons;non-respons;non-respons;non-respons;non-respons;non-respons;non-respons;non-respons;non-respons;non-respons;non-respons;non-respons;non-respons;non-respons;non-respons;non-respons;non-respons;non-respons;non-respons;non-respons;non-respons;non-respons;non-respons;non-respons;non-respons;non-respons;non-respons;non-respons;non-respons;non-respons;non-respons;non-respons;non-respons;non-respons;non-respons;non-respons;non-respons;non-respons;non-respons;non-respons;non-respons;non-respons;non-respons;non-respons;non-respons;non-respons;non-respons;non-respons;non-respons;non-respons;non-respons;non-respons;non-respons;non-respons;non-respons;non-respons;non-respons;non-respons;non-respons;non-respons;non-respons;non-respons;non-respons;non-respons;non-respons;non-respons;non-respons;non-respons;non-respons;non-respons;non-respons;non-respons;non-respons;non-respons;non-respons;non-respons;non-respons;non-respons;non-respons;non-respons;non-respons;non-respons;non-respons;non-respons;non-respons;non-respons;non-respons;non-respons;non-respons;non-respons;non-respons;non-respons;non-respons;non-respons;non-respons;non-respons;non-respons;non-respons;non-respons;non-respons;non-respons;non-respons;non-respons;non-respons;non-respons;non-respons;non-respons;non-respons;non-respons;non-respons;non-respons;non-respons;non-respons;non-respons;non-respons;non-respons;non-respons;non-respons;non-respons;non-respons;non-respons;non-respons;non-respons;non-respons;non-respons;non-respons;non-respons;non-respons;non-respons;non-respons;non-respons;non-respons;non-respons;non-respons;non-respons;non-respons;non-respons;non-respons;non-respons;non-respons;non-respons;non-respons;non-respons;non-respons;non-respons;non-respons;non-respons;non-respons;non-respons;non-respons;non-respons;non-respons;non-respons;non-respons;non-respons;non-respons;non-respons;non-respons;non-respons;non-respons;non-respons;non-respons;non-respons;non-respons;non-respons;non-respons;non-respons;non-respons;non-respons;non-respons;non-respons;non-respons;non-respons;non-respons;non-respons;non-respons;non-respons;non-respons;non-respons;non-respons;non-respons;non-respons;non-respons;non-respons;non-respons;non-respons;non-respons;non-respons;non-respons;non-respons;non-respons;non-respons;non-respons;non-respons;non-respons;non-respons;non-respons;non-respons;;;;;;;;;;
Huldenberg;10081;Ja;10;107;643;tussen 51 en 100;0;;0;;0;;Ja;1;0,05;0,05;9;0;0;0;0;1;2;0;6;0;3;1;2;1;0;0;2;0;0;0;0;0;2;0;0;0;0;1;1;1;0;;0;;0;;Neen;;;;;;;;;;;;;;;;;;;;;;;;;;;;;De gemeente Huldenberg beschikt op heden niet over een goedgekeurd handhavingsbeleidsplan in het kader van de VCRO (stedenbouwkundige misdrijven en overtredingen), In navolging van een melding over een mogelijk stedenbouwkundig misdrijf informeert de gemeente zich meestal wel bij de betreffende eigenaars en worden deze indien nodig aangespoord zich in regel te stellen, Indien nodig kan er wel worden overgegaan tot het opstellen van een PV, in samenwerking met de lokale politie, Dit is echter een uitzondering en is in 2021 niet voorgevallen, Burgers die een melding doen worden ook geïnformeerd over welke extra stappen ze eventueel kunnen ondernemen (omwille van het ontbreken van een gemeentelijk handhavingsbeleidsplan RO), Overtredingen in ruimtelijk kwetsbaar gebied worden overgemaakt aan het Departement Omgeving - afdeling handhaving,;Ja;Interleuven;Ja;5;0,01;0,01;0;0;0;0;0;0;0;0;0;0;0;0;0;0;0;0;0;0;0;0;0;0;0;0;0;0;0;0;0;0;0;;0;;0;;Neen;;;;;;;;;;;;;;;;;;;;;;;;;;;;;Interleuven ondersteunt de gemeentelijke lokale milieutoezichthouder,;Ja;PZ Voer en Dijle ;Neen;;;;;;;;;;;;;;;;;;;;;;;;;;;;;;;;;;;;;;;;Ja;0,01;1;3;0;1;0;0;0;1;0;3;0;0;Bij zaken waarbij het GAS duidelijkheid biedt, handelt de lokale politie vlot en weegt af of het binnen de GAS regeling gehandhaafd wordt of dat het naar het parket wordt doorverwezen,;Neen;;;;;;;;;;;;;;;;;;;;;;;;;;;;;;;;;;;;;;;;;;;;;;;;;;;;;;;;;;;;;;;;;;;;;;;;;;;;;;;;
Hulshout;10568;Ja;15;44;niet gekend;niet gekend;0;;0;;1;100%;Ja;1;0,1;0;4;0;2;1;0;1;1;0;0;0;1;0;1;1;0;0;1;0;0;0;0;0;1;0;0;0;1;0;0;0;0;;0;;0;;Neen;;;;;;;;;;;;;;;;;;;;;;;;;;;;;;Ja;Interlokale Vereniging Milieuhandhaving Kempen;Ja;2;1,8;0,2;0;0;0;0;0;0;0;0;0;0;5;0;5;0;0;0;niet gekend;0;0;0;0;0;0;0;0;0;1;0;0;0;0;;0;;0;;Ja;0;3;2;0;1,5;1,6;0,1;0;1;1;0;0;0;0;0;0;0;0;0;0;0;;0;;0;0;0;0;;Ja;PZ Zuiderkempen;Ja;3;0;0;160;1;16;0;4;93;6;6;34;0;1;0;0;0;1;0;1;0;0;0;0;0;0;0;1;0;0;0;0;5;0;;0;;0;;Ja;0,1;10;28;8;12;8;0;0;10;10;0;10;4;;Neen;;;;;;;;;;;;;;;;;;;;;;;;;;;;;;;;;;;;;;;;;;;;;;;;;;;;;;;;;;;;;;;;;;;;;;;;;;;;;;;;
Ichtegem;14371;non-respons;non-respons;non-respons;non-respons;non-respons;non-respons;non-respons;non-respons;non-respons;non-respons;non-respons;non-respons;non-respons;non-respons;non-respons;non-respons;non-respons;non-respons;non-respons;non-respons;non-respons;non-respons;non-respons;non-respons;non-respons;non-respons;non-respons;non-respons;non-respons;non-respons;non-respons;non-respons;non-respons;non-respons;non-respons;non-respons;non-respons;non-respons;non-respons;non-respons;non-respons;non-respons;non-respons;non-respons;non-respons;non-respons;non-respons;non-respons;non-respons;non-respons;non-respons;non-respons;non-respons;non-respons;non-respons;non-respons;non-respons;non-respons;non-respons;non-respons;non-respons;non-respons;non-respons;non-respons;non-respons;non-respons;non-respons;non-respons;non-respons;non-respons;non-respons;non-respons;non-respons;non-respons;non-respons;non-respons;non-respons;non-respons;non-respons;non-respons;non-respons;non-respons;non-respons;non-respons;non-respons;non-respons;non-respons;non-respons;non-respons;non-respons;non-respons;non-respons;non-respons;non-respons;non-respons;non-respons;non-respons;non-respons;non-respons;non-respons;non-respons;non-respons;non-respons;non-respons;non-respons;non-respons;non-respons;non-respons;non-respons;non-respons;non-respons;non-respons;non-respons;non-respons;non-respons;non-respons;non-respons;non-respons;non-respons;non-respons;non-respons;non-respons;non-respons;non-respons;non-respons;non-respons;non-respons;non-respons;non-respons;non-respons;non-respons;non-respons;non-respons;non-respons;non-respons;non-respons;non-respons;non-respons;non-respons;non-respons;non-respons;non-respons;non-respons;non-respons;non-respons;non-respons;non-respons;non-respons;non-respons;non-respons;non-respons;non-respons;non-respons;non-respons;non-respons;non-respons;non-respons;non-respons;non-respons;non-respons;non-respons;non-respons;non-respons;non-respons;non-respons;non-respons;non-respons;non-respons;non-respons;non-respons;non-respons;non-respons;non-respons;non-respons;non-respons;non-respons;non-respons;non-respons;non-respons;non-respons;non-respons;non-respons;non-respons;non-respons;non-respons;non-respons;non-respons;non-respons;non-respons;non-respons;non-respons;non-respons;non-respons;non-respons;non-respons;non-respons;non-respons;non-respons;non-respons;non-respons;non-respons;non-respons;non-respons;non-respons;non-respons;non-respons;non-respons;non-respons;non-respons;non-respons;non-respons;non-respons;non-respons;non-respons;non-respons;non-respons;non-respons;non-respons;non-respons;non-respons;non-respons;non-respons;non-respons;non-respons;non-respons;non-respons;non-respons;non-respons;non-respons;non-respons;non-respons;non-respons;non-respons;non-respons;non-respons;non-respons;non-respons;non-respons;non-respons;non-respons;non-respons;non-respons;non-respons;non-respons;non-respons;non-respons;non-respons;non-respons;non-respons;non-respons;non-respons;non-respons;non-respons;non-respons;non-respons;non-respons;non-respons;non-respons;non-respons;non-respons;non-respons;non-respons;non-respons;non-respons;non-respons;non-respons;non-respons;non-respons;non-respons;non-respons;non-respons;non-respons;non-respons;non-respons;non-respons;non-respons;non-respons;non-respons;non-respons;non-respons;non-respons;;;;;;;;;;
Ieper;35456;Neen;250;625;1250;niet gekend;0;;0;;0;;Neen;;;;;;;;;;;;;;;;;;;;;;;;;;;;;;;;;;;;;;;;Ja;2;0;0;2;0;0;0;13;83;20;13;1;49;11;40;3;56;0;8;0;1;niet gekend;0;;0;2;0;0;;Neen;;;;;;;;;;;;;;;;;;;;;;;;;;;;;;;;;;;;;;;;;;;;;;;;;;;;;;;;;;;;;;;;;;;;;;;;Ja;PZ Arro Ieper;Ja;4;3,83;0;68;0;11;12;2;9;10;2;19;3;109;4;69;20;15;1;58;0;7;14;1;3;8;3;21;1;0;19;1;29;0;;0;;0;;Ja;1;12;13;0;7;2;3;3;9;7;0;1;0;;Neen;;;;;;;;;;;;;;;;;;;;;;;;;;;;;;;;;;;;;;;;;;;;;;;;;;;;;;;;;;;;;;;;;;;;;;;;;;;;;;;;
Ingelmunster;11467;Ja;21;50;250;tussen 11 en 50;0;;0;;0;;Neen;;;;;;;;;;;;;;;;;;;;;;;;;;;;;;;;;;;;;;;;Neen;;;;;;;;;;;;;;;;;;;;;;;;;;;;;;Ja;WVI;Ja;1;0,01;0;7;0;0;3;0;2;0;0;2;0;9;3;5;0;1;0;2;0;0;1;0;0;0;0;1;0;0;1;0;1;0;;0;;0;;Ja;0;1;0;0;0,11;0;0;15;28;6;11;6;5;0;13;0;29;0;5;0;0;;1;0%;0;1;0;0;;Ja;PZ MIDOW;Ja;1;niet gekend;niet gekend;niet gekend;niet gekend;niet gekend;niet gekend;niet gekend;niet gekend;niet gekend;niet gekend;niet gekend;niet gekend;niet gekend;niet gekend;niet gekend;niet gekend;niet gekend;niet gekend;niet gekend;niet gekend;niet gekend;niet gekend;niet gekend;niet gekend;niet gekend;niet gekend;niet gekend;niet gekend;niet gekend;niet gekend;niet gekend;niet gekend;niet gekend;niet gekend;niet gekend;niet gekend;niet gekend;niet gekend;niet gekend;niet gekend;niet gekend;niet gekend;niet gekend;niet gekend;niet gekend;niet gekend;niet gekend;niet gekend;niet gekend;niet gekend;niet gekend;niet gekend;;niet gekend;niet gekend;niet gekend;niet gekend;niet gekend;niet gekend;niet gekend;niet gekend;niet gekend;niet gekend;niet gekend;niet gekend;niet gekend;niet gekend;niet gekend;niet gekend;niet gekend;niet gekend;niet gekend;niet gekend;niet gekend;niet gekend;niet gekend;niet gekend;niet gekend;niet gekend;niet gekend;niet gekend;niet gekend;niet gekend;niet gekend;niet gekend;niet gekend;niet gekend;niet gekend;niet gekend;niet gekend;niet gekend;niet gekend;niet gekend;niet gekend;niet gekend;niet gekend;niet gekend;niet gekend;niet gekend;niet gekend;niet gekend;niet gekend;niet gekend;niet gekend;niet gekend;niet gekend;niet gekend;niet gekend;niet gekend;niet gekend;niet gekend;niet gekend;niet gekend;niet gekend;niet gekend;niet gekend;niet gekend;niet gekend;niet gekend;niet gekend;niet gekend;niet gekend;niet gekend;niet gekend;;;;;;;;;;
Izegem;29042;Ja;niet gekend;niet gekend;niet gekend;tussen 11 en 50;0;;0;;0;;Ja;1;0,15;0;16;1;1;4;3;3;0;0;4;0;43;0;16;4;20;3;40;1;2;21;3;2;9;0;8;0;2;31;0;5;3;100%;0;;1;100%;Neen;;;;;;;;;;;;;;;;;;;;;;;;;;;;;;Neen;;;;;;;;;;;;;;;;;;;;;;;;;;;;;;;;;;;;;;;;;;;;;;;;;;;;;;;;;;;;;;;;;;;;;;;;Ja;PZ RIHO;Ja;2;0,05;0,05;0;0;0;0;0;0;0;0;0;0;0;0;0;0;0;0;0;0;0;0;0;0;0;0;0;0;0;0;0;0;0;;0;;0;;Ja;0,2;0;40;1;19;1;19;0;30;30;0;12;6;Plaatsbezoeken stedenbouw en milieu worden samen uitgevoerd door de inspecteurs van politie en de lokale milieutoezichthouder van de stad die voorlopig ook de handhaving stedenbouw op zich neemt in afwachting van een handhavingsambtenaar stedenbouw bij stad Izegem (die verbalisant RO zal worden), Soms gaat de lokale milieutoezichthouder van de stad alleen op pad ifv milieu, Aanmaningen worden opgemaakt door de lokale milieutoezichthouder die ook soms PV opstelt, Politie stelt de Processen Verbaal voor stedenbouw op, alsook worden stakingsbevelen door hen opgelegd, Kantschriften en verhoor van de geverbaliseerde wordt opgevolgd door de politie,;Neen;;;;;;;;;;;;;;;;;;;;;;;;;;;;;;;;;;;;;;;;;;;;;;;;;;;;;;;;;;;;;;;;;;;;;;;;;;;;;;;;
Jabbeke;14545;Ja;niet gekend;niet gekend;niet gekend;niet gekend;0;;0;;0;;Ja;1;0,1;0;1;0;0;0;0;0;0;0;0;1;0;0;0;0;0;0;0;0;0;0;0;0;0;0;0;0;0;0;0;0;0;;0;;0;;Neen;;;;;;;;;;;;;;;;;;;;;;;;;;;;;;Neen;;;;;;;;;;;;;;;;;;;;;;;;;;;;;;;;;;;;;;;;;;;;;;;;;;;;;;;;;;;;;;;;;;;;;;;;Neen;;;;;;;;;;;;;;;;;;;;;;;;;;;;;;;;;;;;;;;;;;;;;;;;;;;;;;;;;Neen;;;;;;;;;;;;;;;;;;;;;;;;;;;;;;;;;;;;;;;;;;;;;;;;;;;;;;;;;;;;;;;;;;;;;;;;;;;;;;;;
Kalmthout;19430;Ja;366;1264;731;niet gekend;0;;1;100%;0;;Neen;;;;;;;;;;;;;;;;;;;;;;;;;;;;;;;;;;;;;;;;Neen;;;;;;;;;;;;;;;;;;;;;;;;;;;;;;Ja;IGEAN;Ja;4;niet gekend;niet gekend;1;0;0;1;0;0;0;0;0;0;1;0;1;0;0;0;1;0;0;1;0;0;0;0;0;0;0;1;0;0;0;;0;;0;;Ja;0;2;1;0;niet gekend;niet gekend;niet gekend;5;niet gekend;niet gekend;niet gekend;niet gekend;0;0;niet gekend;0;1;0;2;1;0;;0;;0;0;0;0;;Ja;PZ Grens;Neen;;;;;;;;;;;;;;;;;;;;;;;;;;;;;;;;;;;;;;;;Ja;niet gekend;niet gekend;niet gekend;niet gekend;niet gekend;niet gekend;niet gekend;niet gekend;niet gekend;niet gekend;niet gekend;niet gekend;niet gekend;;Neen;;;;;;;;;;;;;;;;;;;;;;;;;;;;;;;;;;;;;;;;;;;;;;;;;;;;;;;;;;;;;;;;;;;;;;;;;;;;;;;;
Kampenhout;12442;non-respons;non-respons;non-respons;non-respons;non-respons;non-respons;non-respons;non-respons;non-respons;non-respons;non-respons;non-respons;non-respons;non-respons;non-respons;non-respons;non-respons;non-respons;non-respons;non-respons;non-respons;non-respons;non-respons;non-respons;non-respons;non-respons;non-respons;non-respons;non-respons;non-respons;non-respons;non-respons;non-respons;non-respons;non-respons;non-respons;non-respons;non-respons;non-respons;non-respons;non-respons;non-respons;non-respons;non-respons;non-respons;non-respons;non-respons;non-respons;non-respons;non-respons;non-respons;non-respons;non-respons;non-respons;non-respons;non-respons;non-respons;non-respons;non-respons;non-respons;non-respons;non-respons;non-respons;non-respons;non-respons;non-respons;non-respons;non-respons;non-respons;non-respons;non-respons;non-respons;non-respons;non-respons;non-respons;non-respons;non-respons;non-respons;non-respons;non-respons;non-respons;non-respons;non-respons;non-respons;non-respons;non-respons;non-respons;non-respons;non-respons;non-respons;non-respons;non-respons;non-respons;non-respons;non-respons;non-respons;non-respons;non-respons;non-respons;non-respons;non-respons;non-respons;non-respons;non-respons;non-respons;non-respons;non-respons;non-respons;non-respons;non-respons;non-respons;non-respons;non-respons;non-respons;non-respons;non-respons;non-respons;non-respons;non-respons;non-respons;non-respons;non-respons;non-respons;non-respons;non-respons;non-respons;non-respons;non-respons;non-respons;non-respons;non-respons;non-respons;non-respons;non-respons;non-respons;non-respons;non-respons;non-respons;non-respons;non-respons;non-respons;non-respons;non-respons;non-respons;non-respons;non-respons;non-respons;non-respons;non-respons;non-respons;non-respons;non-respons;non-respons;non-respons;non-respons;non-respons;non-respons;non-respons;non-respons;non-respons;non-respons;non-respons;non-respons;non-respons;non-respons;non-respons;non-respons;non-respons;non-respons;non-respons;non-respons;non-respons;non-respons;non-respons;non-respons;non-respons;non-respons;non-respons;non-respons;non-respons;non-respons;non-respons;non-respons;non-respons;non-respons;non-respons;non-respons;non-respons;non-respons;non-respons;non-respons;non-respons;non-respons;non-respons;non-respons;non-respons;non-respons;non-respons;non-respons;non-respons;non-respons;non-respons;non-respons;non-respons;non-respons;non-respons;non-respons;non-respons;non-respons;non-respons;non-respons;non-respons;non-respons;non-respons;non-respons;non-respons;non-respons;non-respons;non-respons;non-respons;non-respons;non-respons;non-respons;non-respons;non-respons;non-respons;non-respons;non-respons;non-respons;non-respons;non-respons;non-respons;non-respons;non-respons;non-respons;non-respons;non-respons;non-respons;non-respons;non-respons;non-respons;non-respons;non-respons;non-respons;non-respons;non-respons;non-respons;non-respons;non-respons;non-respons;non-respons;non-respons;non-respons;non-respons;non-respons;non-respons;non-respons;non-respons;non-respons;non-respons;non-respons;non-respons;non-respons;non-respons;non-respons;non-respons;non-respons;non-respons;non-respons;non-respons;non-respons;non-respons;non-respons;non-respons;non-respons;non-respons;non-respons;non-respons;non-respons;non-respons;non-respons;;;;;;;;;;
Kapellen;28276;Ja;39;200;667;tussen 11 en 50;0;;0;;0;;Neen;;;;;;;;;;;;;;;;;;;;;;;;;;;;;;;;;;;;;;;;Neen;;;;;;;;;;;;;;;;;;;;;;;;;;;;;;Ja;IGEAN;Ja;4;niet gekend;niet gekend;2;0;0;0;0;0;1;0;0;0;2;0;1;1;0;0;1;0;0;0;0;0;1;0;0;0;0;1;0;0;0;;0;;0;;Ja;0;2;1;0;niet gekend;niet gekend;niet gekend;23;niet gekend;niet gekend;niet gekend;niet gekend;0;0;niet gekend;0;15;0;2;1;0;;0;;0;0;0;0;;Ja;PZ Noord;Ja;1;0,1;0,1;niet gekend;niet gekend;niet gekend;niet gekend;niet gekend;niet gekend;niet gekend;niet gekend;niet gekend;niet gekend;niet gekend;niet gekend;niet gekend;niet gekend;niet gekend;niet gekend;niet gekend;niet gekend;niet gekend;niet gekend;niet gekend;niet gekend;niet gekend;niet gekend;niet gekend;niet gekend;niet gekend;niet gekend;niet gekend;niet gekend;niet gekend;niet gekend;niet gekend;niet gekend;niet gekend;niet gekend;Ja;0,4;niet gekend;niet gekend;niet gekend;niet gekend;niet gekend;niet gekend;niet gekend;niet gekend;niet gekend;niet gekend;niet gekend;niet gekend;;Neen;;;;;;;;;;;;;;;;;;;;;;;;;;;;;;;;;;;;;;;;;;;;;;;;;;;;;;;;;;;;;;;;;;;;;;;;;;;;;;;;
Kapelle-op-den-Bos;9668;Ja;4;22;130;tussen 1 en 10;0;;0;;0;;Neen;;;;;;;;;;;;;;;;;;;;;;;;;;;;;;;;;;;;;;;;Neen;;;;;;;;;;;;;;;;;;;;;;;;;;;;;;Ja;Haviland;Ja;3;0,01;0;3;0;0;0;1;0;1;0;1;0;9;4;3;2;0;0;3;0;0;0;1;0;1;0;1;0;0;4;0;2;0;;0;;0;;Neen;;;;;;;;;;;;;;;;;;;;;;;;;;;;;;Neen;;;;;;;;;;;;;;;;;;;;;;;;;;;;;;;;;;;;;;;;;;;;;;;;;;;;;;;;;Neen;;;;;;;;;;;;;;;;;;;;;;;;;;;;;;;;;;;;;;;;;;;;;;;;;;;;;;;;;;;;;;;;;;;;;;;;;;;;;;;;
Kaprijke;6593;Neen;niet gekend;niet gekend;niet gekend;niet gekend;0;;0;;0;;Neen;;;;;;;;;;;;;;;;;;;;;;;;;;;;;;;;;;;;;;;;Neen;;;;;;;;;;;;;;;;;;;;;;;;;;;;;;Ja;Veneco;Neen;;;;;;;;;;;;;;;;;;;;;;;;;;;;;;;;;;;;;;;;Neen;;;;;;;;;;;;;;;;;;;;;;;;;;;;;;Ja;PZ Meetjesland;Neen;;;;;;;;;;;;;;;;;;;;;;;;;;;;;;;;;;;;;;;;Ja;niet gekend;0;0;0;0;0;0;0;0;niet gekend;0;0;0;;Neen;;;;;;;;;;;;;;;;;;;;;;;;;;;;;;;;;;;;;;;;;;;;;;;;;;;;;;;;;;;;;;;;;;;;;;;;;;;;;;;;
Kasterlee;19471;Ja;niet gekend;niet gekend;niet gekend;tussen 11 en 50;0;;0;;0;;Neen;;;;;;;;;;;;;;;;;;;;;;;;;;;;;;;;;;;;;;;;Neen;;;;;;;;;;;;;;;;;;;;;;;;;;;;;;Ja;IOK;Neen;;;;;;;;;;;;;;;;;;;;;;;;;;;;;;;;;;;;;;;;Ja;0;3;2;0;1,5;1,6;0,1;0;31;2;9;20;0;0;19;0;13;0;3;0;0;;0;;0;0;0;0;;Ja;PZ regio Turnhout;Ja;4;0,37;0;37;1;1;3;2;6;9;1;12;2;34;5;15;1;10;3;18;0;0;2;1;0;5;0;9;1;4;13;1;6;2;50%;0;;0;;Ja;0,14;13;15;0;9;2;2;2;11;2;0;9;5;;Neen;;;;;;;;;;;;;;;;;;;;;;;;;;;;;;;;;;;;;;;;;;;;;;;;;;;;;;;;;;;;;;;;;;;;;;;;;;;;;;;;
Keerbergen;13203;Ja;niet gekend;niet gekend;niet gekend;niet gekend;0;;0;;0;;Neen;;;;;;;;;;;;;;;;;;;;;;;;;;;;;;;;;;;;;;;;Neen;;;;;;;;;;;;;;;;;;;;;;;;;;;;;;Ja;Interleuven;Ja;2;0,1;0,1;16;0;1;4;0;1;2;0;8;0;100;18;12;15;19;36;20;0;0;7;0;0;3;0;10;0;3;27;0;4;0;;0;;0;;Ja;0;3;0;0;0,4;0;0,1;39;63;7;31;11;4;4;26;4;38;0;4;2;0;;0;;0;0;0;0;Er wordt zeer sterk ingezet op proactieve controles inzake bronbemalingen en heraanplantingen, Met betrekking tot de controles van de heraanplantinten worden alleen de controles die leiden tot overtredingen opgenomen in de registratie,;Neen;;;;;;;;;;;;;;;;;;;;;;;;;;;;;;;;;;;;;;;;;;;;;;;;;;;;;;;;;Neen;;;;;;;;;;;;;;;;;;;;;;;;;;;;;;;;;;;;;;;;;;;;;;;;;;;;;;;;;;;;;;;;;;;;;;;;;;;;;;;;
Kinrooi;12314;Ja;59;73;989;niet gekend;0;;0;;0;;Ja;1;0,1;0;108;0;2;3;5;11;8;5;60;14;88;6;82;12;0;0;75;0;0;1;3;6;3;2;60;0;4;11;0;0;0;;0;;0;;Ja;0;0;0;0;0;0;0;40;0;0;0;0;0;0;0;0;0;0;0;0;0;;0;;0;0;0;0;De handhavingstaken RO, op de besluiten burgemeester mbt handhaving RO na, worden uitgevoerd door de Intergemeentelijke Samenwerking Handhaving Ruimte Midden-Limburg;Ja;Intergemeentelijke Samenwerking Handhaving Ruimte Midden-Limburg;Neen;;;;;;;;;;;;;;;;;;;;;;;;;;;;;;;;;;;;;;;;Ja;0;1;0;0;0,4;0;0,03;0;250;niet gekend;40;niet gekend;1;niet gekend;36;0;53;0;0;0;0;;0;;0;1;0;0;Handhaving RO ihkv de Intergemeentelijke samenwerking is in Kinrooi opgestart in 2022 (vooral pro-actieve en preventieve handhaving);Neen;;;;;;;;;;;;;;;;;;;;;;;;;;;;;;;;;;;;;;;;;;;;;;;;;;;;;;;;;Neen;;;;;;;;;;;;;;;;;;;;;;;;;;;;;;;;;;;;;;;;;;;;;;;;;;;;;;;;;;;;;;;;;;;;;;;;;;;;;;;;
Kluisbergen;6880;Ja;niet gekend;niet gekend;niet gekend;niet gekend;niet gekend;niet gekend;niet gekend;niet gekend;niet gekend;niet gekend;Ja;1;niet gekend;niet gekend;;niet gekend;niet gekend;niet gekend;niet gekend;niet gekend;niet gekend;niet gekend;niet gekend;niet gekend;niet gekend;niet gekend;niet gekend;niet gekend;niet gekend;niet gekend;;niet gekend;niet gekend;niet gekend;niet gekend;niet gekend;niet gekend;niet gekend;niet gekend;niet gekend;niet gekend;niet gekend;niet gekend;niet gekend;niet gekend;niet gekend;niet gekend;niet gekend;niet gekend;niet gekend;Neen;;;;;;;;;;;;;;;;;;;;;;;;;;;;;;Ja;SOLVA;Ja;1;0,02;0,01;5;0;1;0;0;0;1;0;1;2;7;1;3;2;1;1;4;0;1;0;0;0;1;0;1;2;2;5;0;0;0;;0;;0;;Ja;1;0;0;0,03;0;0;0,01;7;10;3;6;1;1;2;7;0;6;1;1;0;0;;0;;1;0;0;0;;Ja;PZ Vlaamse Ardennen;Ja;niet gekend;niet gekend;niet gekend;6;0;0;0;0;5;0;0;1;niet gekend;6;niet gekend;6;niet gekend;niet gekend;niet gekend;6;0;0;0;0;5;0;0;1;0;niet gekend;niet gekend;niet gekend;6;niet gekend;niet gekend;niet gekend;niet gekend;niet gekend;niet gekend;Ja;niet gekend;niet gekend;niet gekend;niet gekend;niet gekend;niet gekend;niet gekend;niet gekend;niet gekend;niet gekend;niet gekend;niet gekend;niet gekend;De politie beschikt niet over een milieutoezichtshouder maar neemt een aantal toezichtstaken op zich,;Neen;;;;;;;;;;;;;;;;;;;;;;;;;;;;;;;;;;;;;;;;;;;;;;;;;;;;;;;;;;;;;;;;;;;;;;;;;;;;;;;;
Knokke-Heist;32650;Ja;70;100;350;tussen 11 en 50;0;;3;100%;0;;Ja;1;0,2;0,1;63;0;5;0;1;4;0;3;50;0;30;0;10;4;0;0;7;0;0;0;0;4;0;3;0;0;0;7;0;0;0;;0;;0;;Ja;1;0;0;1;0;0;0;73;290;40;73;30;170;100;319;5;290;0;15;3;3;100%;0;;0;0;3;0;;Neen;;;;;;;;;;;;;;;;;;;;;;;;;;;;;;;;;;;;;;;;;;;;;;;;;;;;;;;;;;;;;;;;;;;;;;;;Neen;;;;;;;;;;;;;;;;;;;;;;;;;;;;;;;;;;;;;;;;;;;;;;;;;;;;;;;;;Neen;;;;;;;;;;;;;;;;;;;;;;;;;;;;;;;;;;;;;;;;;;;;;;;;;;;;;;;;;;;;;;;;;;;;;;;;;;;;;;;;
Koekelare;8873;Ja;112;186;607;niet gekend;0;;0;;0;;Neen;;;;;;;;;;;;;;;;;;;;;;;;;;;;;;;;;;;;;;;;Neen;;;;;;;;;;;;;;;;;;;;;;;;;;;;;;Ja;WVI;Ja;1;0,01;0;4;2;1;0;0;0;1;0;0;0;4;1;4;4;0;0;1;0;1;0;0;0;0;0;0;0;0;1;0;0;0;;0;;0;;Ja;1;0;0;0,09;0;0;0;niet gekend;16;9;16;8;0;0;6;2;7;0;2;1;0;;0;;0;0;0;0;;Neen;;;;;;;;;;;;;;;;;;;;;;;;;;;;;;;;;;;;;;;;;;;;;;;;;;;;;;;;;Neen;;;;;;;;;;;;;;;;;;;;;;;;;;;;;;;;;;;;;;;;;;;;;;;;;;;;;;;;;;;;;;;;;;;;;;;;;;;;;;;;
Koksijde;21916;Ja;11;65;350;niet gekend;0;;0;;0;;Ja;2;0,05;0;9;0;2;1;0;4;0;0;1;1;7;0;7;0;0;0;1;0;1;0;0;0;0;0;0;0;2;0;0;0;1;100%;0;;0;;Neen;;;;;;;;;;;;;;;;;;;;;;;;;;;;;;Neen;;;;;;;;;;;;;;;;;;;;;;;;;;;;;;;;;;;;;;;;;;;;;;;;;;;;;;;;;;;;;;;;;;;;;;;;Ja;PZ Westkust;Ja;2;1;0;0;0;0;0;0;1;0;1;0;1;0;0;0;0;0;0;0;0;0;0;0;0;0;0;0;0;0;2;0;2;1;100%;0;;0;;Ja;1;0;0;0;0;0;0;0;1;1;0;10;2;;Neen;;;;;;;;;;;;;;;;;;;;;;;;;;;;;;;;;;;;;;;;;;;;;;;;;;;;;;;;;;;;;;;;;;;;;;;;;;;;;;;;
Kontich;21625;Ja;12;105;301;meer dan 100;0;;0;;0;;Ja;2;0,5;0;39;0;0;2;0;1;29;2;17;0;63;17;20;20;10;2;29;6;0;6;2;2;10;1;2;0;27;37;1;9;2;50%;0;;0;;Ja;1;0;0;0,5;0,45;0,05;0;86;152;25;15;10;50;51;107;25;107;0;18;5;0;;0;;0;2;0;0;;Neen;;;;;;;;;;;;;;;;;;;;;;;;;;;;;;;;;;;;;;;;;;;;;;;;;;;;;;;;;;;;;;;;;;;;;;;;Neen;;;;;;;;;;;;;;;;;;;;;;;;;;;;;;;;;;;;;;;;;;;;;;;;;;;;;;;;;Neen;;;;;;;;;;;;;;;;;;;;;;;;;;;;;;;;;;;;;;;;;;;;;;;;;;;;;;;;;;;;;;;;;;;;;;;;;;;;;;;;
Kortemark;12875;Ja;59;124;455;niet gekend;0;;0;;0;;Ja;1;0;0,05;62;0;7;8;0;17;10;1;6;27;0;0;0;0;0;0;0;0;0;0;0;0;0;0;0;0;0;0;0;0;0;;0;;0;;Neen;;;;;;;;;;;;;;;;;;;;;;;;;;;;;;Ja;WVI;Ja;1;0,01;0;10;1;0;0;0;9;1;0;0;0;5;1;2;2;0;0;1;0;0;0;0;0;1;0;0;0;0;0;0;0;0;;0;;0;;Ja;1;0;0;0,19;0;0;0;27;29;11;12;6;0;0;8;1;1;0;5;2;0;;0;;0;0;0;0;;Neen;;;;;;;;;;;;;;;;;;;;;;;;;;;;;;;;;;;;;;;;;;;;;;;;;;;;;;;;;Neen;;;;;;;;;;;;;;;;;;;;;;;;;;;;;;;;;;;;;;;;;;;;;;;;;;;;;;;;;;;;;;;;;;;;;;;;;;;;;;;;
Kortenaken;7969;Ja;36;125;867;niet gekend;0;;0;;0;;Ja;1;0,1;0;13;0;5;3;0;3;0;0;2;0;10;2;6;2;0;0;1;0;0;0;0;1;0;0;0;0;0;1;0;0;0;;0;;0;;Ja;0;1;0;0;0,01;0;0;4;5;1;4;0;0;0;4;0;4;0;0;1;0;;0;;0;0;0;0;;Neen;;;;;;;;;;;;;;;;;;;;;;;;;;;;;;;;;;;;;;;;;;;;;;;;;;;;;;;;;;;;;;;;;;;;;;;;Ja;PZ Hageland;Neen;;;;;;;;;;;;;;;;;;;;;;;;;;;;;;;;;;;;;;;;Ja;0,001;1;2;1;1;0;0;0;1;1;0;0;0;;Neen;;;;;;;;;;;;;;;;;;;;;;;;;;;;;;;;;;;;;;;;;;;;;;;;;;;;;;;;;;;;;;;;;;;;;;;;;;;;;;;;
Kortenberg;20931;Ja;niet gekend;niet gekend;niet gekend;niet gekend;0;;0;;0;;Neen;;;;;;;;;;;;;;;;;;;;;;;;;;;;;;;;;;;;;;;;Neen;;;;;;;;;;;;;;;;;;;;;;;;;;;;;;Ja;Interleuven;Ja;2;0,1;0,1;14;0;1;2;1;0;2;0;8;0;24;2;11;2;4;5;8;0;0;0;1;0;0;0;7;0;1;19;0;1;0;;0;;0;;Ja;0;2;0;0,1;0,1;0,1;0,1;14;15;3;5;0;7;0;6;3;14;0;8;1;0;;0;;0;0;0;0;;Neen;;;;;;;;;;;;;;;;;;;;;;;;;;;;;;;;;;;;;;;;;;;;;;;;;;;;;;;;;Neen;;;;;;;;;;;;;;;;;;;;;;;;;;;;;;;;;;;;;;;;;;;;;;;;;;;;;;;;;;;;;;;;;;;;;;;;;;;;;;;;
Kortessem;8722;Ja;2;3;4;niet gekend;0;;1;100%;0;;Neen;;;;;;;;;;;;;;;;;;;;;;;;;;;;;;;;;;;;;;;;Neen;;;;;;;;;;;;;;;;;;;;;;;;;;;;;;Neen;;;;;;;;;;;;;;;;;;;;;;;;;;;;;;;;;;;;;;;;;;;;;;;;;;;;;;;;;;;;;;;;;;;;;;;;Ja;PZ Loon;Ja;1;0,01;0,01;niet gekend;0;0;0;0;niet gekend;0;0;0;niet gekend;niet gekend;0;2;0;0;0;niet gekend;0;0;0;0;niet gekend;0;0;0;niet gekend;2;0;0;5;0;;niet gekend;niet gekend;niet gekend;niet gekend;Neen;;;;;;;;;;;;;;;niet gekend;niet gekend;niet gekend;niet gekend;niet gekend;niet gekend;niet gekend;niet gekend;niet gekend;niet gekend;niet gekend;niet gekend;niet gekend;niet gekend;niet gekend;niet gekend;niet gekend;niet gekend;niet gekend;niet gekend;niet gekend;niet gekend;niet gekend;niet gekend;niet gekend;niet gekend;niet gekend;niet gekend;niet gekend;niet gekend;niet gekend;niet gekend;niet gekend;niet gekend;niet gekend;niet gekend;niet gekend;niet gekend;niet gekend;niet gekend;niet gekend;niet gekend;niet gekend;niet gekend;niet gekend;niet gekend;niet gekend;niet gekend;niet gekend;niet gekend;niet gekend;niet gekend;niet gekend;niet gekend;niet gekend;niet gekend;niet gekend;niet gekend;niet gekend;niet gekend;niet gekend;niet gekend;niet gekend;niet gekend;niet gekend;niet gekend;niet gekend;niet gekend;niet gekend;niet gekend;niet gekend;;;;;;;;;;
Kortrijk;79072;niet gekend;niet gekend;niet gekend;niet gekend;niet gekend;niet gekend;niet gekend;niet gekend;niet gekend;niet gekend;niet gekend;niet gekend;niet gekend;niet gekend;niet gekend;niet gekend;niet gekend;niet gekend;niet gekend;niet gekend;niet gekend;niet gekend;niet gekend;niet gekend;niet gekend;niet gekend;niet gekend;niet gekend;niet gekend;niet gekend;niet gekend;niet gekend;niet gekend;niet gekend;niet gekend;niet gekend;niet gekend;niet gekend;niet gekend;niet gekend;niet gekend;niet gekend;niet gekend;niet gekend;niet gekend;niet gekend;niet gekend;niet gekend;niet gekend;niet gekend;niet gekend;niet gekend;niet gekend;niet gekend;niet gekend;niet gekend;niet gekend;niet gekend;niet gekend;niet gekend;niet gekend;niet gekend;niet gekend;niet gekend;niet gekend;niet gekend;niet gekend;niet gekend;niet gekend;niet gekend;niet gekend;niet gekend;niet gekend;niet gekend;niet gekend;niet gekend;niet gekend;niet gekend;niet gekend;niet gekend;;Ja;Leiedal;Ja;niet gekend;0,1;niet gekend;9;3;0;0;2;1;0;0;1;2;9;1;8;0;0;0;9;3;0;0;2;1;0;0;1;2;7;2;niet gekend;niet gekend;niet gekend;;niet gekend;;niet gekend;;Ja;niet gekend;niet gekend;1;niet gekend;0,2;niet gekend;niet gekend;51;51;11;40;0;0;0;51;23;24;niet gekend;4;niet gekend;niet gekend;;niet gekend;;niet gekend;niet gekend;niet gekend;niet gekend;;niet gekend;niet gekend;niet gekend;niet gekend;niet gekend;niet gekend;niet gekend;niet gekend;niet gekend;niet gekend;niet gekend;niet gekend;niet gekend;niet gekend;niet gekend;niet gekend;niet gekend;niet gekend;niet gekend;niet gekend;niet gekend;niet gekend;niet gekend;niet gekend;niet gekend;niet gekend;niet gekend;niet gekend;niet gekend;niet gekend;niet gekend;niet gekend;niet gekend;niet gekend;niet gekend;niet gekend;niet gekend;niet gekend;niet gekend;niet gekend;niet gekend;niet gekend;niet gekend;niet gekend;niet gekend;niet gekend;niet gekend;niet gekend;niet gekend;niet gekend;niet gekend;niet gekend;niet gekend;niet gekend;niet gekend;niet gekend;;niet gekend;niet gekend;niet gekend;niet gekend;niet gekend;niet gekend;niet gekend;niet gekend;niet gekend;niet gekend;niet gekend;niet gekend;niet gekend;niet gekend;niet gekend;niet gekend;niet gekend;niet gekend;niet gekend;niet gekend;niet gekend;niet gekend;niet gekend;niet gekend;niet gekend;niet gekend;niet gekend;niet gekend;niet gekend;niet gekend;niet gekend;niet gekend;niet gekend;niet gekend;niet gekend;niet gekend;niet gekend;niet gekend;niet gekend;niet gekend;niet gekend;niet gekend;niet gekend;niet gekend;niet gekend;niet gekend;niet gekend;niet gekend;niet gekend;niet gekend;niet gekend;niet gekend;niet gekend;niet gekend;niet gekend;niet gekend;niet gekend;niet gekend;niet gekend;niet gekend;niet gekend;niet gekend;niet gekend;niet gekend;niet gekend;niet gekend;niet gekend;niet gekend;niet gekend;niet gekend;niet gekend;;;;;;;;;;
Kraainem;14044;Ja;14;19;86;niet gekend;0;;0;;0;;Ja;1;0;0;0;0;0;0;0;0;0;0;0;0;0;0;0;0;0;0;0;0;0;0;0;0;0;0;0;0;0;0;0;0;0;;0;;0;;Ja;0;1;0;0;0,1;0;0;niet gekend;0;0;0;0;0;0;0;0;10;0;2;1;0;;0;;0;0;0;0;Onderbezetting van de dienst omgeving, Onderzoek samenwerkingsovereenkomst is lopende inzake handhaving,;Neen;;;;;;;;;;;;;;;;;;;;;;;;;;;;;;;;;;;;;;;;;;;;;;;;;;;;;;;;;;;;;;;;;;;;;;;;Neen;;;;;;;;;;;;;;;;;;;;;;;;;;;;;;;;;;;;;;;;;;;;;;;;;;;;;;;;;Neen;;;;;;;;;;;;;;;;;;;;;;;;;;;;;;;;;;;;;;;;;;;;;;;;;;;;;;;;;;;;;;;;;;;;;;;;;;;;;;;;
Kruibeke;17063;Neen;36;60;344;niet gekend;0;;0;;0;;Ja;1;0,2;0,1;46;5;6;5;3;7;3;2;10;5;17;5;8;4;4;2;15;0;1;4;0;3;3;2;2;0;10;5;0;0;0;;0;;0;;Neen;;;;;;;;;;;;;;;;;;;;;;;;;;;;;;Neen;;;;;;;;;;;;;;;;;;;;;;;;;;;;;;;;;;;;;;;;;;;;;;;;;;;;;;;;;;;;;;;;;;;;;;;;Ja;PZ Temse -Kruibeke;Neen;;;;;;;;;;;;;;;;;;;;;;;;;;;;;;;;;;;;;;;;Ja;1;7;3;0;3;0;0;0;3;3;0;0;0;;Neen;;;;;;;;;;;;;;;;;;;;;;;;;;;;;;;;;;;;;;;;;;;;;;;;;;;;;;;;;;;;;;;;;;;;;;;;;;;;;;;;
Kruisem;15964;Ja;51;200;300;niet gekend;0;;niet gekend;niet gekend;0;;Ja;2;0,1;0;26;0;0;4;0;0;0;0;22;4;5;0;5;0;0;0;5;0;0;4;0;0;1;0;0;0;2;4;0;2;0;;0;;0;;Neen;;;;;;;;;;;;;;;;;;;;;;;;;;;;;;Neen;;;;;;;;;;;;;;;;;;;;;;;;;;;;;;;;;;;;;;;;;;;;;;;;;;;;;;;;;;;;;;;;;;;;;;;;Ja;PZ Vlaamse Ardennen;Neen;;;;;;;;;;;;;;;;;;;;;;;;;;;;;;;;;;;;;;;;Ja;niet gekend;224;224;niet gekend;niet gekend;niet gekend;niet gekend;niet gekend;niet gekend;niet gekend;niet gekend;29;niet gekend;"29 PV's waarvan 10 stedenbouw, 4 nachtlawaai, 14 sluikstorten en 1 afvalverbranding; 11 GAS PV's  sluikstorten/zwerfvuil";Neen;;;;;;;;;;;;;;;;;;;;;;;;;;;;;;;;;;;;;;;;;;;;;;;;;;;;;;;;;;;;;;;;;;;;;;;;;;;;;;;;
Kuurne;14037;niet gekend;niet gekend;niet gekend;niet gekend;niet gekend;niet gekend;niet gekend;niet gekend;niet gekend;niet gekend;niet gekend;niet gekend;niet gekend;niet gekend;niet gekend;niet gekend;niet gekend;niet gekend;niet gekend;niet gekend;niet gekend;niet gekend;niet gekend;niet gekend;niet gekend;niet gekend;niet gekend;niet gekend;niet gekend;niet gekend;niet gekend;niet gekend;niet gekend;niet gekend;niet gekend;niet gekend;niet gekend;niet gekend;niet gekend;niet gekend;niet gekend;niet gekend;niet gekend;niet gekend;niet gekend;niet gekend;niet gekend;niet gekend;niet gekend;niet gekend;niet gekend;niet gekend;niet gekend;niet gekend;niet gekend;niet gekend;niet gekend;niet gekend;niet gekend;niet gekend;niet gekend;niet gekend;niet gekend;niet gekend;niet gekend;niet gekend;niet gekend;niet gekend;niet gekend;niet gekend;niet gekend;niet gekend;niet gekend;niet gekend;niet gekend;niet gekend;niet gekend;niet gekend;niet gekend;niet gekend;;Ja;Leiedal;Neen;;;;;;;;;;;;;;;;;;;;;;;;;;;;;;;;;;;;;;;;Ja;niet gekend;1;niet gekend;0;0,2;0;0;7;7;0;7;0;0;0;7;1;5;0;1;0;0;;0;;0;0;0;0;Intergemeentelijke handhaving opgestart in november 2022;niet gekend;niet gekend;niet gekend;niet gekend;niet gekend;niet gekend;niet gekend;niet gekend;niet gekend;niet gekend;niet gekend;niet gekend;niet gekend;niet gekend;niet gekend;niet gekend;niet gekend;niet gekend;niet gekend;niet gekend;niet gekend;niet gekend;niet gekend;niet gekend;niet gekend;niet gekend;niet gekend;niet gekend;niet gekend;niet gekend;niet gekend;niet gekend;niet gekend;niet gekend;niet gekend;niet gekend;niet gekend;niet gekend;niet gekend;niet gekend;niet gekend;niet gekend;niet gekend;niet gekend;niet gekend;niet gekend;niet gekend;niet gekend;niet gekend;niet gekend;niet gekend;niet gekend;niet gekend;niet gekend;niet gekend;niet gekend;;niet gekend;niet gekend;niet gekend;niet gekend;niet gekend;niet gekend;niet gekend;niet gekend;niet gekend;niet gekend;niet gekend;niet gekend;niet gekend;niet gekend;niet gekend;niet gekend;niet gekend;niet gekend;niet gekend;niet gekend;niet gekend;niet gekend;niet gekend;niet gekend;niet gekend;niet gekend;niet gekend;niet gekend;niet gekend;niet gekend;niet gekend;niet gekend;niet gekend;niet gekend;niet gekend;niet gekend;niet gekend;niet gekend;niet gekend;niet gekend;niet gekend;niet gekend;niet gekend;niet gekend;niet gekend;niet gekend;niet gekend;niet gekend;niet gekend;niet gekend;niet gekend;niet gekend;niet gekend;niet gekend;niet gekend;niet gekend;niet gekend;niet gekend;niet gekend;niet gekend;niet gekend;niet gekend;niet gekend;niet gekend;niet gekend;niet gekend;niet gekend;niet gekend;niet gekend;niet gekend;niet gekend;;;;;;;;;;
Laakdal;16713;Neen;25;62;niet gekend;niet gekend;0;;0;;0;;Ja;1;0,1;0;niet gekend;niet gekend;niet gekend;niet gekend;niet gekend;niet gekend;niet gekend;niet gekend;niet gekend;niet gekend;0;0;0;0;0;0;0;0;0;0;0;0;0;0;0;0;niet gekend;niet gekend;niet gekend;niet gekend;niet gekend;niet gekend;niet gekend;niet gekend;niet gekend;niet gekend;Ja;0;0;0;0;0;0;0,1;19;0;0;0;0;0;0;0;niet gekend;6;0;0;0;0;;0;;0;0;0;0;;Ja;IOK;Ja;2;1,8;0,2;0;0;0;0;0;0;0;0;0;0;7;3;4;0;0;0;2;0;0;0;0;0;2;0;0;0;0;4;0;0;0;;0;;0;;Ja;0;3;2;0;1,5;1,6;0,1;0;16;2;8;6;0;0;6;0;6;0;2;1;0;;0;;1;0;0;0;;Neen;;;;;;;;;;;;;;;;;;;;;;;;;;;;;;;;;;;;;;;;;;;;;;;;;;;;;;;;;Neen;;;;;;;;;;;;;;;;;;;;;;;;;;;;;;;;;;;;;;;;;;;;;;;;;;;;;;;;;;;;;;;;;;;;;;;;;;;;;;;;
Laarne;12525;Ja;20;112;285;niet gekend;0;;0;;0;;Neen;;;;;;;;;;;;;;;;;;;;;;;;;;;;;;;;;;;;;;;;Ja;0;0;0;0;0;0;0,3;35;35;2;18;15;0;0;11;10;11;0;2;1;0;;0;;0;0;0;0;;Neen;;;;;;;;;;;;;;;;;;;;;;;;;;;;;;;;;;;;;;;;;;;;;;;;;;;;;;;;;;;;;;;;;;;;;;;;Ja;PZ Wetteren-Laarne-Wichelen;Ja;1;1;0;100;0;7;0;2;75;4;0;10;2;11;4;9;1;1;3;niet gekend;0;1;0;0;5;3;0;2;0;16;10;0;4;2;100%;0;;0;;Neen;;;;;;;;;;;;;;2 P,V,'s opgemaakt door Lokale Politie na ontvangst technisch verslag, foto's, plannetje en verdere info van dienst omgeving gemeente;Neen;;;;;;;;;;;;;;;;;;;;;;;;;;;;;;;;;;;;;;;;;;;;;;;;;;;;;;;;;;;;;;;;;;;;;;;;;;;;;;;;
Lanaken;26531;Ja;29;niet gekend;niet gekend;niet gekend;0;;0;;0;;Ja;1;0,2;0,2;75;0;0;26;4;14;7;0;0;4;16;4;14;6;3;0;12;1;0;1;4;0;7;0;0;0;0;38;0;1;0;;0;;0;;Ja;0;1;0;0;0,5;0;0;47;niet gekend;niet gekend;niet gekend;niet gekend;niet gekend;niet gekend;36;niet gekend;26;0;6;1;0;;1;100%;0;0;0;0;;Neen;;;;;;;;;;;;;;;;;;;;;;;;;;;;;;;;;;;;;;;;;;;;;;;;;;;;;;;;;;;;;;;;;;;;;;;;Ja;PZ LAMA;Neen;;;;;;;;;;;;;;;;;;;;;;;;;;;;;;;;;;;;;;;;Neen;;;;;;;;;;;;;;;Neen;;;;;;;;;;;;;;;;;;;;;;;;;;;;;;;;;;;;;;;;;;;;;;;;;;;;;;;;;;;;;;;;;;;;;;;;;;;;;;;;
Landen;16299;Ja;14;40;240;niet gekend;2;100%;0;;0;;Ja;1;0,5;0,2;90;5;5;10;5;20;5;10;20;10;54;12;25;15;2;0;42;0;0;3;2;5;2;5;20;5;25;30;0;0;0;;0;;2;100%;Ja;1;0;0;0,2;0;0;0;9;9;0;9;0;0;0;7;0;6;0;1;0;0;;0;;0;0;0;0;"Voor het luik milieutoezicht, 
- bij heel wat schendingen en vaststellingen van overtredingen kan 0 overtreder aangewezen worden : bv, sluikstorten, bodemvervuiling, 
   geurhinder maar bv, ook in geval van geluid (afschrikkanonnen, vuurwerk),
-  heel wat schendingen vallen onder de zgn, vrije velddelicten
- een groot aantal klachten hangen telkens vast aan 1 bepaald dossier; 
-  het geluidsniveau op fuiven wordt in principe steeds proactief gecontroleerd, Voor fuiven worden ook bijzonder normen (dB(C) opgelegd,
- het instrumentarium voor milieuhandhaving is zeer effectief bruikbaar en vlot hanteerbaar;
- de ondersteuning en de hulp vanuit de gewestelijke administratie milieu-inspectie is zeer goed; 
- na de opmaak van een PV ontbreekt soms elke terugkoppeling van het parket naar de toezichthouder, Niet altijd wordt de procedure voor bestuurlijke handhaving opgestart waardoor dan elk verder spoor ontbreekt;
- in 2021 ging ik als lokale toezichthouder naar de Raad van State tegen een besluit van onze minister van Omgeving (beroepsdossier tegen bestuurlijke maatregelen lichthinder en geluidshinder laden - en lossen winkelcentrum), Uitspraak is er nog niet;   ";Neen;;;;;;;;;;;;;;;;;;;;;;;;;;;;;;;;;;;;;;;;;;;;;;;;;;;;;;;;;;;;;;;;;;;;;;;;Ja;PZ Getevallei;Neen;;;;;;;;;;;;;;;;;;;;;;;;;;;;;;;;;;;;;;;;Neen;;;;;;;;;;;;;;;Neen;;;;;;;;;;;;;;;;;;;;;;;;;;;;;;;;;;;;;;;;;;;;;;;;;;;;;;;;;;;;;;;;;;;;;;;;;;;;;;;;
Langemark-Poelkapelle;8296;Ja;78;198;315;niet gekend;0;;0;;0;;Neen;;;;;;;;;;;;;;;;;;;;;;;;;;;;;;;;;;;;;;;;Neen;;;;;;;;;;;;;;;;;;;;;;;;;;;;;;Neen;;;;;;;;;;;;;;;;;;;;;;;;;;;;;;;;;;;;;;;;;;;;;;;;;;;;;;;;;;;;;;;;;;;;;;;;Ja;PZ Arro Ieper;Ja;4;3,83;0;14;0;2;2;0;0;7;0;3;0;26;4;11;8;1;2;13;0;2;1;0;0;6;0;4;0;0;10;0;4;0;;0;;0;;Ja;1;7;9;0;6;2;0;0;4;4;0;2;2;;Neen;;;;;;;;;;;;;;;;;;;;;;;;;;;;;;;;;;;;;;;;;;;;;;;;;;;;;;;;;;;;;;;;;;;;;;;;;;;;;;;;
Lebbeke;19931;Ja;niet gekend;niet gekend;niet gekend;niet gekend;0;;0;;0;;Ja;2;0,5;0;131;0;1;20;22;19;45;2;7;15;45;2;45;0;0;0;45;0;1;10;1;0;15;0;7;11;1;41;0;1;0;;0;;0;;Neen;;;;;;;;;;;;;;;;;;;;;;;;;;;;;;Ja;DDS;Neen;;;;;;;;;;;;;;;;;;;;;;;;;;;;;;;;;;;;;;;;Ja;1;1;0;niet gekend;niet gekend;niet gekend;niet gekend;3;9;niet gekend;4;niet gekend;0;0;4;1;2;0;0;0;0;;0;;1;3;0;0;;Neen;;;;;;;;;;;;;;;;;;;;;;;;;;;;;;;;;;;;;;;;;;;;;;;;;;;;;;;;;Neen;;;;;;;;;;;;;;;;;;;;;;;;;;;;;;;;;;;;;;;;;;;;;;;;;;;;;;;;;;;;;;;;;;;;;;;;;;;;;;;;
Lede;19171;Ja;6;78;970;niet gekend;0;;0;;0;;Neen;;;;;;;;;;;;;;;;;;;;;;;;;;;;;;;;;;;;;;;;Neen;;;;;;;;;;;;;;;;;;;;;;;;;;;;;;Ja;SOLVA;Ja;1;0,03;0,03;14;0;1;0;0;1;3;0;5;0;17;2;12;2;0;3;12;0;1;0;0;1;3;0;4;1;5;8;0;0;0;;0;;0;;Ja;1;0;0;0,07;0;0;0,03;17;9;12;10;7;2;5;12;5;12;2;2;2;0;;0;;0;0;0;0;;Ja;PZ Erpe-Mere/Lede;Neen;;;;;;;;;;;;;;;;;;;;;;;;;;;;;;;;;;;;;;;;Neen;;;;;;;;;;;;;;;Neen;;;;;;;;;;;;;;;;;;;;;;;;;;;;;;;;;;;;;;;;;;;;;;;;;;;;;;;;;;;;;;;;;;;;;;;;;;;;;;;;
Ledegem;9775;Ja;3;9;23;niet gekend;0;;0;;0;;niet gekend;niet gekend;niet gekend;niet gekend;niet gekend;niet gekend;niet gekend;niet gekend;niet gekend;niet gekend;niet gekend;niet gekend;niet gekend;niet gekend;niet gekend;niet gekend;niet gekend;niet gekend;niet gekend;niet gekend;niet gekend;niet gekend;niet gekend;niet gekend;niet gekend;niet gekend;niet gekend;niet gekend;niet gekend;niet gekend;niet gekend;niet gekend;niet gekend;niet gekend;niet gekend;niet gekend;niet gekend;niet gekend;niet gekend;niet gekend;niet gekend;niet gekend;niet gekend;niet gekend;niet gekend;niet gekend;niet gekend;niet gekend;niet gekend;niet gekend;niet gekend;niet gekend;niet gekend;niet gekend;niet gekend;niet gekend;niet gekend;niet gekend;niet gekend;niet gekend;niet gekend;niet gekend;niet gekend;niet gekend;niet gekend;niet gekend;niet gekend;niet gekend;niet gekend;;niet gekend;niet gekend;niet gekend;niet gekend;niet gekend;niet gekend;niet gekend;niet gekend;niet gekend;niet gekend;niet gekend;niet gekend;niet gekend;niet gekend;niet gekend;niet gekend;niet gekend;niet gekend;niet gekend;niet gekend;niet gekend;niet gekend;niet gekend;niet gekend;niet gekend;niet gekend;niet gekend;niet gekend;niet gekend;niet gekend;niet gekend;niet gekend;niet gekend;niet gekend;niet gekend;niet gekend;niet gekend;niet gekend;niet gekend;niet gekend;niet gekend;niet gekend;niet gekend;niet gekend;niet gekend;niet gekend;niet gekend;niet gekend;niet gekend;niet gekend;niet gekend;niet gekend;niet gekend;niet gekend;niet gekend;niet gekend;niet gekend;niet gekend;niet gekend;niet gekend;niet gekend;niet gekend;niet gekend;niet gekend;niet gekend;niet gekend;niet gekend;niet gekend;niet gekend;niet gekend;niet gekend;;Ja;PZ Grensleie;Ja;3;0,45;1,05;159;niet gekend;9;2;5;76;niet gekend;0;3;67;159;niet gekend;159; niet gekend;niet gekend;niet gekend;3;niet gekend;0;0;0;1;0;0;2;2;0;1;0;1;1;100%;0;;0;;Ja;1,5;9;15;0;0;0;0;5;1;1;0;0;0;;niet gekend;niet gekend;niet gekend;niet gekend;niet gekend;niet gekend;niet gekend;niet gekend;niet gekend;niet gekend;niet gekend;niet gekend;niet gekend;niet gekend;niet gekend;niet gekend;niet gekend;niet gekend;niet gekend;niet gekend;niet gekend;niet gekend;niet gekend;niet gekend;niet gekend;niet gekend;niet gekend;niet gekend;niet gekend;niet gekend;niet gekend;niet gekend;niet gekend;niet gekend;niet gekend;niet gekend;niet gekend;niet gekend;niet gekend;niet gekend;niet gekend;niet gekend;niet gekend;niet gekend;niet gekend;niet gekend;niet gekend;niet gekend;niet gekend;niet gekend;niet gekend;niet gekend;niet gekend;niet gekend;niet gekend;niet gekend;niet gekend;niet gekend;niet gekend;niet gekend;niet gekend;niet gekend;niet gekend;niet gekend;niet gekend;niet gekend;niet gekend;niet gekend;niet gekend;niet gekend;niet gekend;;;;;;;;;;
Lendelede;5868;Ja;60;170;380;tussen 1 en 10;0;;0;;0;;Ja;1;0,1;0;17;0;7;0;0;10;0;0;0;0;1;0;1;0;0;0;0;0;0;0;0;0;0;0;0;0;1;0;0;0;0;;0;;0;;Neen;;;;;;;;;;;;;;;;;;;;;;;;;;;;;;Ja;Intercommunale Leiedal;Neen;;;;;;;;;;;;;;;;;;;;;;;;;;;;;;;;;;;;;;;;Neen;;;;;;;;;;;;;;;;;;;;;;;;;;;;;Er is een samenwerkingsverband maar tot op heden nog 0 gebruik van gemaakt,;Ja;PZ VLAS;Neen;;;;;;;;;;;;;;;;;;;;;;;;;;;;;;;;;;;;;;;;niet gekend;niet gekend;niet gekend;niet gekend;niet gekend;niet gekend;niet gekend;niet gekend;niet gekend;niet gekend;niet gekend;niet gekend;niet gekend;niet gekend;;niet gekend;niet gekend;niet gekend;niet gekend;niet gekend;niet gekend;niet gekend;niet gekend;niet gekend;niet gekend;niet gekend;niet gekend;niet gekend;niet gekend;niet gekend;niet gekend;niet gekend;niet gekend;niet gekend;niet gekend;niet gekend;niet gekend;niet gekend;niet gekend;niet gekend;niet gekend;niet gekend;niet gekend;niet gekend;niet gekend;niet gekend;niet gekend;niet gekend;niet gekend;niet gekend;niet gekend;niet gekend;niet gekend;niet gekend;niet gekend;niet gekend;niet gekend;niet gekend;niet gekend;niet gekend;niet gekend;niet gekend;niet gekend;niet gekend;niet gekend;niet gekend;niet gekend;niet gekend;niet gekend;niet gekend;niet gekend;niet gekend;niet gekend;niet gekend;niet gekend;niet gekend;niet gekend;niet gekend;niet gekend;niet gekend;niet gekend;niet gekend;niet gekend;niet gekend;niet gekend;niet gekend;;;;;;;;;;
Lennik;9436;Ja;12;77;245;tussen 11 en 50;0;;0;;0;;Ja;1;0,2;0,05;300;0;0;0;0;9;10;1;100;155;160;15;120;10;10;5;0;0;0;0;0;1;7;1;100;10;50;33;0;5;0;;0;;1;100%;Neen;;;;;;;;;;;;;;;;;;;;;;;;;;;;;De omgevingsambtenaren ontvangen de klachten inzake ro, na beoordeling worden deze afgehandeld, doorgestuurd naar de politie of naar de intergemeentelijke samenwerking met Haviland, Ontvangen klachten +/- 25 ;Ja;Haviland;Neen;;;;;;;;;;;;;;;;;;;;;;;;;;;;;;;;;;;;;;;;Ja;0;2;0;niet gekend;0;0;0;4;4;4;4;0;0;0;4;4;1;0;0;0;0;;0;;0;0;0;0;;Ja;PZ Pajottenland;Ja;3;1;0;27;0;0;0;0;0;2;0;4;0;11;0;5;1;0;0;5;0;0;0;0;0;2;0;3;0;0;0;0;5;0;;2;100%;0;;Ja;1;8;8;0;6;2;0;0;7;7;0;7;0;;Neen;;;;;;;;;;;;;;;;;;;;;;;;;;;;;;;;;;;;;;;;;;;;;;;;;;;;;;;;;;;;;;;;;;;;;;;;;;;;;;;;
Leopoldsburg;16941;Ja;10;50;100;niet gekend;1;;0;;0;;Ja;1;0,05;0;16;0;0;5;1;1;4;0;2;3;2;2;0;1;0;0;9;0;0;1;0;0;4;0;1;3;2;7;0;2;0;;0;;0;;Neen;;;;;;;;;;;;;;;;;;;;;;;;;;;;;;Neen;;;;;;;;;;;;;;;;;;;;;;;;;;;;;;;;;;;;;;;;;;;;;;;;;;;;;;;;;;;;;;;;;;;;;;;;Neen;;;;;;;;;;;;;;;;;;;;;;;;;;;;;;;;;;;;;;;;;;;;;;;;;;;;;;;;;Neen;;;;;;;;;;;;;;;;;;;;;;;;;;;;;;;;;;;;;;;;;;;;;;;;;;;;;;;;;;;;;;;;;;;;;;;;;;;;;;;;
Leuven;103130;Ja;65;330;3150;niet gekend;0;;0;;0;;Ja;4;1;0;40;0;1;1;2;13;0;0;3;20;40;5;27;8;0;0;14;0;0;0;0;7;0;0;0;6;9;6;0;2;0;;0;;0;;Ja;0;2;0;0;0,8;0;1;600;106;46;55;5;5;0;40;5;334;0;7;3;0;;0;;0;2;0;0;;Neen;;;;;;;;;;;;;;;;;;;;;;;;;;;;;;;;;;;;;;;;;;;;;;;;;;;;;;;;;;;;;;;;;;;;;;;;Neen;;;;;;;;;;;;;;;;;;;;;;;;;;;;;;;;;;;;;;;;;;;;;;;;;;;;;;;;;Neen;;;;;;;;;;;;;;;;;;;;;;;;;;;;;;;;;;;;;;;;;;;;;;;;;;;;;;;;;;;;;;;;;;;;;;;;;;;;;;;;
Lichtervelde;9169;Ja;70;120;250;tussen 11 en 50;0;;0;;0;;Neen;;;;;;;;;;;;;;;;;;;;;;;;;;;;;;;;;;;;;;;;Neen;;;;;;;;;;;;;;;;;;;;;;;;;;;;;;Ja;WVI;Ja;1;0,02;0;7;0;1;0;0;5;0;0;1;0;12;0;7;1;4;0;3;1;0;0;0;0;1;0;1;0;0;0;0;0;0;;0;;0;;Ja;1;0;0;0,1;0,09;0,01;0;21;34;6;18;5;5;0;10;0;9;0;7;0;0;;0;;1;0;0;0;;Ja;PZ Regio Tielt;Neen;;;;;;;;;;;;;;;;;;;;;;;;;;;;;;;;;;;;;;;;Neen;;;;;;;;;;;;;;Inzake sluikstorten wordt er nog beroep gedaan in onze zone;Neen;;;;;;;;;;;;;;;;;;;;;;;;;;;;;;;;;;;;;;;;;;;;;;;;;;;;;;;;;;;;;;;;;;;;;;;;;;;;;;;;
Liedekerke;13895;Ja;15;61;272;tussen 11 en 50;0;;0;;0;;Ja;1;0,25;0,4;91;0;5;4;4;6;5;2;57;7;72;4;68;6;0;0;60;0;1;1;2;3;1;2;49;14;47;13;0;0;0;;0;;0;;Neen;;;;;;;;;;;;;;;;;;;;;;;;;;;;;voor 2022 samenwerking met Haviland qua handhaving;Ja;Haviland;Neen;;;;;;;;;;;;;;;;;;;;;;;;;;;;;;;;;;;;;;;;Ja;0;1;0;0;0;0;0,3;27;5;0;5;0;0;0;5;3;2;2;0;1;0;;0;;0;0;0;0;;Neen;;;;;;;;;;;;;;;;;;;;;;;;;;;;;;;;;;;;;;;;;;;;;;;;;;;;;;;;;Neen;;;;;;;;;;;;;;;;;;;;;;;;;;;;;;;;;;;;;;;;;;;;;;;;;;;;;;;;;;;;;;;;;;;;;;;;;;;;;;;;
Lier;37975;niet gekend;25;150;200;niet gekend;niet gekend;niet gekend;niet gekend;niet gekend;niet gekend;niet gekend;Ja;0;0,25;0,25;niet gekend;niet gekend;niet gekend;niet gekend;niet gekend;niet gekend;niet gekend;niet gekend;niet gekend;niet gekend;niet gekend;niet gekend;niet gekend;niet gekend;niet gekend;niet gekend;niet gekend;niet gekend;niet gekend;niet gekend;niet gekend;niet gekend;niet gekend;niet gekend;niet gekend;niet gekend;niet gekend;niet gekend;niet gekend;niet gekend;niet gekend;niet gekend;niet gekend;niet gekend;niet gekend;niet gekend;niet gekend;niet gekend;niet gekend;niet gekend;niet gekend;niet gekend;niet gekend;niet gekend;niet gekend;niet gekend;niet gekend;niet gekend;niet gekend;niet gekend;niet gekend;niet gekend;niet gekend;niet gekend;niet gekend;niet gekend;niet gekend;niet gekend;niet gekend;niet gekend;niet gekend;niet gekend;niet gekend;niet gekend;niet gekend;;Ja;IGEMO;Ja;2;niet gekend;niet gekend;19;4;0;2;2;3;3;0;5;0;12;niet gekend;niet gekend;niet gekend;niet gekend;niet gekend;12;niet gekend;niet gekend;niet gekend;niet gekend;niet gekend;niet gekend;niet gekend;niet gekend;niet gekend;1;4;0;4;1;100%;0;;0;;Ja;2;4;0;niet gekend;niet gekend;niet gekend;niet gekend ;41;27;niet gekend;niet gekend;niet gekend;niet gekend;niet gekend;27;1;12;0;8;3;0;;0;;0;0;0;0;;niet gekend;niet gekend;niet gekend;niet gekend;niet gekend;niet gekend;niet gekend;niet gekend;niet gekend;niet gekend;niet gekend;niet gekend;niet gekend;niet gekend;niet gekend;niet gekend;niet gekend;niet gekend;niet gekend;niet gekend;niet gekend;niet gekend;niet gekend;niet gekend;niet gekend;niet gekend;niet gekend;niet gekend;niet gekend;niet gekend;niet gekend;niet gekend;niet gekend;niet gekend;niet gekend;niet gekend;niet gekend;niet gekend;niet gekend;niet gekend;niet gekend;niet gekend;niet gekend;niet gekend;niet gekend;niet gekend;niet gekend;niet gekend;niet gekend;niet gekend;niet gekend;niet gekend;niet gekend;niet gekend;niet gekend;niet gekend;;niet gekend;niet gekend;niet gekend;niet gekend;niet gekend;niet gekend;niet gekend;niet gekend;niet gekend;niet gekend;niet gekend;niet gekend;niet gekend;niet gekend;niet gekend;niet gekend;niet gekend;niet gekend;niet gekend;niet gekend;niet gekend;niet gekend;niet gekend;niet gekend;niet gekend;niet gekend;niet gekend;niet gekend;niet gekend;niet gekend;niet gekend;niet gekend;niet gekend;niet gekend;niet gekend;niet gekend;niet gekend;niet gekend;niet gekend;niet gekend;niet gekend;niet gekend;niet gekend;niet gekend;niet gekend;niet gekend;niet gekend;niet gekend;niet gekend;niet gekend;niet gekend;niet gekend;niet gekend;niet gekend;niet gekend;niet gekend;niet gekend;niet gekend;niet gekend;niet gekend;niet gekend;niet gekend;niet gekend;niet gekend;niet gekend;niet gekend;niet gekend;niet gekend;niet gekend;niet gekend;niet gekend;;;;;;;;;;
Lierde;6807;Ja;niet gekend;niet gekend;niet gekend;niet gekend;niet gekend;niet gekend;niet gekend;niet gekend;niet gekend;niet gekend;Ja;1;niet gekend;niet gekend;niet gekend;niet gekend;niet gekend;niet gekend;niet gekend;niet gekend;niet gekend;niet gekend;niet gekend;niet gekend;niet gekend;niet gekend;niet gekend;niet gekend;niet gekend;niet gekend;niet gekend;niet gekend;niet gekend;niet gekend;niet gekend;niet gekend;niet gekend;niet gekend;niet gekend;niet gekend;niet gekend;niet gekend;niet gekend;niet gekend;niet gekend;niet gekend;niet gekend;niet gekend;niet gekend;niet gekend;Neen;;;;;;;;;;;;;;;;;;;;;;;;;;;;;;Ja;SOLVA;Ja;1;0,03;0,01;10;0;0;1;0;1;3;1;3;1;11;3;8;2;0;1;8;0;0;1;0;1;2;1;2;1;1;7;0;0;0;;0;;0;;Ja;1;0;0;0,07;0;0;0,03;9;13;5;7;2;1;3;8;2;5;0;0;0;0;;0;;1;0;0;0;;Neen;;;;;;;;;;;;;;;;;;;;;;;;;;;;;;;;;;;;;;;;;;;;;;;;;;;;;;;;;Neen;;;;;;;;;;;;;;;;;;;;;;;;;;;;;;;;;;;;;;;;;;;;;;;;;;;;;;;;;;;;;;;;;;;;;;;;;;;;;;;;
Lievegem;26997;Ja;80;240;580;niet gekend;0;;0;;0;;Ja;3;0,15;0,05;20;0;3;3;0;5;1;1;4;3;19;1;12;1;7;0;14;0;0;1;1;1;1;1;7;2;10;4;0;4;0;;0;;0;;Ja;2;1;0;0,15;0,05;0;0;36;10;0;10;0;0;0;10;1;18;0;0;0;0;;0;;0;0;0;0;;Ja;VENECO;Ja;1;0,05;0,005;0;0;0;0;0;0;0;0;0;0;5;2;0;0;3;0;0;0;0;0;0;0;1;0;2;0;0;2;0;0;0;;0;;0;;Ja;2;0;0;0,15;0,1;0,05;0,02;0;20;4;11;5;0;0;9;1;5;0;3;0;0;;0;;0;2;0;0;Het aantal VTE ondersteuning en de verdeling tussen de rol als verbalisant en inspecteur zijn ruwe schattingen achteraf, De overige cijfers werden systematisch bijgehouden gedurende het jaar, Ze vormen een ondergrens: het is mogelijk dat het bijhouden een of enkele keren mislukt is,;Ja;PZ Deinze-Zulte-Lievegem;Neen;;;;;;;;;;;;;;;;;;;;;;;;;;;;;;;;;;;;;;;;Ja;niet gekend;niet gekend;niet gekend;niet gekend;niet gekend;niet gekend;niet gekend;niet gekend;niet gekend;niet gekend;0;3;0;Controles en vaststellingen inzake milieubeleid gebeuren vanuit de algemene vaststellingsbevoegdheid van de politiediensten,  in dit kader werden er wel processen-verbaal opgesteld,;Neen;;;;;;;;;;;;;;;;;;;;;;;;;;;;;;;;;;;;;;;;;;;;;;;;;;;;;;;;;;;;;;;;;;;;;;;;;;;;;;;;
Lille;16860;Ja;30;100;500;niet gekend;1;100%;0;;0;;Neen;;;;;;;;;;;;;;;;;;;;;;;;;;;;;;;;;;;;;;;;Ja;0;1;0;0;0,8;0;0,1;160;80;23;44;17;0;0;0;12;35;0;0;0;0;;0;;0;0;0;0;;Ja;IOK;Neen;;;;;;;;;;;;;;;;;;;;;;;;;;;;;;;;;;;;;;;;Ja;0;3;2;0;1,5;1,6;0,1;0;50;13;14;23;0;0;8;0;12;0;0;0;0;;0;;0;0;0;0;;Ja;PZ Regio Turnhout;Ja;4;0,43;0;42;1;0;9;3;2;9;1;15;1;39;6;14;5;7;7;21;0;0;7;1;0;4;1;7;1;6;11;0;9;1;100%;0;;0;;Ja;0,24;23;26;2;15;1;6;2;21;2;0;13;8;;Neen;;;;;;;;;;;;;;;;;;;;;;;;;;;;;;;;;;;;;;;;;;;;;;;;;;;;;;;;;;;;;;;;;;;;;;;;;;;;;;;;
Linkebeek;4638;Neen;4;10;14;niet gekend;0;;0;;0;;Neen;;;;;;;;;;;;;;;;;;;;;;;;;;;;;;;;;;;;;;;;Neen;;;;;;;;;;;;;;;;;;;;;;;;;;;;;;Ja;Haviland;Neen;;;;;;;;;;;;;;;;;;;;;;;;;;;;;;;;;;;;;;;;Ja;0;2;0;0;0,01;0;0;1;3;1;1;1;0;0;1;0;0;0;1;0;0;;0;;0;0;0;0;;Neen;;;;;;;;;;;;;;;;;;;;;;;;;;;;;;;;;;;;;;;;;;;;;;;;;;;;;;;;;Neen;;;;;;;;;;;;;;;;;;;;;;;;;;;;;;;;;;;;;;;;;;;;;;;;;;;;;;;;;;;;;;;;;;;;;;;;;;;;;;;;
Lint;8704;Ja;1;23;122;tussen 1 en 10;0;;0;;0;;Neen;;;;;;;;;;;;;;;;;;;;;;;;;;;;;;;;;;;;;;;;Neen;;;;;;;;;;;;;;;;;;;;;;;;;;;;;Bij de klasse 3 inrichtingen is er vanuit gegaan dat alle gemelde activiteiten/inrichtingen nog actief waren tenzij anders vermeld,;Neen;;;;;;;;;;;;;;;;;;;;;;;;;;;;;;;;;;;;;;;;;;;;;;;;;;;;;;;;;;;;;;;;;;;;;;;;Neen;;;;;;;;;;;;;;;;;;;;;;;;;;;;;;;;;;;;;;;;;;;;;;;;;;;;;;;;;Neen;;;;;;;;;;;;;;;;;;;;;;;;;;;;;;;;;;;;;;;;;;;;;;;;;;;;;;;;;;;;;;;;;;;;;;;;;;;;;;;;
Linter;7320;Neen;10;70;70;niet gekend;0;;0;;0;;Ja;1;0,1;0,1;3;0;0;2;0;0;1;0;0;0;3;1;2;2;0;0;3;0;0;2;0;0;1;0;0;0;1;2;0;0;0;;0;;0;;niet gekend;niet gekend;niet gekend;niet gekend;niet gekend;niet gekend;niet gekend;niet gekend;niet gekend;niet gekend;niet gekend;niet gekend;niet gekend;niet gekend;niet gekend;niet gekend;niet gekend;niet gekend;niet gekend;niet gekend;niet gekend;niet gekend;niet gekend;niet gekend;niet gekend;niet gekend;niet gekend;niet gekend;niet gekend;;Ja;Intergemeentelijke Milieudienst van Interleuven;Ja;1;0,1;0,1;1;0;0;0;0;0;1;0;0;0;0;0;0;0;0;0;0;0;0;0;0;0;0;0;0;0;0;0;0;0;0;;0;;0;;Neen;;;;;;;;;;;;;;;;;;;;;;;;;;;;;neen;Ja;PZ Getevallei;Ja;1;0,1;0,1;1;0;0;0;0;0;0;0;0;1;2;1;1;1;0;0;2;0;0;0;0;0;1;0;0;1;1;1;0;0;0;;0;;0;;Neen;;;;;;;;;;;;;;;Neen;;;;;;;;;;;;;;;;;;;;;;;;;;;;;;;;;;;;;;;;;;;;;;;;;;;;;;;;;;;;;;;;;;;;;;;;;;;;;;;;
Lochristi;23073;Ja;65;450;1000;niet gekend;0;;1;0%;1;0%;Ja;2;0,002;0,05;80;niet gekend;5;10;0;30;5;5;25;0;10;0;2;2;8;1;10;0;0;8;0;0;1;0;1;0;8;2;0;0;0;;0;;1;0%;Neen;;;;;;;;;;;;;;;;;;;;;;;;;;;;;Omwille van personeelsgebrek is een accurate registratie van klachten en handhaving niet mogelijk, De aanstelling van een ambtenaar handhaving werd omwille van budgettaire redenen on hold gezet,;Ja;VENECO;Ja;1;0,068;0,01;0;0;0;0;0;0;0;0;0;0;6;3;1;1;1;0;4;0;0;0;1;0;1;0;2;0;0;2;0;0;0;;1;0%;0;;Ja;2;0;0;0,2;0,15;0,05;0,02;0;41;11;5;5;18;2;6;0;2;0;6;0;0;;1;0%;0;1;0;0;De cijfers werden door Veneco systematisch bijgehouden gedurende het jaar, Ze vormen een ondergrens: het is mogelijk dat het bijhouden een of enkele keren mislukt is,;Neen;;;;;;;;;;;;;;;;;;;;;;;;;;;;;;;;;;;;;;;;;;;;;;;;;;;;;;;;;Neen;;;;;;;;;;;;;;;;;;;;;;;;;;;;;;;;;;;;;;;;;;;;;;;;;;;;;;;;;;;;;;;;;;;;;;;;;;;;;;;;
Lokeren;43073;non-respons;non-respons;non-respons;non-respons;non-respons;non-respons;non-respons;non-respons;non-respons;non-respons;non-respons;non-respons;non-respons;non-respons;non-respons;non-respons;non-respons;non-respons;non-respons;non-respons;non-respons;non-respons;non-respons;non-respons;non-respons;non-respons;non-respons;non-respons;non-respons;non-respons;non-respons;non-respons;non-respons;non-respons;non-respons;non-respons;non-respons;non-respons;non-respons;non-respons;non-respons;non-respons;non-respons;non-respons;non-respons;non-respons;non-respons;non-respons;non-respons;non-respons;non-respons;non-respons;non-respons;non-respons;non-respons;non-respons;non-respons;non-respons;non-respons;non-respons;non-respons;non-respons;non-respons;non-respons;non-respons;non-respons;non-respons;non-respons;non-respons;non-respons;non-respons;non-respons;non-respons;non-respons;non-respons;non-respons;non-respons;non-respons;non-respons;non-respons;non-respons;non-respons;non-respons;non-respons;non-respons;non-respons;non-respons;non-respons;non-respons;non-respons;non-respons;non-respons;non-respons;non-respons;non-respons;non-respons;non-respons;non-respons;non-respons;non-respons;non-respons;non-respons;non-respons;non-respons;non-respons;non-respons;non-respons;non-respons;non-respons;non-respons;non-respons;non-respons;non-respons;non-respons;non-respons;non-respons;non-respons;non-respons;non-respons;non-respons;non-respons;non-respons;non-respons;non-respons;non-respons;non-respons;non-respons;non-respons;non-respons;non-respons;non-respons;non-respons;non-respons;non-respons;non-respons;non-respons;non-respons;non-respons;non-respons;non-respons;non-respons;non-respons;non-respons;non-respons;non-respons;non-respons;non-respons;non-respons;non-respons;non-respons;non-respons;non-respons;non-respons;non-respons;non-respons;non-respons;non-respons;non-respons;non-respons;non-respons;non-respons;non-respons;non-respons;non-respons;non-respons;non-respons;non-respons;non-respons;non-respons;non-respons;non-respons;non-respons;non-respons;non-respons;non-respons;non-respons;non-respons;non-respons;non-respons;non-respons;non-respons;non-respons;non-respons;non-respons;non-respons;non-respons;non-respons;non-respons;non-respons;non-respons;non-respons;non-respons;non-respons;non-respons;non-respons;non-respons;non-respons;non-respons;non-respons;non-respons;non-respons;non-respons;non-respons;non-respons;non-respons;non-respons;non-respons;non-respons;non-respons;non-respons;non-respons;non-respons;non-respons;non-respons;non-respons;non-respons;non-respons;non-respons;non-respons;non-respons;non-respons;non-respons;non-respons;non-respons;non-respons;non-respons;non-respons;non-respons;non-respons;non-respons;non-respons;non-respons;non-respons;non-respons;non-respons;non-respons;non-respons;non-respons;non-respons;non-respons;non-respons;non-respons;non-respons;non-respons;non-respons;non-respons;non-respons;non-respons;non-respons;non-respons;non-respons;non-respons;non-respons;non-respons;non-respons;non-respons;non-respons;non-respons;non-respons;non-respons;non-respons;non-respons;non-respons;non-respons;non-respons;non-respons;non-respons;non-respons;non-respons;non-respons;non-respons;non-respons;non-respons;non-respons;non-respons;non-respons;non-respons;non-respons;non-respons;non-respons;non-respons;;;;;;;;;;
Lommel;35391;Ja;niet gekend;niet gekend;niet gekend;niet gekend;niet gekend;niet gekend;niet gekend;niet gekend;niet gekend;niet gekend;Neen;;;;;;;;;;;;;;;;;;;;;;;;;;;;;;;;;;;;;;;;Ja;1;1;0;1;0,5;0;0;30;26;3;19;4;0;0;6;8;6;0;0;0;0;;0;;0;0;0;0;;Neen;;;;;;;;;;;;;;;;;;;;;;;;;;;;;;;;;;;;;;;;;;;;;;;;;;;;;;;;;;;;;;;;;;;;;;;;Neen;;;;;;;;;;;;;;;;;;;;;;;;;;;;;;;;;;;;;;;;;;;;;;;;;;;;;;;;;Neen;;;;;;;;;;;;;;;;;;;;;;;;;;;;;;;;;;;;;;;;;;;;;;;;;;;;;;;;;;;;;;;;;;;;;;;;;;;;;;;;
Londerzeel;19292;Ja;niet gekend;niet gekend;niet gekend;tussen 1 en 10;0;;1;100%;0;;Neen;;;;;;;;;;;;;;;;;;;;;;;;;;;;;;;;;;;;;;;;Ja;0;1;0;0;niet gekend;0;niet gekend;45;niet gekend;niet gekend;niet gekend;niet gekend;niet gekend;niet gekend;niet gekend;niet gekend;10;niet gekend;9;7;0;;0;;0;0;0;niet gekend;;Ja;Haviland;Ja;1;niet gekend;0,1;niet gekend;niet gekend;niet gekend;niet gekend;niet gekend;niet gekend;niet gekend;niet gekend;niet gekend;niet gekend;niet gekend;niet gekend;niet gekend;niet gekend;niet gekend;niet gekend;niet gekend;niet gekend;niet gekend;niet gekend;niet gekend;niet gekend;niet gekend;niet gekend;niet gekend;niet gekend;niet gekend;niet gekend;niet gekend;niet gekend;0;;1;0%;0;;Ja;niet gekend;niet gekend;niet gekend;niet gekend;niet gekend;niet gekend;niet gekend;43;43;niet gekend;10;niet gekend;niet gekend;niet gekend;niet gekend;niet gekend;10;19;9;7;0;;0;;0;0;0;0;;Neen;;;;;;;;;;;;;;;;;;;;;;;;;;;;;;;;;;;;;;;;;;;;;;;;;;;;;;;;;Neen;;;;;;;;;;;;;;;;;;;;;;;;;;;;;;;;;;;;;;;;;;;;;;;;;;;;;;;;;;;;;;;;;;;;;;;;;;;;;;;;
Lo-Reninge;3237;Ja;niet gekend;niet gekend;niet gekend;tussen 11 en 50;0;;0;;0;;Neen;;;;;;;;;;;;;;;;;;;;;;;;;;;;;;;;;;;;;;;;Neen;;;;;;;;;;;;;;;;;;;;;;;;;;;;;;Ja;WVI;Ja;1;0,005;0;1;0;0;0;1;0;0;0;0;0;1;1;0;0;0;0;0;0;0;0;0;0;0;0;0;0;0;0;0;0;0;;0;;0;;Ja;1;0;0;0,045;0;0;0;5;5;2;5;2;0;0;2;0;1;0;1;1;0;;0;;0;0;0;0;;Neen;;;;;;;;;;;;;;;;;;;;;;;;;;;;;;;;;;;;;;;;;;;;;;;;;;;;;;;;;Neen;;;;;;;;;;;;;;;;;;;;;;;;;;;;;;;;;;;;;;;;;;;;;;;;;;;;;;;;;;;;;;;;;;;;;;;;;;;;;;;;
Lubbeek;14922;Ja;niet gekend;niet gekend;niet gekend;niet gekend;0;;0;;0;;Neen;;;;;;;;;;;;;;;;;;;;;;;;;;;;;;;;;;;;;;;;Neen;;;;;;;;;;;;;;;;;;;;;;;;;;;;;;Ja;Interleuven;Ja;2;0,1;0,1;9;0;1;3;0;1;1;0;3;0;30;6;6;5;4;9;7;0;0;3;1;0;1;0;2;0;1;6;0;1;0;;0;;0;;Ja;0;1;0;0;0,1;0;0;14;24;1;9;2;8;3;13;1;15;0;5;2;0;;0;;0;0;0;0;;Neen;;;;;;;;;;;;;;;;;;;;;;;;;;;;;;;;;;;;;;;;;;;;;;;;;;;;;;;;;Neen;;;;;;;;;;;;;;;;;;;;;;;;;;;;;;;;;;;;;;;;;;;;;;;;;;;;;;;;;;;;;;;;;;;;;;;;;;;;;;;;
Lummen;15382;Ja;52;139;640;niet gekend;0;;0;;1;0%;Neen;;;;;;;;;;;;;;;;;;;;;;;;;;;;;;;;;;;;;;;;Ja;0;1;0;0;0,05;0,05;0,1;10;10;0;6;4;0;0;1;0;5;0;1;0;0;;0;;0;0;0;0;;Neen;;;;;;;;;;;;;;;;;;;;;;;;;;;;;;;;;;;;;;;;;;;;;;;;;;;;;;;;;;;;;;;;;;;;;;;;Ja;PZ Limburg Regio Hoofdstad;Ja;1;0,05;0;0;0;0;0;0;0;0;0;0;0;5;0;0;0;0;0;0;0;0;0;0;0;0;0;0;0;0;0;0;0;0;;0;;0;;Ja;0,05;5;5;0;0;0;0;0;0;0;0;0;0;;Neen;;;;;;;;;;;;;;;;;;;;;;;;;;;;;;;;;;;;;;;;;;;;;;;;;;;;;;;;;;;;;;;;;;;;;;;;;;;;;;;;
Maarkedal;6348;Ja;niet gekend;niet gekend;niet gekend;niet gekend;niet gekend;niet gekend;niet gekend;niet gekend;niet gekend;niet gekend;Ja;niet gekend;niet gekend;niet gekend;;niet gekend;niet gekend;niet gekend;niet gekend;niet gekend;niet gekend;niet gekend;niet gekend;niet gekend;niet gekend;niet gekend;niet gekend;niet gekend;niet gekend;niet gekend;;niet gekend;niet gekend;niet gekend;niet gekend;niet gekend;niet gekend;niet gekend;niet gekend;niet gekend;niet gekend;niet gekend;niet gekend;niet gekend;niet gekend;niet gekend;niet gekend;niet gekend;niet gekend;niet gekend;Neen;;;;;;;;;;;;;;;;;;;;;;;;;;;;;;Ja;SOLVA;Ja;1;0,05;0,02;7;0;0;2;1;1;3;0;1;0;40;8;5;2;28;5;33;0;0;2;1;1;3;0;1;25;16;12;0;0;1;0%;0;;0;;Ja;1;0;0;0,1;0,05;0;0;12;32;7;9;3;16;4;25;4;11;0;0;2;1;0%;0;;0;0;0;0;;Neen;;;;;;;;;;;;;;;;;;;;;;;;;;;;;;;;;;;;;;;;;;;;;;;;;;;;;;;;;Neen;;;;;;;;;;;;;;;;;;;;;;;;;;;;;;;;;;;;;;;;;;;;;;;;;;;;;;;;;;;;;;;;;;;;;;;;;;;;;;;;
Maaseik;25727;Ja;30;50;200;niet gekend;1;100%;0;;0;;Ja;1;0,1;0,1;113;0;4;10;5;13;11;2;32;36;30;niet gekend;20;10;0;10;14;0;3;0;2;0;5;0;3;1;4;1;0;1;0;;1;100%;0;;Ja;0;0;0;0;0;0;0,1;27;3;0;3;3;0;0;3;0;18;3;3;0;0;;0;;0;0;0;0;;niet gekend;niet gekend;niet gekend;niet gekend;niet gekend;niet gekend;niet gekend;niet gekend;niet gekend;niet gekend;niet gekend;niet gekend;niet gekend;niet gekend;niet gekend;niet gekend;niet gekend;niet gekend;niet gekend;niet gekend;niet gekend;niet gekend;niet gekend;niet gekend;niet gekend;niet gekend;niet gekend;niet gekend;niet gekend;niet gekend;niet gekend;niet gekend;niet gekend;niet gekend;niet gekend;niet gekend;niet gekend;niet gekend;niet gekend;niet gekend;niet gekend;niet gekend;niet gekend;niet gekend;niet gekend;niet gekend;niet gekend;niet gekend;niet gekend;niet gekend;niet gekend;niet gekend;niet gekend;niet gekend;niet gekend;niet gekend;niet gekend;niet gekend;niet gekend;niet gekend;niet gekend;niet gekend;niet gekend;niet gekend;niet gekend;niet gekend;niet gekend;niet gekend;niet gekend;niet gekend;niet gekend;;Ja;PZ Maasland;Neen;;;;;;;;;;;;;;;;;;;;;;;;;;;;;;;;;;;;;;;;Neen;;;;;;;;;;;;;;;niet gekend;niet gekend;niet gekend;niet gekend;niet gekend;niet gekend;niet gekend;niet gekend;niet gekend;niet gekend;niet gekend;niet gekend;niet gekend;niet gekend;niet gekend;niet gekend;niet gekend;niet gekend;niet gekend;niet gekend;niet gekend;niet gekend;niet gekend;niet gekend;niet gekend;niet gekend;niet gekend;niet gekend;niet gekend;niet gekend;niet gekend;niet gekend;niet gekend;niet gekend;niet gekend;niet gekend;niet gekend;niet gekend;niet gekend;niet gekend;niet gekend;niet gekend;niet gekend;niet gekend;niet gekend;niet gekend;niet gekend;niet gekend;niet gekend;niet gekend;niet gekend;niet gekend;niet gekend;niet gekend;niet gekend;niet gekend;niet gekend;niet gekend;niet gekend;niet gekend;niet gekend;niet gekend;niet gekend;niet gekend;niet gekend;niet gekend;niet gekend;niet gekend;niet gekend;niet gekend;niet gekend;;;;;;;;;;
Maasmechelen;39894;non-respons;non-respons;non-respons;non-respons;non-respons;non-respons;non-respons;non-respons;non-respons;non-respons;non-respons;non-respons;non-respons;non-respons;non-respons;non-respons;non-respons;non-respons;non-respons;non-respons;non-respons;non-respons;non-respons;non-respons;non-respons;non-respons;non-respons;non-respons;non-respons;non-respons;non-respons;non-respons;non-respons;non-respons;non-respons;non-respons;non-respons;non-respons;non-respons;non-respons;non-respons;non-respons;non-respons;non-respons;non-respons;non-respons;non-respons;non-respons;non-respons;non-respons;non-respons;non-respons;non-respons;non-respons;non-respons;non-respons;non-respons;non-respons;non-respons;non-respons;non-respons;non-respons;non-respons;non-respons;non-respons;non-respons;non-respons;non-respons;non-respons;non-respons;non-respons;non-respons;non-respons;non-respons;non-respons;non-respons;non-respons;non-respons;non-respons;non-respons;non-respons;non-respons;non-respons;non-respons;non-respons;non-respons;non-respons;non-respons;non-respons;non-respons;non-respons;non-respons;non-respons;non-respons;non-respons;non-respons;non-respons;non-respons;non-respons;non-respons;non-respons;non-respons;non-respons;non-respons;non-respons;non-respons;non-respons;non-respons;non-respons;non-respons;non-respons;non-respons;non-respons;non-respons;non-respons;non-respons;non-respons;non-respons;non-respons;non-respons;non-respons;non-respons;non-respons;non-respons;non-respons;non-respons;non-respons;non-respons;non-respons;non-respons;non-respons;non-respons;non-respons;non-respons;non-respons;non-respons;non-respons;non-respons;non-respons;non-respons;non-respons;non-respons;non-respons;non-respons;non-respons;non-respons;non-respons;non-respons;non-respons;non-respons;non-respons;non-respons;non-respons;non-respons;non-respons;non-respons;non-respons;non-respons;non-respons;non-respons;non-respons;non-respons;non-respons;non-respons;non-respons;non-respons;non-respons;non-respons;non-respons;non-respons;non-respons;non-respons;non-respons;non-respons;non-respons;non-respons;non-respons;non-respons;non-respons;non-respons;non-respons;non-respons;non-respons;non-respons;non-respons;non-respons;non-respons;non-respons;non-respons;non-respons;non-respons;non-respons;non-respons;non-respons;non-respons;non-respons;non-respons;non-respons;non-respons;non-respons;non-respons;non-respons;non-respons;non-respons;non-respons;non-respons;non-respons;non-respons;non-respons;non-respons;non-respons;non-respons;non-respons;non-respons;non-respons;non-respons;non-respons;non-respons;non-respons;non-respons;non-respons;non-respons;non-respons;non-respons;non-respons;non-respons;non-respons;non-respons;non-respons;non-respons;non-respons;non-respons;non-respons;non-respons;non-respons;non-respons;non-respons;non-respons;non-respons;non-respons;non-respons;non-respons;non-respons;non-respons;non-respons;non-respons;non-respons;non-respons;non-respons;non-respons;non-respons;non-respons;non-respons;non-respons;non-respons;non-respons;non-respons;non-respons;non-respons;non-respons;non-respons;non-respons;non-respons;non-respons;non-respons;non-respons;non-respons;non-respons;non-respons;non-respons;non-respons;non-respons;non-respons;non-respons;non-respons;non-respons;non-respons;non-respons;non-respons;non-respons;non-respons;;;;;;;;;;
Machelen;16469;Ja;40;129;215;niet gekend;1;100%;0;;0;;Ja;1;0,1;0;50;0;1;4;0;4;1;0;40;0;6;0;3;0;2;1;5;0;0;2;0;2;2;0;0;0;1;3;0;2;1;100%;0;;0;;Ja;0;0;0;0,05;0,05;0;0,1;10;2;0;0;0;5;0;6;0;1;6;6;1;0;;0;;0;0;0;0;;Ja;Haviland;Neen;;;;;;;;;;;;;;;;;;;;;;;;;;;;;;;;;;;;;;;;Ja;2;0;0;0,2;0;0;0;0;19;0;3;0;0;0;11;0;4;6;6;2;0;;0;;0;0;0;0;Start laatste kwartaal 2022;Ja;PZ VIMA;Neen;;;;;;;;;;;;;;;;;;;;;;;;;;;;;;;;;;;;;;;;Neen;;;;;;;;;;;;;;;Neen;;;;;;;;;;;;;;;;;;;;;;;;;;;;;;;;;;;;;;;;;;;;;;;;;;;;;;;;;;;;;;;;;;;;;;;;;;;;;;;;
Maldegem;24620;Ja;99;277;242;niet gekend;0;;0;;1;100%;Neen;;;;;;;;;;;;;;;;;;;;;;;;;;;;;;;;;;;;;;;;Neen;;;;;;;;;;;;;;;;;;;;;;;;;;;;;;Ja;Intercommunale Veneco;Ja;1;0;0;0;0;0;0;0;0;0;0;0;0;0;0;0;0;0;0;0;0;0;0;0;0;0;0;0;0;0;0;0;0;0;;0;;0;;Neen;;;;;;;;;;;;;;;;;;;;;;;;;;;;;nee;Ja;PZ Maldegem;Ja;1;1;0;231;15;2;3;6;42;35;4;124;0;6;24;4;5;0;0;12;0;0;1;0;6;0;3;2;0;0;0;0;4;0;;0;;0;;Ja;1;57;48;10;48;16;0;0;36;0;36;36;5;;Neen;;;;;;;;;;;;;;;;;;;;;;;;;;;;;;;;;;;;;;;;;;;;;;;;;;;;;;;;;;;;;;;;;;;;;;;;;;;;;;;;
Malle;16001;Ja;35;55;140;tussen 11 en 50;0;;0;;0;;Ja;1;0,03;0;12;0;0;5;1;5;0;1;0;0;6;0;6;2;0;0;3;0;0;1;1;0;0;1;0;0;4;3;0;0;2;100%;0;;0;;Neen;;;;;;;;;;;;;;;;;;;;;;;;;;;;;;Ja;IGEAN;Neen;;;;;;;;;;;;;;;;;;;;;;;;;;;;;;;;;;;;;;;;Ja;0;2;1;niet gekend;niet gekend;niet gekend;niet gekend;2;niet gekend;niet gekend;niet gekend;niet gekend;niet gekend;niet gekend;2;0;0;0;1;0;0;;0;;0;1;0;0;;Ja;PZ Voorkempen;Ja;1;0,02;0;272;0;15;1;1;237;0;3;15;0;13;0;11;2;8;0;16;0;3;1;1;100;0;3;8;0;0;1;0;7;0;;0;;0;;Ja;0,05;7;13;0;11;2;0;0;7;3;0;1;1;;Neen;;;;;;;;;;;;;;;;;;;;;;;;;;;;;;;;;;;;;;;;;;;;;;;;;;;;;;;;;;;;;;;;;;;;;;;;;;;;;;;;
Mechelen;88773;Ja;77;610;1847;tussen 11 en 50;0;;0;;0; ;Ja;4;0,75;0,25;72;1;3;2;0;10;13;0;2;2;72;9;55;18;33;6;27;1;3;1;0;7;13;0;2;2;24;7;0;0;0;;0;;0;;Ja;1;2;0;0,8;1,8;0;1;655;126;17;109;55;0;0;109;32;117;0;50;5;0;;0;;0;7;2;0;;Neen;;;;;;;;;;;;;;;;;;;;;;;;;;;;;;;;;;;;;;;;;;;;;;;;;;;;;;;;;;;;;;;;;;;;;;;;Neen;;;;;;;;;;;;;;;;;;;;;;;;;;;;;;;;;;;;;;;;;;;;;;;;;;;;;;;;;Neen;;;;;;;;;;;;;;;;;;;;;;;;;;;;;;;;;;;;;;;;;;;;;;;;;;;;;;;;;;;;;;;;;;;;;;;;;;;;;;;;
Meerhout;10347;Ja;31;62;212;tussen 11 en 50;0;;0;;0;;Ja;1;0,01;0;niet gekend;niet gekend;niet gekend;niet gekend;niet gekend;niet gekend;niet gekend;niet gekend;niet gekend;niet gekend;0;0;0;0;0;0;0;0;0;0;0;0;0;0;0;0;0;0;0;0;0;;0;;0;;Neen;;;;;;;;;;;;;;;;;;;;;;;;;;;;;;Ja;Intergemeentelijke dienst handhaving;Ja;2;0;0,2;0;0;0;0;0;0;0;0;0;0;8;3;3;2;0;0;0;0;0;0;0;0;0;0;0;0;0;0;0;0;0;;0;;0;;Ja;0;2;2;0;1,5;1,6;0,1;0;10;0;5;5;0;0;4;0;3;0;0;0;0;;0;;1;0;0;0;;Ja;PZ Geel-Laakdal-Meerhout;Neen;;;;;;;;;;;;;;;;;;;;;;;;;;;;;;;;;;;;;;;;Neen;;;;;;;;;;;;;;"We hebben enkele (3) collega’s binnen het interventieteam die in cumul ook werken in het domein van zowel milieu als ruimtelijke ordening,
Gelet echter op het gespecialiseerde karakter van de wetgeving, de beperkte paciteit die ze aan deze dossiers kunnen besteden, de rol die het gemeentebestuur zelf te vervullen heeft (en daardoor ook de “politieke” gevoeligheden) wordt er voor de dossiers ruimtelijke ordening eigenlijk vooral een beroep gedaan op de diensten van het IOK,  ";Neen;;;;;;;;;;;;;;;;;;;;;;;;;;;;;;;;;;;;;;;;;;;;;;;;;;;;;;;;;;;;;;;;;;;;;;;;;;;;;;;;
Meise;20227;Ja;11;87;270;tussen 11 en 50;0;;0;0;0;0;Ja;1;0,05;0,05;18;0;1;2;3;5;0;0;2;5;10;0;7;3;0;0;11;0;1;2;2;1;0;0;2;3;4;6;0;0;0;;0;;0;;Ja;0;1;0;0;0;0;0,4;28;niet gekend;0;18;5;0;0;14;14;31;niet gekend;2;1;0;;0;;0;1;0;0;;niet gekend;niet gekend;niet gekend;niet gekend;niet gekend;niet gekend;niet gekend;niet gekend;niet gekend;niet gekend;niet gekend;niet gekend;niet gekend;niet gekend;niet gekend;niet gekend;niet gekend;niet gekend;niet gekend;niet gekend;niet gekend;niet gekend;niet gekend;niet gekend;niet gekend;niet gekend;niet gekend;niet gekend;niet gekend;niet gekend;niet gekend;niet gekend;niet gekend;niet gekend;niet gekend;niet gekend;niet gekend;niet gekend;niet gekend;niet gekend;niet gekend;niet gekend;niet gekend;niet gekend;niet gekend;niet gekend;niet gekend;niet gekend;niet gekend;niet gekend;niet gekend;niet gekend;niet gekend;niet gekend;niet gekend;niet gekend;niet gekend;niet gekend;niet gekend;niet gekend;niet gekend;niet gekend;niet gekend;niet gekend;niet gekend;niet gekend;niet gekend;niet gekend;niet gekend;niet gekend;niet gekend;;niet gekend;niet gekend;niet gekend;niet gekend;niet gekend;niet gekend;niet gekend;niet gekend;niet gekend;niet gekend;niet gekend;niet gekend;niet gekend;niet gekend;niet gekend;niet gekend;niet gekend;niet gekend;niet gekend;niet gekend;niet gekend;niet gekend;niet gekend;niet gekend;niet gekend;niet gekend;niet gekend;niet gekend;niet gekend;niet gekend;niet gekend;niet gekend;niet gekend;niet gekend;niet gekend;niet gekend;niet gekend;niet gekend;niet gekend;niet gekend;niet gekend;niet gekend;niet gekend;niet gekend;niet gekend;niet gekend;niet gekend;niet gekend;niet gekend;niet gekend;niet gekend;niet gekend;niet gekend;niet gekend;niet gekend;niet gekend;;niet gekend;niet gekend;niet gekend;niet gekend;niet gekend;niet gekend;niet gekend;niet gekend;niet gekend;niet gekend;niet gekend;niet gekend;niet gekend;niet gekend;niet gekend;niet gekend;niet gekend;niet gekend;niet gekend;niet gekend;niet gekend;niet gekend;niet gekend;niet gekend;niet gekend;niet gekend;niet gekend;niet gekend;niet gekend;niet gekend;niet gekend;niet gekend;niet gekend;niet gekend;niet gekend;niet gekend;niet gekend;niet gekend;niet gekend;niet gekend;niet gekend;niet gekend;niet gekend;niet gekend;niet gekend;niet gekend;niet gekend;niet gekend;niet gekend;niet gekend;niet gekend;niet gekend;niet gekend;niet gekend;niet gekend;niet gekend;niet gekend;niet gekend;niet gekend;niet gekend;niet gekend;niet gekend;niet gekend;niet gekend;niet gekend;niet gekend;niet gekend;niet gekend;niet gekend;niet gekend;niet gekend;;;;;;;;;;
Melle;11968;Ja;8;12;20;tussen 1 en 10;0;;0;;0;;Ja;1;0,1;0,1;15;3;2;1;2;2;1;1;3;0;12;3;8;3;2;2;15;2;1;1;3;2;2;1;3;0;5;8;0;2;0;;0;;0;;Neen;;;;;;;;;;;;;;;;;;;;;;;;;;;;;;Ja;VENECO;Ja;1;0,03;0,003;0;0;0;0;0;0;0;0;0;0;3;3;0;0;0;0;0;0;0;0;0;0;0;0;0;0;0;0;0;0;0;;0;;0;;Ja;2;0;0;0,03;0,02;0,01;0,003;0;7;5;2;0;0;0;1;0;0;0;2;0;0;;0;;0;1;0;0;Het aantal VTE ondersteuning is een ruwe schatting achteraf, De overige cijfers werden systematisch bijgehouden gedurende het jaar, Ze vormen een ondergrens: het is mogelijk dat het bijhouden een of enkele keren mislukt is,;Ja;PZ Regio Rhode en Schelde;Neen;;;;;;;;;;;;;;;;;;;;;;;;;;;;;;;;;;;;;;;;Neen;;;;;;;;;;;;;;;Neen;;;;;;;;;;;;;;;;;;;;;;;;;;;;;;;;;;;;;;;;;;;;;;;;;;;;;;;;;;;;;;;;;;;;;;;;;;;;;;;;
Menen;34427;Ja;42;niet gekend;niet gekend ;niet gekend;0;;0;0;0;0;Neen;;;;;;;;;;;;;;;;;;;;;;;;;;;;;;;;;;;;;;;;Neen;;;;;;;;;;;;;;;;;;;;;;;;;;;;;;Neen;;;;;;;;;;;;;;;;;;;;;;;;;;;;;;;;;;;;;;;;;;;;;;;;;;;;;;;;;;;;;;;;;;;;;;;;Ja;PZ Grensleie ;Ja;3;0,45;1,05;995;0;25;6;0;447;0;0;176;341;54;niet gekend ;1613;98;niet gekend;1;niet gekend ;0;2;0;0;25;0;0;9;20;niet gekend;26;niet gekend ;2;1;niet gekend;0;;0;;Ja;1,5;71;39;niet gekend ;niet gekend ;niet gekend ;0;28;29;19;niet gekend ;10;4;;Neen;;;;;;;;;;;;;;;;;;;;;;;;;;;;;;;;;;;;;;;;;;;;;;;;;;;;;;;;;;;;;;;;;;;;;;;;;;;;;;;;
Merchtem;17746;Ja;niet gekend;niet gekend;niet gekend;tussen 11 en 50;0;;0;;0;;Neen;;;;;;;;;;;;;;;;;;;;;;;;;;;;;;;;;;;;;;;;Neen;;;;;;;;;;;;;;;;;;;;;;;;;;;;;;Ja;Haviland;Ja;3;0,0065;0;1;0;0;0;0;1;0;0;0;0;1;0;1;0;0;0;0;0;0;0;0;0;0;0;0;0;0;0;0;0;0;;0;;0;;Ja;2;0;0;0,01;0;0;0;3;3;0;3;1;0;0;2;0;0;0;2;1;0;;0;;0;0;0;0;;Ja;PZ AMOW;Ja;1;niet gekend;niet gekend;0;0;0;0;0;0;0;0;0;0;0;0;0;0;0;0;0;0;0;0;0;0;0;0;0;0;0;0;0;0;0;;0;;0;;Ja;0;0;0;0;0;0;0;0;0;0;0;0;0;werd verschillende keren opgevraagd maar tot op heden niet overgemaakt;Neen;;;;;;;;;;;;;;;;;;;;;;;;;;;;;;;;;;;;;;;;;;;;;;;;;;;;;;;;;;;;;;;;;;;;;;;;;;;;;;;;
Merelbeke;25204;Neen;5;3;7;niet gekend;0;;0;;0;;Neen;;;;;;;;;;;;;;;;;;;;;;;;;;;;;;;;;;;;;;;;Neen;;;;;;;;;;;;;;;;;;;;;;;;;;;;;;Ja;VENECO;Ja;1;0,08;0,01;3;0;1;0;0;1;0;0;1;0;12;5;1;3;3;0;1;0;0;0;0;0;0;0;1;0;0;1;0;1;0;;0;;0;;Ja;2;0;0;0,3;0,2;0,1;0,03;0;66;31;17;3;15;0;4;0;3;0;6;1;0;;0;;0;2;0;0;Bovenstaande cijfers vormen een realistische ondergrens, want ze zijn systematisch bijgehouden, Uitzondering: het aantal VTE ondersteuning is een inschatting achteraf,;Neen;;;;;;;;;;;;;;;;;;;;;;;;;;;;;;;;;;;;;;;;;;;;;;;;;;;;;;;;;Neen;;;;;;;;;;;;;;;;;;;;;;;;;;;;;;;;;;;;;;;;;;;;;;;;;;;;;;;;;;;;;;;;;;;;;;;;;;;;;;;;
Merksplas;8809;Ja;niet gekend;niet gekend;niet gekend;tussen 1 en 10;0;;0;;0;;Ja;1;0,025;0;16;1;5;2;0;3;0;0;3;2;10;0;7;3;0;0;8;0;0;2;0;1;0;0;3;2;4;0;0;0;0;;0;;0;;Neen;;;;;;;;;;;;;;;;;;;;;;;;;;;;;;Ja;IOK;Ja;2;1,8;0,2;0;0;0;0;0;0;0;0;0;0;2;2;0;0;0;0;0;0;0;0;0;0;0;0;0;0;0;0;0;0;0;;0;;0;;Ja;0;3;2;0;1,5;1,6;0,1;0;1;0;1;0;0;0;0;0;0;0;0;0;0;;0;;1;0;0;0;;Ja;PZ Noorderkempen;Ja;1;niet gekend;0,1;151;0;0;2;2;11;24;1;105;6;niet gekend;niet gekend;45;27;0;0;105;0;0;2;2;11;24;0;105;6;0;0;0;126;0;;0;;0;;Ja;0,5;21;45;niet gekend;45;niet gekend;16;0;24;45;0;45;3;gezamelijke data 3 gemeenten PZ ;Neen;;;;;;;;;;;;;;;;;;;;;;;;;;;;;;;;;;;;;;;;;;;;;;;;;;;;;;;;;;;;;;;;;;;;;;;;;;;;;;;;
Mesen;1073;Neen;3;1;1;0;0;;0;;0;;Neen;;;;;;;;;;;;;;;;;;;;;;;;;;;;;;;;;;;;;;;;Neen;;;;;;;;;;;;;;;;;;;;;;;;;;;;;;Neen;;;;;;;;;;;;;;;;;;;;;;;;;;;;;;;;;;;;;;;;;;;;;;;;;;;;;;;;;;;;;;;;;;;;;;;;Ja;PZ Arro Ieper;Ja;4;3,83;0;0;0;0;0;0;0;0;0;0;0;0;0;0;0;0;0;0;0;0;0;0;0;0;0;0;0;0;0;0;0;0;;0;;0;;Ja;1;1;1;0;1;0;0;0;1;1;0;0;0;;Neen;;;;;;;;;;;;;;;;;;;;;;;;;;;;;;;;;;;;;;;;;;;;;;;;;;;;;;;;;;;;;;;;;;;;;;;;;;;;;;;;
Meulebeke;11104;Ja;40;100;300;tussen 11 en 50;0;;0;;0;;Neen;;;;;;;;;;;;;;;;;;;;;;;;;;;;;;;;;;;;;;;;Neen;;;;;;;;;;;;;;;;;;;;;;;;;;;;;;Ja;WVI;Ja;1;0,09;0;14;1;2;4;0;3;1;0;2;1;29;1;12;5;11;0;12;2;2;1;0;0;5;0;2;0;0;2;0;9;0;;1;niet gekend;0;;Ja;1;0;0;0,11;0;0;0;20;29;2;16;4;7;0;18;0;6;0;8;3;0;;0;;1;0;0;0;;niet gekend;niet gekend;niet gekend;niet gekend;niet gekend;niet gekend;niet gekend;niet gekend;niet gekend;niet gekend;niet gekend;niet gekend;niet gekend;niet gekend;niet gekend;niet gekend;niet gekend;niet gekend;niet gekend;niet gekend;niet gekend;niet gekend;niet gekend;niet gekend;niet gekend;niet gekend;niet gekend;niet gekend;niet gekend;niet gekend;niet gekend;niet gekend;niet gekend;niet gekend;niet gekend;niet gekend;niet gekend;niet gekend;niet gekend;niet gekend;niet gekend;niet gekend;niet gekend;niet gekend;niet gekend;niet gekend;niet gekend;niet gekend;niet gekend;niet gekend;niet gekend;niet gekend;niet gekend;niet gekend;niet gekend;niet gekend;;niet gekend;niet gekend;niet gekend;niet gekend;niet gekend;niet gekend;niet gekend;niet gekend;niet gekend;niet gekend;niet gekend;niet gekend;niet gekend;niet gekend;niet gekend;niet gekend;niet gekend;niet gekend;niet gekend;niet gekend;niet gekend;niet gekend;niet gekend;niet gekend;niet gekend;niet gekend;niet gekend;niet gekend;niet gekend;niet gekend;niet gekend;niet gekend;niet gekend;niet gekend;niet gekend;niet gekend;niet gekend;niet gekend;niet gekend;niet gekend;niet gekend;niet gekend;niet gekend;niet gekend;niet gekend;niet gekend;niet gekend;niet gekend;niet gekend;niet gekend;niet gekend;niet gekend;niet gekend;niet gekend;niet gekend;niet gekend;niet gekend;niet gekend;niet gekend;niet gekend;niet gekend;niet gekend;niet gekend;niet gekend;niet gekend;niet gekend;niet gekend;niet gekend;niet gekend;niet gekend;niet gekend;;;;;;;;;;
Middelkerke;19750;Ja;26;61;167;niet gekend;0;;0;;0;;Ja;1;0,1;0;5;0;1;1;0;0;0;1;2;0;0;0;0;0;0;0;0;0;0;0;0;0;0;0;0;0;0;0;0;0;0;;0;;0;;Neen;;;;;;;;;;;;;;;;;;;;;;;;;;;;;;Neen;;;;;;;;;;;;;;;;;;;;;;;;;;;;;;;;;;;;;;;;;;;;;;;;;;;;;;;;;;;;;;;;;;;;;;;;Ja;PZ Middelkerke;Ja;1;0,1;0,1;0;0;0;0;0;0;0;0;0;0;0;0;0;0;0;0;0;0;0;0;0;0;0;0;0;0;0;0;0;0;0;;0;;0;;Ja;0,1;8;8;0;8;0;0;0;0;8;0;8;4;;Neen;;;;;;;;;;;;;;;;;;;;;;;;;;;;;;;;;;;;;;;;;;;;;;;;;;;;;;;;;;;;;;;;;;;;;;;;;;;;;;;;
Moerbeke;6712;Ja;niet gekend;niet gekend;niet gekend;niet gekend;0;;0;;0;;Neen;;;;;;;;;;;;;;;;;;;;;;;;;;;;;;;;;;;;;;;;Neen;;;;;;;;;;;;;;;;;;;;;;;;;;;;;;Ja;Interwaas - IDM;Ja;1;0,1;0,05;10;0;1;1;1;0;0;0;4;3;5;0;3;0;2;0;3;0;0;0;1;0;0;0;1;1;1;5;0;0;0;;0;;0;;Neen;;;;;;;;;;;;;;;;;;;;;;;;;;;;;;Ja;PZ Regio Puyenbroeck;Neen;;;;;;;;;;;;;;;;;;;;;;;;;;;;;;;;;;;;;;;;Ja;0,1;1;1;1;1;0;0;0;1;0;0;1;0;;Neen;;;;;;;;;;;;;;;;;;;;;;;;;;;;;;;;;;;;;;;;;;;;;;;;;;;;;;;;;;;;;;;;;;;;;;;;;;;;;;;;
Mol;38215;Ja;53;107;niet gekend;meer dan 100;0;;0;;0;;Ja;1;0,1;0,1;2;0;0;1;0;1;0;0;niet gekend;0;4;1;2;1;5;1;0;0;0;0;0;0;0;0;0;0;5;1;0;1;0;;niet gekend;niet gekend;0;;niet gekend;niet gekend;niet gekend;niet gekend;niet gekend;niet gekend;niet gekend;niet gekend;niet gekend;niet gekend;niet gekend;niet gekend;niet gekend;niet gekend;niet gekend;niet gekend;niet gekend;niet gekend;niet gekend;niet gekend;niet gekend;niet gekend;niet gekend;niet gekend;niet gekend;niet gekend;niet gekend;niet gekend;niet gekend;;niet gekend;niet gekend;niet gekend;niet gekend;niet gekend;niet gekend;niet gekend;niet gekend;niet gekend;niet gekend;niet gekend;niet gekend;niet gekend;niet gekend;niet gekend;niet gekend;niet gekend;niet gekend;niet gekend;niet gekend;niet gekend;niet gekend;niet gekend;niet gekend;niet gekend;niet gekend;niet gekend;niet gekend;niet gekend;niet gekend;niet gekend;niet gekend;niet gekend;niet gekend;niet gekend;niet gekend;niet gekend;niet gekend;niet gekend;niet gekend;niet gekend;niet gekend;niet gekend;niet gekend;niet gekend;niet gekend;niet gekend;niet gekend;niet gekend;niet gekend;niet gekend;niet gekend;niet gekend;niet gekend;niet gekend;niet gekend;niet gekend;niet gekend;niet gekend;niet gekend;niet gekend;niet gekend;niet gekend;niet gekend;niet gekend;niet gekend;niet gekend;niet gekend;niet gekend;niet gekend;niet gekend;;niet gekend;niet gekend;niet gekend;niet gekend;niet gekend;niet gekend;niet gekend;niet gekend;niet gekend;niet gekend;niet gekend;niet gekend;niet gekend;niet gekend;niet gekend;niet gekend;niet gekend;niet gekend;niet gekend;niet gekend;niet gekend;niet gekend;niet gekend;niet gekend;niet gekend;niet gekend;niet gekend;niet gekend;niet gekend;niet gekend;niet gekend;niet gekend;niet gekend;niet gekend;niet gekend;niet gekend;niet gekend;niet gekend;niet gekend;niet gekend;niet gekend;niet gekend;niet gekend;niet gekend;niet gekend;niet gekend;niet gekend;niet gekend;niet gekend;niet gekend;niet gekend;niet gekend;niet gekend;niet gekend;niet gekend;niet gekend;;niet gekend;niet gekend;niet gekend;niet gekend;niet gekend;niet gekend;niet gekend;niet gekend;niet gekend;niet gekend;niet gekend;niet gekend;niet gekend;niet gekend;niet gekend;niet gekend;niet gekend;niet gekend;niet gekend;niet gekend;niet gekend;niet gekend;niet gekend;niet gekend;niet gekend;niet gekend;niet gekend;niet gekend;niet gekend;niet gekend;niet gekend;niet gekend;niet gekend;niet gekend;niet gekend;niet gekend;niet gekend;niet gekend;niet gekend;niet gekend;niet gekend;niet gekend;niet gekend;niet gekend;niet gekend;niet gekend;niet gekend;niet gekend;niet gekend;niet gekend;niet gekend;niet gekend;niet gekend;niet gekend;niet gekend;niet gekend;niet gekend;niet gekend;niet gekend;niet gekend;niet gekend;niet gekend;niet gekend;niet gekend;niet gekend;niet gekend;niet gekend;niet gekend;niet gekend;niet gekend;niet gekend;;;;;;;;;;
Moorslede;11462;Ja;niet gekend;niet gekend;niet gekend;niet gekend;0;;0;;0;;Neen;;;;;;;;;;;;;;;;;;;;;;;;;;;;;;;;;;;;;;;;Neen;;;;;;;;;;;;;;;;;;;;;;;;;;;;;;Neen;;;;;;;;;;;;;;;;;;;;;;;;;;;;;;;;;;;;;;;;;;;;;;;;;;;;;;;;;;;;;;;;;;;;;;;;Ja;PZ Arro Ieper;Ja;4;3,83;0;13;0;1;0;0;0;3;1;5;3;27;7;9;9;1;3;16;0;1;0;0;0;4;1;10;0;0;4;0;9;1;0%;3;33%;0;;Ja;1;7;7;0;6;0;0;1;5;5;0;1;0;;Neen;;;;;;;;;;;;;;;;;;;;;;;;;;;;;;;;;;;;;;;;;;;;;;;;;;;;;;;;;;;;;;;;;;;;;;;;;;;;;;;;
Mortsel;26453;Ja;14;43;98;niet gekend;0;;0;;0;;Ja;1;0,05;0,05;12;4;1;1;0;2;2;1;0;1;8;0;4;2;2;0;2;1;0;0;0;0;1;0;0;0;3;1;0;1;0;;0;;0;;Neen;;;;;;;;;;;;;;;;;;;;;;;;;;;;;;Ja;IGEAN;niet gekend;niet gekend;niet gekend;niet gekend;niet gekend;niet gekend;niet gekend;niet gekend;niet gekend;niet gekend;niet gekend;niet gekend;niet gekend;niet gekend;niet gekend;niet gekend;niet gekend;niet gekend;niet gekend;niet gekend;niet gekend;niet gekend;niet gekend;niet gekend;niet gekend;niet gekend;niet gekend;niet gekend;niet gekend;niet gekend;niet gekend;niet gekend;niet gekend;niet gekend;niet gekend;niet gekend;niet gekend;niet gekend;niet gekend;niet gekend;Ja;0;2;1;0;niet gekend;niet gekend;niet gekend;4;niet gekend;niet gekend;niet gekend;niet gekend;0;0;niet gekend;0;0;0;1;0;0;;0;;0;0;0;0;;niet gekend;niet gekend;niet gekend;niet gekend;niet gekend;niet gekend;niet gekend;niet gekend;niet gekend;niet gekend;niet gekend;niet gekend;niet gekend;niet gekend;niet gekend;niet gekend;niet gekend;niet gekend;niet gekend;niet gekend;niet gekend;niet gekend;niet gekend;niet gekend;niet gekend;niet gekend;niet gekend;niet gekend;niet gekend;niet gekend;niet gekend;niet gekend;niet gekend;niet gekend;niet gekend;niet gekend;niet gekend;niet gekend;niet gekend;niet gekend;niet gekend;niet gekend;niet gekend;niet gekend;niet gekend;niet gekend;niet gekend;niet gekend;niet gekend;niet gekend;niet gekend;niet gekend;niet gekend;niet gekend;niet gekend;niet gekend;;niet gekend;niet gekend;niet gekend;niet gekend;niet gekend;niet gekend;niet gekend;niet gekend;niet gekend;niet gekend;niet gekend;niet gekend;niet gekend;niet gekend;niet gekend;niet gekend;niet gekend;niet gekend;niet gekend;niet gekend;niet gekend;niet gekend;niet gekend;niet gekend;niet gekend;niet gekend;niet gekend;niet gekend;niet gekend;niet gekend;niet gekend;niet gekend;niet gekend;niet gekend;niet gekend;niet gekend;niet gekend;niet gekend;niet gekend;niet gekend;niet gekend;niet gekend;niet gekend;niet gekend;niet gekend;niet gekend;niet gekend;niet gekend;niet gekend;niet gekend;niet gekend;niet gekend;niet gekend;niet gekend;niet gekend;niet gekend;niet gekend;niet gekend;niet gekend;niet gekend;niet gekend;niet gekend;niet gekend;niet gekend;niet gekend;niet gekend;niet gekend;niet gekend;niet gekend;niet gekend;niet gekend;;;;;;;;;;
Nazareth;12224;Ja;92;179;229;niet gekend;4;100%;0;;0;;Ja;1;0,05;0,05;8;0;1;0;2;4;0;0;1;0;8;0;8;6;0;0;4;0;0;0;1;2;0;0;1;0;24;4;1;1;1;100%;0;;0;;Ja;1;0;0;0,05;0;0;0,05;12;23;4;13;6;0;0;5;12;5;0;0;0;0;;niet gekend;niet gekend;0;0;0;0;VTE is een ruwe schatting,;Ja;VENECO;Neen;;;;;;;;;;;;;;;;;;;;;;;;;;;;;;;;;;;;;;;;Ja;2;0;0;0,16;0,15;0,01;0,02;0;46;24;10;7;4;1;2;2;11;0;7;0;0;;0;;0;1;0;0;Het aantal VTE ondersteuning is een ruwe schatting achteraf, De overige cijfers werden systematisch bijgehouden gedurende het jaar, Ze vormen een ondergrens: het is mogelijk dat het bijhouden een of enkele keren mislukt is,;Neen;;;;;;;;;;;;;;;;;;;;;;;;;;;;;;;;;;;;;;;;;;;;;;;;;;;;;;;;;Neen;;;;;;;;;;;;;;;;;;;;;;;;;;;;;;;;;;;;;;;;;;;;;;;;;;;;;;;;;;;;;;;;;;;;;;;;;;;;;;;;
Niel;10810;Ja;4;10;6;tussen 1 en 10;0;;0;;0;;Ja;1;0,1;0,1;niet gekend;0;2;2;2;0;0;0;2;0;0;0;0;0;0;0;0;0;0;0;0;0;0;0;0;0;0;0;0;0;0;;0;;0;;Neen;;;;;;;;;;;;;;;;;;;;;;;;;;;;;;Ja;IGEAN;Neen;;;;;;;;;;;;;;;;;;;;;;;;;;;;;;;;;;;;;;;;Ja;1;1;0;0,1;0,1;0;0;6;1;1;0;0;0;0;0;0;1;1;1;1;0;;0;;0;0;0;0;handhaven niet op vastgelegde prioriteiten;Neen;;;;;;;;;;;;;;;;;;;;;;;;;;;;;;;;;;;;;;;;;;;;;;;;;;;;;;;;;Neen;;;;;;;;;;;;;;;;;;;;;;;;;;;;;;;;;;;;;;;;;;;;;;;;;;;;;;;;;;;;;;;;;;;;;;;;;;;;;;;;
Nieuwerkerken;7191;Ja;9;44;200;niet gekend;0;;0;;0;;Neen;;;;;;;;;;;;;;;;;;;;;;;;;;;;;;;;;;;;;;;;Ja;0;1;0;0;0,1;0;0;4;4;0;4;0;0;0;3;0;1;0;4;2;0;;0;;1;1;0;0;;Neen;;;;;;;;;;;;;;;;;;;;;;;;;;;;;;;;;;;;;;;;;;;;;;;;;;;;;;;;;;;;;;;;;;;;;;;;Ja;PZ Sint-Truiden - Gingelom - Nieuwerkerken;Neen;;;;;;;;;;;;;;;;;;;;;;;;;;;;;;;;;;;;;;;;Ja;0,2;10;10;0;10;0;0;0;4;2;0;4;2;;Neen;;;;;;;;;;;;;;;;;;;;;;;;;;;;;;;;;;;;;;;;;;;;;;;;;;;;;;;;;;;;;;;;;;;;;;;;;;;;;;;;
Nieuwpoort;11503;Ja;niet gekend;niet gekend;niet gekend;niet gekend;niet gekend;niet gekend;niet gekend;niet gekend;niet gekend;niet gekend;Ja;1;0,1;0;niet gekend;niet gekend;niet gekend;niet gekend;niet gekend;niet gekend;niet gekend;niet gekend;niet gekend;niet gekend;niet gekend;niet gekend;niet gekend;niet gekend;niet gekend;niet gekend;niet gekend;niet gekend;niet gekend;niet gekend;niet gekend;niet gekend;niet gekend;niet gekend;niet gekend;niet gekend;niet gekend;niet gekend;niet gekend;niet gekend;niet gekend;niet gekend;niet gekend;niet gekend;niet gekend;niet gekend;niet gekend;niet gekend;niet gekend;niet gekend;niet gekend;niet gekend;niet gekend;niet gekend;niet gekend;niet gekend;niet gekend;niet gekend;niet gekend;niet gekend;niet gekend;niet gekend;niet gekend;niet gekend;niet gekend;niet gekend;niet gekend;niet gekend;niet gekend;niet gekend;niet gekend;niet gekend;niet gekend;niet gekend;niet gekend;;Ja;PZ Westkust;Ja;2;0,1;0,1;niet gekend;niet gekend;niet gekend;niet gekend;niet gekend;niet gekend;niet gekend;niet gekend;niet gekend;niet gekend;niet gekend;niet gekend;niet gekend;niet gekend;niet gekend;niet gekend;niet gekend;niet gekend;niet gekend;niet gekend;niet gekend;niet gekend;niet gekend;niet gekend;niet gekend;niet gekend;niet gekend;niet gekend;niet gekend;niet gekend;niet gekend;niet gekend;niet gekend;niet gekend;niet gekend;niet gekend;niet gekend;niet gekend;niet gekend;niet gekend;niet gekend;niet gekend;niet gekend;niet gekend;niet gekend;niet gekend;niet gekend;niet gekend;niet gekend;niet gekend;niet gekend;niet gekend;niet gekend;niet gekend;niet gekend;niet gekend;niet gekend;niet gekend;niet gekend;niet gekend;niet gekend;niet gekend;niet gekend;niet gekend;niet gekend;niet gekend;niet gekend;niet gekend;niet gekend;niet gekend;niet gekend;niet gekend;niet gekend;niet gekend;niet gekend;niet gekend;niet gekend;niet gekend;niet gekend;niet gekend;niet gekend;niet gekend;niet gekend;niet gekend;niet gekend;niet gekend;niet gekend;niet gekend;niet gekend;niet gekend;niet gekend;niet gekend;niet gekend;niet gekend;niet gekend;niet gekend;niet gekend;niet gekend;niet gekend;niet gekend;niet gekend;niet gekend;niet gekend;niet gekend;niet gekend;niet gekend;niet gekend;niet gekend;niet gekend;niet gekend;niet gekend;niet gekend;niet gekend;niet gekend;niet gekend;niet gekend;niet gekend;niet gekend;niet gekend;niet gekend;niet gekend;niet gekend;;niet gekend;niet gekend;niet gekend;niet gekend;niet gekend;niet gekend;niet gekend;niet gekend;niet gekend;niet gekend;niet gekend;niet gekend;niet gekend;niet gekend;niet gekend;niet gekend;niet gekend;niet gekend;niet gekend;niet gekend;niet gekend;niet gekend;niet gekend;niet gekend;niet gekend;niet gekend;niet gekend;niet gekend;niet gekend;niet gekend;niet gekend;niet gekend;niet gekend;niet gekend;niet gekend;niet gekend;niet gekend;niet gekend;niet gekend;niet gekend;niet gekend;niet gekend;niet gekend;niet gekend;niet gekend;niet gekend;niet gekend;niet gekend;niet gekend;niet gekend;niet gekend;niet gekend;niet gekend;niet gekend;niet gekend;niet gekend;niet gekend;niet gekend;niet gekend;niet gekend;niet gekend;niet gekend;niet gekend;niet gekend;niet gekend;niet gekend;niet gekend;niet gekend;niet gekend;niet gekend;niet gekend;;;;;;;;;;
Nijlen;23420;Ja;28;111;459;niet gekend;niet gekend;niet gekend;niet gekend;niet gekend;niet gekend;niet gekend;Neen;;;;;;;;;;;;;;;;;;;;;;;;;;;;;;;;;;;;;;;;Neen;;;;;;;;;;;;;;;;;;;;;;;;;;;;;;Ja;IOK;Ja;2;1,8;0,2;niet gekend;1;3;1;0;5;0;1;0;3;21;2;18;1;0;0;8;1;0;1;0;0;3;0;3;0;0;8;0;0;0;;0;;0;;Ja;0;3;2;0;1,5;1,6;0,1;0;16;0;13;3;0;0;13;0;11;0;0;0;0;;0;;0;0;0;0;;Ja;PZ Berlaar-Nijlen;Neen;;;;;;;;;;;;;;;;;;;;;;;;;;;;;;;;;;;;;;;;Ja;niet gekend;niet gekend;niet gekend;niet gekend;niet gekend;niet gekend;niet gekend;niet gekend;niet gekend;niet gekend;niet gekend;niet gekend;niet gekend;Informatie werd niet voor de deadline opgeleverd;Neen;;;;;;;;;;;;;;;;;;;;;;;;;;;;;;;;;;;;;;;;;;;;;;;;;;;;;;;;;;;;;;;;;;;;;;;;;;;;;;;;
Ninove;40125;Ja;40;150;niet gekend;niet gekend;0;;0;;0;;Ja;1;0,1;0;18;0;1;1;0;2;9;0;3;1;3;0;3;0;0;0;16;0;1;0;0;2;9;0;0;1;3;1;0;0;0;;0;;0;;Ja;0;2;0;0;1,5;0;0;68;32;7;4;5;2;5;6;26;12;0;9;4;0;;0;;0;0;0;0;;Ja;SOLVA;Ja;1;0,08;0,02;5;2;0;0;0;1;0;0;4;niet gekend;3;0;5;0;0;0;5;0;0;0;0;1;0;0;4;0;6;19;0;0;0;;0;;0;;Ja;2;0;0;0,17;0;0;0,05;23;41;23;15;8;3;15;18;5;15;5;1;0;0;;0;;0;0;0;0;;Neen;;;;;;;;;;;;;;;;;;;;;;;;;;;;;;;;;;;;;;;;;;;;;;;;;;;;;;;;;Neen;;;;;;;;;;;;;;;;;;;;;;;;;;;;;;;;;;;;;;;;;;;;;;;;;;;;;;;;;;;;;;;;;;;;;;;;;;;;;;;;
Olen;12701;Ja;88;150;700;niet gekend;0;;0;;1;100%;Neen;;;;;;;;;;;;;;;;;;;;;;;;;;;;;;;;;;;;;;;;Neen;;;;;;;;;;;;;;;;;;;;;;;;;;;;;;Neen;;;;;;;;;;;;;;;;;;;;;;;;;;;;;;;;;;;;;;;;;;;;;;;;;;;;;;;;;;;;;;;;;;;;;;;;Ja;PZ Neteland;Ja;2;0,1;niet gekend;14;2;2;0;0;5;0;0;5;0;11;niet gekend;niet gekend;niet gekend;niet gekend;niet gekend;3;0;0;0;0;0;0;0;3;0;0;1;0;3;0;;0;;0;;Ja;0,1;7;8;niet gekend;niet gekend;niet gekend;niet gekend;niet gekend;4;0;0;4;1;;Neen;;;;;;;;;;;;;;;;;;;;;;;;;;;;;;;;;;;;;;;;;;;;;;;;;;;;;;;;;;;;;;;;;;;;;;;;;;;;;;;;
Oostende;72373;Ja;niet gekend;niet gekend;niet gekend;niet gekend;niet gekend;niet gekend;niet gekend;niet gekend;niet gekend;niet gekend;niet gekend;niet gekend;niet gekend;niet gekend;niet gekend;niet gekend;niet gekend;niet gekend;niet gekend;niet gekend;niet gekend;niet gekend;niet gekend;niet gekend;niet gekend;niet gekend;niet gekend;niet gekend;niet gekend;niet gekend;niet gekend;niet gekend;niet gekend;niet gekend;niet gekend;niet gekend;niet gekend;niet gekend;niet gekend;niet gekend;niet gekend;niet gekend;niet gekend;niet gekend;niet gekend;niet gekend;niet gekend;niet gekend;niet gekend;niet gekend;Ja;1;2;0;1;2;0;0;0;0;0;0;0;128;0;249;23;112;0;41;6;0;;0;;1;4;2;0;In totaal heeft onze dienst 249 dossiers opgestart in 2022;niet gekend;niet gekend;niet gekend;niet gekend;niet gekend;niet gekend;niet gekend;niet gekend;niet gekend;niet gekend;niet gekend;niet gekend;niet gekend;niet gekend;niet gekend;niet gekend;niet gekend;niet gekend;niet gekend;niet gekend;niet gekend;niet gekend;niet gekend;niet gekend;niet gekend;niet gekend;niet gekend;niet gekend;niet gekend;niet gekend;niet gekend;niet gekend;niet gekend;niet gekend;niet gekend;niet gekend;niet gekend;niet gekend;niet gekend;niet gekend;niet gekend;niet gekend;niet gekend;niet gekend;niet gekend;niet gekend;niet gekend;niet gekend;niet gekend;niet gekend;niet gekend;niet gekend;niet gekend;niet gekend;niet gekend;niet gekend;niet gekend;niet gekend;niet gekend;niet gekend;niet gekend;niet gekend;niet gekend;niet gekend;niet gekend;niet gekend;niet gekend;niet gekend;niet gekend;niet gekend;niet gekend;;Ja;PZ Oostende;Ja;5;3,1;0;28;0;4;5;0;6;1;0;2;10;66;0;10;0;56;0;64;5;3;10;0;14;14;1;7;10;30;15;0;32;2;100%;0;;0;;Neen;;;;;;;;;;;;;;;niet gekend;niet gekend;niet gekend;niet gekend;niet gekend;niet gekend;niet gekend;niet gekend;niet gekend;niet gekend;niet gekend;niet gekend;niet gekend;niet gekend;niet gekend;niet gekend;niet gekend;niet gekend;niet gekend;niet gekend;niet gekend;niet gekend;niet gekend;niet gekend;niet gekend;niet gekend;niet gekend;niet gekend;niet gekend;niet gekend;niet gekend;niet gekend;niet gekend;niet gekend;niet gekend;niet gekend;niet gekend;niet gekend;niet gekend;niet gekend;niet gekend;niet gekend;niet gekend;niet gekend;niet gekend;niet gekend;niet gekend;niet gekend;niet gekend;niet gekend;niet gekend;niet gekend;niet gekend;niet gekend;niet gekend;niet gekend;niet gekend;niet gekend;niet gekend;niet gekend;niet gekend;niet gekend;niet gekend;niet gekend;niet gekend;niet gekend;niet gekend;niet gekend;niet gekend;niet gekend;niet gekend;;;;;;;;;;
Oosterzele;14029;Ja;niet gekend;niet gekend;niet gekend;niet gekend;niet gekend;niet gekend;niet gekend;niet gekend;niet gekend;niet gekend;Neen;;;;;;;;;;;;;;;;;;;;;;;;;;;;;;;;;;;;;;;;Neen;;;;;;;;;;;;;;;;;;;;;;;;;;;;;;Ja;SOLVA;Ja;1;0,03;0,02;3;3;0;0;0;1;0;0;2;0;3;0;3;0;0;0;niet gekend;0;0;0;0;1;0;0;2;0;2;7;0;0;0;;0;;0;;Ja;2;0;0;0,07;0;0;0,03;12;16;7;9;3;0;4;9;1;7;0;1;1;0;;0;;0;0;0;0;;Neen;;;;;;;;;;;;;;;;;;;;;;;;;;;;;;;;;;;;;;;;;;;;;;;;;;;;;;;;;Neen;;;;;;;;;;;;;;;;;;;;;;;;;;;;;;;;;;;;;;;;;;;;;;;;;;;;;;;;;;;;;;;;;;;;;;;;;;;;;;;;
Oostkamp;24200;Ja;125;450;niet gekend;niet gekend;4;100%;0;;0;;Ja;1;0,1;0,1;15;0;0;1;1;3;4;0;6;0;15;0;15;2;0;0;14;0;0;1;1;1;6;0;5;0;9;7;0;0;0;;0;;0;;Neen;;;;;;;;;;;;;;;;;;;;;;;;;;;;;;Ja;WVI;Neen;;;;;;;;;;;;;;;;;;;;;;;;;;;;;;;;;;;;;;;;Ja;1;0;0;0,4;0;0;0;19;27;4;15;8;0;0;14;2;12;0;0;0;0;;0;;1;0;0;0;;Ja;PZ Het Houtsche;Ja;2;2;2;300;3;5;2;0;231;0;0;57;2;0;0;0;0;0;0;0;0;0;0;0;0;0;0;0;0;0;0;0;12;0;;0;;0;;Ja;2;19;27;4;15;8;0;0;14;0;0;0;0;;Neen;;;;;;;;;;;;;;;;;;;;;;;;;;;;;;;;;;;;;;;;;;;;;;;;;;;;;;;;;;;;;;;;;;;;;;;;;;;;;;;;
Oostrozebeke;8004;Neen;15;50;450;tussen 11 en 50;0;;0;;0;;Neen;;;;;;;;;;;;;;;;;;;;;;;;;;;;;;;;;;;;;;;;Neen;;;;;;;;;;;;;;;;;;;;;;;;;;;;;;Ja;WVI;Ja;1;0,05;0;5;0;1;1;0;2;0;0;1;0;8;1;1;0;6;0;1;0;0;0;0;0;1;0;0;0;0;0;0;0;0;;0;;0;;Ja;1;0;0;0,06;0,05;0,01;0;11;27;5;10;9;3;0;10;0;10;0;5;2;0;;0;;1;1;0;0;;niet gekend;niet gekend;niet gekend;niet gekend;niet gekend;niet gekend;niet gekend;niet gekend;niet gekend;niet gekend;niet gekend;niet gekend;niet gekend;niet gekend;niet gekend;niet gekend;niet gekend;niet gekend;niet gekend;niet gekend;niet gekend;niet gekend;niet gekend;niet gekend;niet gekend;niet gekend;niet gekend;niet gekend;niet gekend;niet gekend;niet gekend;niet gekend;niet gekend;niet gekend;niet gekend;niet gekend;niet gekend;niet gekend;niet gekend;niet gekend;niet gekend;niet gekend;niet gekend;niet gekend;niet gekend;niet gekend;niet gekend;niet gekend;niet gekend;niet gekend;niet gekend;niet gekend;niet gekend;niet gekend;niet gekend;niet gekend;;niet gekend;niet gekend;niet gekend;niet gekend;niet gekend;niet gekend;niet gekend;niet gekend;niet gekend;niet gekend;niet gekend;niet gekend;niet gekend;niet gekend;niet gekend;niet gekend;niet gekend;niet gekend;niet gekend;niet gekend;niet gekend;niet gekend;niet gekend;niet gekend;niet gekend;niet gekend;niet gekend;niet gekend;niet gekend;niet gekend;niet gekend;niet gekend;niet gekend;niet gekend;niet gekend;niet gekend;niet gekend;niet gekend;niet gekend;niet gekend;niet gekend;niet gekend;niet gekend;niet gekend;niet gekend;niet gekend;niet gekend;niet gekend;niet gekend;niet gekend;niet gekend;niet gekend;niet gekend;niet gekend;niet gekend;niet gekend;niet gekend;niet gekend;niet gekend;niet gekend;niet gekend;niet gekend;niet gekend;niet gekend;niet gekend;niet gekend;niet gekend;niet gekend;niet gekend;niet gekend;niet gekend;;;;;;;;;;
Opwijk;14879;Ja;6;60;371;niet gekend;0;;0;;0;;Ja;1;0,1;0,1;44;0;4;2;1;2;2;0;16;14;5;0;5;0;0;0;1;0;0;0;0;1;0;0;0;0;0;3;0;0;0;;0;;0;;Ja;1;0;0;0,1;0;0;0,1;10;12;2;10;0;0;0;9;0;9;0;0;0;0;;0;;0;0;0;0;Bij de aanmaningen werden / worden dossiers voor regularisatie van de niet vergunde werken opgevraagd / ingediend, diverse dossiers nog lopend;Ja;Haviland;Ja;1;0,1;0,05;6;0;0;0;0;0;3;0;3;0;6;0;6;0;0;0;6;0;0;0;0;0;3;0;3;0;0;6;6;0;0;;0;;0;;Ja;1;0;0;0,1;0;0;0;18;18;0;18;0;0;0;13;2;12;12;9;3;6;100%;0;;0;0;0;0;Dossiers worden verder opgevolgd naar regularisatie of verdere stappen indien niet voor regularisatie vatbaar,;Ja;PZ AMOW;Ja;1;0,05;0;7;0;1;0;0;0;0;0;3;0;4;0;4;0;0;0;4;0;1;0;0;0;0;0;3;0;7;0;0;0;0;;0;;0;;Ja;0,05;3;3;0;3;0;0;0;3;3;0;0;0;De dire dossiers werden door gemeente verder opgevolgd naar regularisatie-traject,;Neen;;;;;;;;;;;;;;;;;;;;;;;;;;;;;;;;;;;;;;;;;;;;;;;;;;;;;;;;;;;;;;;;;;;;;;;;;;;;;;;;
Oudenaarde;32529;Ja;niet gekend;niet gekend;niet gekend;niet gekend;niet gekend;niet gekend;niet gekend;niet gekend;niet gekend;niet gekend;Ja;niet gekend;niet gekend;niet gekend;;niet gekend;niet gekend;niet gekend;niet gekend;niet gekend;niet gekend;niet gekend;niet gekend;niet gekend;niet gekend;niet gekend;niet gekend;niet gekend;niet gekend;niet gekend;;niet gekend;niet gekend;niet gekend;niet gekend;niet gekend;niet gekend;niet gekend;niet gekend;niet gekend;niet gekend;niet gekend;niet gekend;niet gekend;niet gekend;niet gekend;niet gekend;niet gekend;niet gekend;niet gekend;Neen;;;;;;;;;;;;;;;;;;;;;;;;;;;;;;Ja;SOLVA;Ja;1;0,07;0,02;2;1;0;0;1;0;0;0;0;0;2;0;2;0;0;0;2;1;0;0;1;0;0;0;0;0;6;12;0;1;0;;0;;0;;Ja;2;0;0;0,13;0;0;0,05;18;28;12;14;4;2;8;16;11;14;0;6;5;0;;0;;0;0;0;0;;Ja;PZ Vlaamse Ardennen;Ja;niet gekend;niet gekend;niet gekend;19;1;0;1;2;3;0;0;12;0;niet gekend;niet gekend;niet gekend;niet gekend;niet gekend;niet gekend;19;1;0;1;2;3;0;0;12;0;niet gekend;niet gekend;niet gekend;19;niet gekend;niet gekend;niet gekend;niet gekend;niet gekend;niet gekend;Ja;niet gekend;niet gekend;1;niet gekend;1;niet gekend;niet gekend;niet gekend;niet gekend;niet gekend;niet gekend;1;niet gekend;De politie beschikt niet over een milieutoezichtshouder maar neemt een aantal toezichtstaken op zich,;Neen;;;;;;;;;;;;;;;;;;;;;;;;;;;;;;;;;;;;;;;;;;;;;;;;;;;;;;;;;;;;;;;;;;;;;;;;;;;;;;;;
Oudenburg;9917;Ja;73;178;546;niet gekend;0;;0;;0;;Ja;1;0,1;0,1;3;0;0;0;0;1;2;0;0;0;3;0;3;0;0;0;0;0;0;0;0;0;0;0;0;0;0;2;0;0;0;;0;;0;;Ja;0;0;0;0;0;0;0;3;2;2;2;2;0;0;2;2;0;0;0;0;0;;0;;0;0;0;0;;Neen;;;;;;;;;;;;;;;;;;;;;;;;;;;;;;;;;;;;;;;;;;;;;;;;;;;;;;;;;;;;;;;;;;;;;;;;Ja;PZ Kouter;Neen;;;;;;;;;;;;;;;;;;;;;;;;;;;;;;;;;;;;;;;;Neen;;;;;;;;;;;;;;;Neen;;;;;;;;;;;;;;;;;;;;;;;;;;;;;;;;;;;;;;;;;;;;;;;;;;;;;;;;;;;;;;;;;;;;;;;;;;;;;;;;
Oud-Heverlee;11557;non-respons;non-respons;non-respons;non-respons;non-respons;non-respons;non-respons;non-respons;non-respons;non-respons;non-respons;non-respons;non-respons;non-respons;non-respons;non-respons;non-respons;non-respons;non-respons;non-respons;non-respons;non-respons;non-respons;non-respons;non-respons;non-respons;non-respons;non-respons;non-respons;non-respons;non-respons;non-respons;non-respons;non-respons;non-respons;non-respons;non-respons;non-respons;non-respons;non-respons;non-respons;non-respons;non-respons;non-respons;non-respons;non-respons;non-respons;non-respons;non-respons;non-respons;non-respons;non-respons;non-respons;non-respons;non-respons;non-respons;non-respons;non-respons;non-respons;non-respons;non-respons;non-respons;non-respons;non-respons;non-respons;non-respons;non-respons;non-respons;non-respons;non-respons;non-respons;non-respons;non-respons;non-respons;non-respons;non-respons;non-respons;non-respons;non-respons;non-respons;non-respons;non-respons;non-respons;non-respons;non-respons;non-respons;non-respons;non-respons;non-respons;non-respons;non-respons;non-respons;non-respons;non-respons;non-respons;non-respons;non-respons;non-respons;non-respons;non-respons;non-respons;non-respons;non-respons;non-respons;non-respons;non-respons;non-respons;non-respons;non-respons;non-respons;non-respons;non-respons;non-respons;non-respons;non-respons;non-respons;non-respons;non-respons;non-respons;non-respons;non-respons;non-respons;non-respons;non-respons;non-respons;non-respons;non-respons;non-respons;non-respons;non-respons;non-respons;non-respons;non-respons;non-respons;non-respons;non-respons;non-respons;non-respons;non-respons;non-respons;non-respons;non-respons;non-respons;non-respons;non-respons;non-respons;non-respons;non-respons;non-respons;non-respons;non-respons;non-respons;non-respons;non-respons;non-respons;non-respons;non-respons;non-respons;non-respons;non-respons;non-respons;non-respons;non-respons;non-respons;non-respons;non-respons;non-respons;non-respons;non-respons;non-respons;non-respons;non-respons;non-respons;non-respons;non-respons;non-respons;non-respons;non-respons;non-respons;non-respons;non-respons;non-respons;non-respons;non-respons;non-respons;non-respons;non-respons;non-respons;non-respons;non-respons;non-respons;non-respons;non-respons;non-respons;non-respons;non-respons;non-respons;non-respons;non-respons;non-respons;non-respons;non-respons;non-respons;non-respons;non-respons;non-respons;non-respons;non-respons;non-respons;non-respons;non-respons;non-respons;non-respons;non-respons;non-respons;non-respons;non-respons;non-respons;non-respons;non-respons;non-respons;non-respons;non-respons;non-respons;non-respons;non-respons;non-respons;non-respons;non-respons;non-respons;non-respons;non-respons;non-respons;non-respons;non-respons;non-respons;non-respons;non-respons;non-respons;non-respons;non-respons;non-respons;non-respons;non-respons;non-respons;non-respons;non-respons;non-respons;non-respons;non-respons;non-respons;non-respons;non-respons;non-respons;non-respons;non-respons;non-respons;non-respons;non-respons;non-respons;non-respons;non-respons;non-respons;non-respons;non-respons;non-respons;non-respons;non-respons;non-respons;non-respons;non-respons;non-respons;non-respons;non-respons;non-respons;non-respons;non-respons;non-respons;non-respons;non-respons;non-respons;;;;;;;;;;
Oudsbergen;23802;Ja;niet gekend;niet gekend;niet gekend;tussen 11 en 50;0;;0;;0;;Neen;;;;;;;;;;;;;;;;;;;;;;;;;;;;;;;;;;;;;;;;Ja;0;0;0;0;0;0;0;40;0;0;0;0;0;0;0;0;0;0;0;0;0;;0;;0;0;0;0;De handhavingstaken RO, buiten de besluiten burgemeester mbt handhaving RO, worden uitgevoerd door de Intergemeentelijke Samenwerking Handhaving Ruimte Midden-Limburg ;Ja;Intergemeentelijke Samenwerking Handhaving Ruimte Midden-Limburg ;Neen;;;;;;;;;;;;;;;;;;;;;;;;;;;;;;;;;;;;;;;;Ja;0;1;0;0;1;0;0,08;0;700;niet gekend;40;niet gekend;1;0;70;5;60;0;9;4;0;;10;90%;1;1;0;0;Handhaving RO ihkv de Intergemeentelijke Samenwerking is in Oudsbergen opgestart in 2019;Neen;;;;;;;;;;;;;;;;;;;;;;;;;;;;;;;;;;;;;;;;;;;;;;;;;;;;;;;;;Neen;;;;;;;;;;;;;;;;;;;;;;;;;;;;;;;;;;;;;;;;;;;;;;;;;;;;;;;;;;;;;;;;;;;;;;;;;;;;;;;;
Oud-Turnhout;14736;Ja;45;70;500;tussen 11 en 50;0;;0;;0;;Neen;;;;;;;;;;;;;;;;;;;;;;;;;;;;;;;;;;;;;;;;Neen;;;;;;;;;;;;;;;;;;;;;;;;;;;;;;Ja;IOK;Neen;;;;;;;;;;;;;;;;;;;;;;;;;;;;;;;;;;;;;;;;Ja;0;3;2;0;1,5;1,6;0,1;0;8;4;2;2;0;0;2;0;5;0;1;0;0;;0;;1;0;0;0;;Ja;PZ Regio Turnhout;Ja;4;0,1;0;12;0;1;2;2;1;3;0;3;0;9;1;6;1;1;0;5;0;1;0;1;0;1;0;2;0;4;0;0;2;0;;0;;0;;Ja;0,12;12;12;2;10;0;0;0;10;0;0;3;1;;Neen;;;;;;;;;;;;;;;;;;;;;;;;;;;;;;;;;;;;;;;;;;;;;;;;;;;;;;;;;;;;;;;;;;;;;;;;;;;;;;;;
Overijse;26019;Ja;16;83;939;niet gekend;0;;0;;0;;Ja;1;0,1;0,1;61;0;4;4;1;6;2;2;9;40;30;1;29;0;1;0;5;0;1;3;0;0;0;0;0;1;2;0;0;0;0;;0;;0;;niet gekend;niet gekend;niet gekend;niet gekend;niet gekend;niet gekend;niet gekend;niet gekend;niet gekend;niet gekend;niet gekend;niet gekend;niet gekend;niet gekend;niet gekend;niet gekend;niet gekend;niet gekend;niet gekend;niet gekend;niet gekend;niet gekend;niet gekend;niet gekend;niet gekend;niet gekend;niet gekend;niet gekend;niet gekend;;niet gekend;niet gekend;niet gekend;niet gekend;niet gekend;niet gekend;niet gekend;niet gekend;niet gekend;niet gekend;niet gekend;niet gekend;niet gekend;niet gekend;niet gekend;niet gekend;niet gekend;niet gekend;niet gekend;niet gekend;niet gekend;niet gekend;niet gekend;niet gekend;niet gekend;niet gekend;niet gekend;niet gekend;niet gekend;niet gekend;niet gekend;niet gekend;niet gekend;niet gekend;niet gekend;niet gekend;niet gekend;niet gekend;niet gekend;niet gekend;niet gekend;niet gekend;niet gekend;niet gekend;niet gekend;niet gekend;niet gekend;niet gekend;niet gekend;niet gekend;niet gekend;niet gekend;niet gekend;niet gekend;niet gekend;niet gekend;niet gekend;niet gekend;niet gekend;niet gekend;niet gekend;niet gekend;niet gekend;niet gekend;niet gekend;niet gekend;niet gekend;niet gekend;niet gekend;niet gekend;niet gekend;;niet gekend;niet gekend;niet gekend;niet gekend;niet gekend;niet gekend;niet gekend;niet gekend;niet gekend;niet gekend;niet gekend;niet gekend;niet gekend;niet gekend;niet gekend;niet gekend;niet gekend;niet gekend;niet gekend;niet gekend;niet gekend;niet gekend;niet gekend;niet gekend;niet gekend;niet gekend;niet gekend;niet gekend;niet gekend;niet gekend;niet gekend;niet gekend;niet gekend;niet gekend;niet gekend;niet gekend;niet gekend;niet gekend;niet gekend;niet gekend;niet gekend;niet gekend;niet gekend;niet gekend;niet gekend;niet gekend;niet gekend;niet gekend;niet gekend;niet gekend;niet gekend;niet gekend;niet gekend;niet gekend;niet gekend;niet gekend;;niet gekend;niet gekend;niet gekend;niet gekend;niet gekend;niet gekend;niet gekend;niet gekend;niet gekend;niet gekend;niet gekend;niet gekend;niet gekend;niet gekend;niet gekend;niet gekend;niet gekend;niet gekend;niet gekend;niet gekend;niet gekend;niet gekend;niet gekend;niet gekend;niet gekend;niet gekend;niet gekend;niet gekend;niet gekend;niet gekend;niet gekend;niet gekend;niet gekend;niet gekend;niet gekend;niet gekend;niet gekend;niet gekend;niet gekend;niet gekend;niet gekend;niet gekend;niet gekend;niet gekend;niet gekend;niet gekend;niet gekend;niet gekend;niet gekend;niet gekend;niet gekend;niet gekend;niet gekend;niet gekend;niet gekend;niet gekend;niet gekend;niet gekend;niet gekend;niet gekend;niet gekend;niet gekend;niet gekend;niet gekend;niet gekend;niet gekend;niet gekend;niet gekend;niet gekend;niet gekend;niet gekend;;;;;;;;;;
Peer;16547;Ja;96;384;553;niet gekend;0;;0;;1;100%;Ja;1;0,4;0,1;31;0;4;0;3;4;8;1;4;7;26;15;9;2;0;0;15;0;2;0;0;1;4;0;2;6;1;1;0;2;0;;0;;1;100%;Ja;0;1;0;0;0,5;0;0;32;29;10;16;3;0;0;16;1;6;0;3;1;0;;0;;0;0;0;0;;Neen;;;;;;;;;;;;;;;;;;;;;;;;;;;;;;;;;;;;;;;;;;;;;;;;;;;;;;;;;;;;;;;;;;;;;;;;Ja;PZ Kempenland;Ja;0;0;0,2;175;4;15;0;0;126;0;0;30;0;179;0;181;0;0;0;51;0;10;0;0;34;0;0;7;0;30;40;0;15;0;;0;;0;;Ja;11;0;7;0;7;0;0;0;7;0;0;7;1;De lokale politie van Peer ondersteunt in dossiers omtrent handhaving RO en milieu, Ook al is er 0 officieel aangestelde milieutoezichthouder, toch nemen zij een groot pakket van de milieuhandhavingsdossiers op zich, Vandaar dat de resultaten hier alsnog werden opgenomen, ;Neen;;;;;;;;;;;;;;;;;;;;;;;;;;;;;;;;;;;;;;;;;;;;;;;;;;;;;;;;;;;;;;;;;;;;;;;;;;;;;;;;
Pelt;34227;Ja;niet gekend;niet gekend;niet gekend;niet gekend;0;;0;;0;;Neen;;;;;;;;;;;;;;;;;;;;;;;;;;;;;;;;;;;;;;;;Neen;;;;;;;;;;;;;;;;;;;;;;;;;;;;;;niet gekend;niet gekend;niet gekend;niet gekend;niet gekend;niet gekend;niet gekend;niet gekend;niet gekend;niet gekend;niet gekend;niet gekend;niet gekend;niet gekend;niet gekend;niet gekend;niet gekend;niet gekend;niet gekend;niet gekend;niet gekend;niet gekend;niet gekend;niet gekend;niet gekend;niet gekend;niet gekend;niet gekend;niet gekend;niet gekend;niet gekend;niet gekend;niet gekend;niet gekend;niet gekend;niet gekend;niet gekend;niet gekend;niet gekend;niet gekend;niet gekend;niet gekend;niet gekend;niet gekend;niet gekend;niet gekend;niet gekend;niet gekend;niet gekend;niet gekend;niet gekend;niet gekend;niet gekend;niet gekend;niet gekend;niet gekend;niet gekend;niet gekend;niet gekend;niet gekend;niet gekend;niet gekend;niet gekend;niet gekend;niet gekend;niet gekend;niet gekend;niet gekend;niet gekend;niet gekend;niet gekend;;Ja;PZ HANO;niet gekend;niet gekend;niet gekend;niet gekend;niet gekend;niet gekend;niet gekend;niet gekend;niet gekend;niet gekend;niet gekend;niet gekend;niet gekend;niet gekend;niet gekend;niet gekend;niet gekend;niet gekend;niet gekend;niet gekend;niet gekend;niet gekend;niet gekend;niet gekend;niet gekend;niet gekend;niet gekend;niet gekend;niet gekend;niet gekend;niet gekend;niet gekend;niet gekend;niet gekend;niet gekend;niet gekend;niet gekend;niet gekend;niet gekend;niet gekend;niet gekend;niet gekend;niet gekend;niet gekend;niet gekend;niet gekend;niet gekend;niet gekend;niet gekend;niet gekend;niet gekend;niet gekend;niet gekend;niet gekend;;niet gekend;niet gekend;niet gekend;niet gekend;niet gekend;niet gekend;niet gekend;niet gekend;niet gekend;niet gekend;niet gekend;niet gekend;niet gekend;niet gekend;niet gekend;niet gekend;niet gekend;niet gekend;niet gekend;niet gekend;niet gekend;niet gekend;niet gekend;niet gekend;niet gekend;niet gekend;niet gekend;niet gekend;niet gekend;niet gekend;niet gekend;niet gekend;niet gekend;niet gekend;niet gekend;niet gekend;niet gekend;niet gekend;niet gekend;niet gekend;niet gekend;niet gekend;niet gekend;niet gekend;niet gekend;niet gekend;niet gekend;niet gekend;niet gekend;niet gekend;niet gekend;niet gekend;niet gekend;niet gekend;niet gekend;niet gekend;niet gekend;niet gekend;niet gekend;niet gekend;niet gekend;niet gekend;niet gekend;niet gekend;niet gekend;niet gekend;niet gekend;niet gekend;niet gekend;niet gekend;niet gekend;;;;;;;;;;
Pepingen;4566;Neen;20;103;197;niet gekend;0;;0;;0;;Ja;1;0,1;0;18;0;0;0;1;0;0;1;12;4;9;0;9;0;0;0;;0;0;0;0;0;0;0;0;0;0;0;0;0;0;;0;;0;;Neen;;;;;;;;;;;;;;;;;;;;;;;;;;;;;;Ja;Haviland;Ja;3;0,04;0,04;19;19;0;19;0;0;0;0;0;0;19;0;19;0;0;0;19;19;0;19;0;0;0;0;0;0;0;19;0;7;0;;0;;0;;Neen;;;;;;;;;;;;;;;;;;;;;;;;;;;;;;Ja;PZ Pajottenland;Ja;3;1;0;1;0;1;0;0;0;0;0;0;0;0;0;0;1;0;0;0;0;0;0;0;0;0;0;0;0;0;0;0;0;0;;0;;0;;Ja;1;1;0;0;1;1;0;0;1;1;0;1;0;;Neen;;;;;;;;;;;;;;;;;;;;;;;;;;;;;;;;;;;;;;;;;;;;;;;;;;;;;;;;;;;;;;;;;;;;;;;;;;;;;;;;
Pittem;6843;Ja;77;80;300;tussen 11 en 50;0;;0;;0;;Neen;;;;;;;;;;;;;;;;;;;;;;;;;;;;;;;;;;;;;;;;Neen;;;;;;;;;;;;;;;;;;;;;;;;;;;;;;Ja;WVI;Ja;1;0,06;0;15;0;3;2;0;10;0;0;0;0;30;1;6;9;13;1;4;2;0;0;0;1;0;1;0;0;0;3;0;0;0;;0;;0;;Ja;1;0;0;0,11;0,1;0,01;0;21;48;4;23;4;15;2;19;0;9;0;9;2;0;;0;;0;0;0;0;;Ja;PZ Regio Tielt;Neen;;;;;;;;;;;;;;;;;;;;;;;;;;;;;;;;;;;;;;;;Neen;;;;;;;;;;;;;;Inzake sluikstorten wordt er beroep gedaan in onze zone, ;Neen;;;;;;;;;;;;;;;;;;;;;;;;;;;;;;;;;;;;;;;;;;;;;;;;;;;;;;;;;;;;;;;;;;;;;;;;;;;;;;;;
Poperinge;19961;Ja;141;353;1151;tussen 11 en 50;0;;0;;0;;Ja;1;0;0;0;0;0;0;0;0;0;0;0;0;0;0;0;0;0;0;0;0;0;0;0;0;0;0;0;0;0;0;0;0;0;;0;;0;;Ja;0;0;0;0;0;0;0;3;0;0;0;0;0;0;0;0;0;0;0;0;0;;0;;0;0;0;0;;Neen;;;;;;;;;;;;;;;;;;;;;;;;;;;;;;;;;;;;;;;;;;;;;;;;;;;;;;;;;;;;;;;;;;;;;;;;Ja;PZ Arro Ieper;Ja;4;3,83;0;13;0;0;4;1;1;3;1;2;1;30;4;12;3;9;1;14;0;0;8;0;0;2;1;3;0;0;4;0;1;0;;0;;0;;Ja;1;11;9;0;8;0;0;0;4;4;0;1;0;;Neen;;;;;;;;;;;;;;;;;;;;;;;;;;;;;;;;;;;;;;;;;;;;;;;;;;;;;;;;;;;;;;;;;;;;;;;;;;;;;;;;
Putte;18643;Ja;niet gekend;niet gekend;niet gekend;niet gekend;1;0%;1;0%;0;;Ja;1;0,1;0,1;niet gekend;0;0;1;0;0;0;0;1;0;27;11;7;9;0;0;3;0;0;0;1;0;0;0;2;0;0;3;0;2;1;niet gekend;1;niet gekend;0;;Ja;0;0;1;0;0;0,1;0,2;0;26;0;12;0;14;0;26;0;27;0;0;0;0;;0;;0;0;0;0;;Ja;IGEMO;Ja;2;niet gekend;niet gekend;2;0;0;1;0;0;0;0;1;0;7;5;2;5;0;0;2;0;0;1;0;0;0;0;1;0;1;3;0;2;0;;1;0%;0;;Ja;2;4;0;niet gekend;niet gekend;niet gekend;niet gekend;0;5;3;2;1;0;0;2;0;1;0;5;0;0;;1;100%;0;0;0;0;;Neen;;;;;;;;;;;;;;;;;;;;;;;;;;;;;;;;;;;;;;;;;;;;;;;;;;;;;;;;;Neen;;;;;;;;;;;;;;;;;;;;;;;;;;;;;;;;;;;;;;;;;;;;;;;;;;;;;;;;;;;;;;;;;;;;;;;;;;;;;;;;
Puurs-Sint-Amands;26770;Ja;niet gekend;niet gekend;niet gekend;tussen 51 en 100;0;;0;;0;;Ja;1;0;0;6;1;0;0;2;1;1;0;1;0;1;0;1;0;0;0;2;0;0;0;1;0;0;0;1;0;0;1;0;1;1;0%;0;;0;;Neen;;;;;;;;;;;;;;;;;;;;;;;;;;;;;Niet-verbalisanten van de eigen gemeentedienst RO hebben enkel in ondersteuning van de politie opgetreden, ;Neen;;;;;;;;;;;;;;;;;;;;;;;;;;;;;;;;;;;;;;;;;;;;;;;;;;;;;;;;;;;;;;;;;;;;;;;;Ja;PZ Klein Brabant;Ja;1;0,5;0,1;124;5;5;2;1;95;0;1;15;0;15;7;15;5;10;10;22;5;0;4;3;0;5;0;5;0;10;4;0;3;0;;0;;0;;Ja;2;0;10;6;10;10;0;0;0;10;0;2;0;;Neen;;;;;;;;;;;;;;;;;;;;;;;;;;;;;;;;;;;;;;;;;;;;;;;;;;;;;;;;;;;;;;;;;;;;;;;;;;;;;;;;
Ranst;20059;Ja;40;120;300;niet gekend;0;;1;100%;0;;Neen;;;;;;;;;;;;;;;;;;;;;;;;;;;;;;;;;;;;;;;;Neen;;;;;;;;;;;;;;;;;;;;;;;;;;;;;;Ja;IGEAN;Ja;4;niet gekend;niet gekend;0;0;0;0;0;0;0;0;0;0;2;2;0;0;0;0;1;0;0;0;0;0;1;0;0;0;0;0;0;1;0;;0;;0;;Ja;0;2;1;0;niet gekend;niet gekend;niet gekend;4;niet gekend;niet gekend;niet gekend;niet gekend;niet gekend;niet gekend;0;0;1;0;0;0;0;;0;;0;1;0;0;Er werd in 3 dossiers een procedure tot het nemen van een bestuurlijke maatregel opgestart, ;Ja;PZ ZARA;Ja;1;0,01;0,33;486;8;26;3;39;356;6;1;44;3;518;4;494;12;4;4;8;0;0;1;4;0;2;0;1;0;0;0;0;8;0;;0;;0;;Ja;0,3;25;95;8;46;35;3;3;42;5;0;14;5;;Neen;;;;;;;;;;;;;;;;;;;;;;;;;;;;;;;;;;;;;;;;;;;;;;;;;;;;;;;;;;;;;;;;;;;;;;;;;;;;;;;;
Ravels;15326;Ja;200;270;1200;niet gekend;0;;0;;0;;Ja;2;0,1;0,1;138;0;5;9;1;14;8;1;92;8;0;0;0;0;0;0;0;0;0;0;0;0;0;0;0;0;0;10;0;0;0;;0;;0;;Neen;;;;;;;;;;;;;;;;;;;;;;;;;;;;;;Ja;IOK;Ja;2;1,8;0,2;0;0;0;0;0;0;0;0;0;0;1;0;1;0;0;0;1;0;0;1;0;0;0;0;0;0;0;1;0;0;0;;0;;0;;Ja;0;3;2;0;1,5;1,6;0,1;0;0;0;0;0;0;0;0;0;0;0;0;0;0;;0;;0;0;0;0;;Ja;PZ Kempen Noord-Oost;Neen;;;;;;;;;;;;;;;;;;;;;;;;;;;;;;;;;;;;;;;;Ja;1;24;21;10;11;2;0;0;niet gekend;niet gekend;2;7;2;cijfers van meldingen niet geheel duidelijk voor 03/2022;Neen;;;;;;;;;;;;;;;;;;;;;;;;;;;;;;;;;;;;;;;;;;;;;;;;;;;;;;;;;;;;;;;;;;;;;;;;;;;;;;;;
Retie;11838;Neen;niet gekend;niet gekend;niet gekend;niet gekend;0;;0;;0;;Neen;;;;;;;;;;;;;;;;;;;;;;;;;;;;;;;;;;;;;;;;Neen;;;;;;;;;;;;;;;;;;;;;;;;;;;;;;Ja;IOK;Ja;2;1,8;0,2;0;0;0;0;0;0;0;0;0;0;2;0;2;0;0;0;1;0;0;0;0;1;0;0;0;0;0;1;0;1;0;;0;;0;;Ja;0;3;2;0;1,5;1,6;0,1;0;9;0;6;3;0;0;4;0;5;0;1;0;0;;0;;0;0;0;0;;Ja;PZ Kempen Noord-Oost;Ja;1;0,1;0,1;0;0;0;0;0;0;0;0;0;0;0;0;0;0;0;0;0;0;0;0;0;0;0;0;0;0;0;0;0;0;0;;0;;0;;Neen;;;;;;;;;;;;;;;Neen;;;;;;;;;;;;;;;;;;;;;;;;;;;;;;;;;;;;;;;;;;;;;;;;;;;;;;;;;;;;;;;;;;;;;;;;;;;;;;;;
Riemst;16849;Ja;niet gekend;niet gekend;niet gekend;niet gekend;1;niet gekend;0;;0;;Ja;1;0,05;0,05;112;0;10;18;2;33;9;0;22;17;54;6;54;5;0;0;51;0;1;18;0;1;8;0;21;2;0;50;1;1;1;niet gekend;0;;0;;Ja;0;1;0;0;0,05;0;0,05;50;26;3;23;0;0;0;10;10;5;2;2;1;0;;0;;0;0;0;0;geschatte aantallen;Neen;;;;;;;;;;;;;;;;;;;;;;;;;;;;;;;;;;;;;;;;;;;;;;;;;;;;;;;;;;;;;;;;;;;;;;;;Ja;PZ Bilzen-Hoeselt-Riemst;Neen;;;;;;;;;;;;;;;;;;;;;;;;;;;;;;;;;;;;;;;;Neen;;;;;;;;;;;;;;;Neen;;;;;;;;;;;;;;;;;;;;;;;;;;;;;;;;;;;;;;;;;;;;;;;;;;;;;;;;;;;;;;;;;;;;;;;;;;;;;;;;
Rijkevorsel;12531;Ja;65;95;492;niet gekend;niet gekend;niet gekend;niet gekend;niet gekend;niet gekend;niet gekend;Ja;1;0,1;0,1;6;niet gekend;niet gekend;niet gekend;niet gekend;niet gekend;niet gekend;niet gekend;niet gekend;niet gekend;niet gekend;niet gekend;niet gekend;niet gekend;niet gekend;niet gekend;niet gekend;niet gekend;niet gekend;niet gekend;niet gekend;niet gekend;niet gekend;niet gekend;niet gekend;niet gekend;6;niet gekend;niet gekend;niet gekend;niet gekend;niet gekend;niet gekend;niet gekend;niet gekend;niet gekend;Neen;;;;;;;;;;;;;;;;;;;;;;;;;;;;;;Ja;IOK;Ja;2;1,8;0,2;niet gekend;niet gekend;niet gekend;niet gekend;niet gekend;niet gekend;niet gekend;niet gekend;niet gekend;niet gekend;7;niet gekend;4;3;niet gekend;niet gekend;1;niet gekend;niet gekend;niet gekend;niet gekend;niet gekend;niet gekend;niet gekend;niet gekend;niet gekend;niet gekend;2;niet gekend;niet gekend;niet gekend;niet gekend;niet gekend;niet gekend;niet gekend;niet gekend;Ja;niet gekend;3;2;niet gekend;1,5;1,6;0,1;niet gekend;24;2;10;12;niet gekend;niet gekend;4;niet gekend;5;niet gekend;1;1;niet gekend;niet gekend;niet gekend;niet gekend;niet gekend;niet gekend;niet gekend;niet gekend;;Ja;PZ Noorderkempen ;Ja;1;niet gekend;0,1;151;niet gekend;niet gekend;2;2;11;24;1;105;6;niet gekend;niet gekend;45;27;niet gekend;niet gekend;150;niet gekend;niet gekend;2;2;11;24;niet gekend;105;6;niet gekend;niet gekend;niet gekend;126;niet gekend;niet gekend;niet gekend;niet gekend;niet gekend;niet gekend;Ja;0,5;21;45;niet gekend;45;niet gekend;16;niet gekend;24;niet gekend;niet gekend;45;3;;niet gekend;niet gekend;niet gekend;niet gekend;niet gekend;niet gekend;niet gekend;niet gekend;niet gekend;niet gekend;niet gekend;niet gekend;niet gekend;niet gekend;niet gekend;niet gekend;niet gekend;niet gekend;niet gekend;niet gekend;niet gekend;niet gekend;niet gekend;niet gekend;niet gekend;niet gekend;niet gekend;niet gekend;niet gekend;niet gekend;niet gekend;niet gekend;niet gekend;niet gekend;niet gekend;niet gekend;niet gekend;niet gekend;niet gekend;niet gekend;niet gekend;niet gekend;niet gekend;niet gekend;niet gekend;niet gekend;niet gekend;niet gekend;niet gekend;niet gekend;niet gekend;niet gekend;niet gekend;niet gekend;niet gekend;niet gekend;niet gekend;niet gekend;niet gekend;niet gekend;niet gekend;niet gekend;niet gekend;niet gekend;niet gekend;niet gekend;niet gekend;niet gekend;niet gekend;niet gekend;niet gekend;;;;;;;;;;
Roeselare;65602;Ja;niet gekend;niet gekend;niet gekend;niet gekend;0;;0;;0;;Ja;3;0,8;0;367;0;331;2;2;13;10;0;8;1;84;8;46;niet gekend;38;niet gekend;81;0;15;5;4;14;22;0;20;1;6;15;0;4;0;;0;;0;;Ja;0;1;0;0;0,5;0;0;niet gekend;49;niet gekend;niet gekend;niet gekend;0;niet gekend;niet gekend;5;10;0;12;5;0;;0;;0;0;0;0;;Neen;;;;;;;;;;;;;;;;;;;;;;;;;;;;;;;;;;;;;;;;;;;;;;;;;;;;;;;;;;;;;;;;;;;;;;;;Ja;PZ RIHO;Ja;2;0;0;0;0;0;0;0;0;0;0;0;0;0;0;0;0;0;0;0;0;0;0;0;0;0;0;0;0;0;0;0;0;0;;0;;0;;Ja;0;0;0;0;0;0;0;0;0;0;0;0;0;;Neen;;;;;;;;;;;;;;;;;;;;;;;;;;;;;;;;;;;;;;;;;;;;;;;;;;;;;;;;;;;;;;;;;;;;;;;;;;;;;;;;
Ronse;27078;Ja;niet gekend;niet gekend;niet gekend;niet gekend;niet gekend;niet gekend;niet gekend;niet gekend;niet gekend;niet gekend;Neen;;;;;;;;;;;;;;;;;;;;;;;;;;;;;;;;;;;;;;;;Neen;;;;;;;;;;;;;;;;;;;;;;;;;;;;;;Ja;SOLVA;Ja;1;0,03;0,01;2;0;0;0;0;0;0;1;1;0;1;0;1;0;0;0;1;0;0;0;0;0;0;0;1;0;2;3;0;0;0;;0;;0;;Ja;2;0;0;0,06;0;0;0,01;8;9;3;5;3;1;0;6;6;5;0;0;0;0;;0;;0;0;0;0;;Ja;PZ RONSE;Neen;;;;;;;;;;;;;;;;;;;;;;;;;;;;;;;;;;;;;;;;Ja;niet gekend;10;9;niet gekend;9;0;0;0;0;9;9;0;1;Pv's zijn meestal navolgend aan aanvankelijke van dienst handhaving van Gent,;Neen;;;;;;;;;;;;;;;;;;;;;;;;;;;;;;;;;;;;;;;;;;;;;;;;;;;;;;;;;;;;;;;;;;;;;;;;;;;;;;;;
Roosdaal;11864;non-respons;non-respons;non-respons;non-respons;non-respons;non-respons;non-respons;non-respons;non-respons;non-respons;non-respons;non-respons;non-respons;non-respons;non-respons;non-respons;non-respons;non-respons;non-respons;non-respons;non-respons;non-respons;non-respons;non-respons;non-respons;non-respons;non-respons;non-respons;non-respons;non-respons;non-respons;non-respons;non-respons;non-respons;non-respons;non-respons;non-respons;non-respons;non-respons;non-respons;non-respons;non-respons;non-respons;non-respons;non-respons;non-respons;non-respons;non-respons;non-respons;non-respons;non-respons;non-respons;non-respons;non-respons;non-respons;non-respons;non-respons;non-respons;non-respons;non-respons;non-respons;non-respons;non-respons;non-respons;non-respons;non-respons;non-respons;non-respons;non-respons;non-respons;non-respons;non-respons;non-respons;non-respons;non-respons;non-respons;non-respons;non-respons;non-respons;non-respons;non-respons;non-respons;non-respons;non-respons;non-respons;non-respons;non-respons;non-respons;non-respons;non-respons;non-respons;non-respons;non-respons;non-respons;non-respons;non-respons;non-respons;non-respons;non-respons;non-respons;non-respons;non-respons;non-respons;non-respons;non-respons;non-respons;non-respons;non-respons;non-respons;non-respons;non-respons;non-respons;non-respons;non-respons;non-respons;non-respons;non-respons;non-respons;non-respons;non-respons;non-respons;non-respons;non-respons;non-respons;non-respons;non-respons;non-respons;non-respons;non-respons;non-respons;non-respons;non-respons;non-respons;non-respons;non-respons;non-respons;non-respons;non-respons;non-respons;non-respons;non-respons;non-respons;non-respons;non-respons;non-respons;non-respons;non-respons;non-respons;non-respons;non-respons;non-respons;non-respons;non-respons;non-respons;non-respons;non-respons;non-respons;non-respons;non-respons;non-respons;non-respons;non-respons;non-respons;non-respons;non-respons;non-respons;non-respons;non-respons;non-respons;non-respons;non-respons;non-respons;non-respons;non-respons;non-respons;non-respons;non-respons;non-respons;non-respons;non-respons;non-respons;non-respons;non-respons;non-respons;non-respons;non-respons;non-respons;non-respons;non-respons;non-respons;non-respons;non-respons;non-respons;non-respons;non-respons;non-respons;non-respons;non-respons;non-respons;non-respons;non-respons;non-respons;non-respons;non-respons;non-respons;non-respons;non-respons;non-respons;non-respons;non-respons;non-respons;non-respons;non-respons;non-respons;non-respons;non-respons;non-respons;non-respons;non-respons;non-respons;non-respons;non-respons;non-respons;non-respons;non-respons;non-respons;non-respons;non-respons;non-respons;non-respons;non-respons;non-respons;non-respons;non-respons;non-respons;non-respons;non-respons;non-respons;non-respons;non-respons;non-respons;non-respons;non-respons;non-respons;non-respons;non-respons;non-respons;non-respons;non-respons;non-respons;non-respons;non-respons;non-respons;non-respons;non-respons;non-respons;non-respons;non-respons;non-respons;non-respons;non-respons;non-respons;non-respons;non-respons;non-respons;non-respons;non-respons;non-respons;non-respons;non-respons;non-respons;non-respons;non-respons;non-respons;non-respons;non-respons;non-respons;non-respons;non-respons;non-respons;non-respons;;;;;;;;;;
Rotselaar;17495;Ja;niet gekend;niet gekend;niet gekend;niet gekend;0;;0;;0;;Neen;;;;;;;;;;;;;;;;;;;;;;;;;;;;;;;;;;;;;;;;Neen;;;;;;;;;;;;;;;;;;;;;;;;;;;;;;Ja;Interleuven;Ja;2;0,1;0,1;13;0;1;10;1;1;0;0;1;0;34;6;8;2;9;9;7;0;0;4;2;0;0;0;1;0;4;14;0;2;1;0%;0;;0;;Ja;0;2;0;0,1;0,1;0;0;33;44;6;20;7;7;4;12;4;23;0;1;0;0;;0;;0;0;0;0;;Neen;;;;;;;;;;;;;;;;;;;;;;;;;;;;;;;;;;;;;;;;;;;;;;;;;;;;;;;;;Neen;;;;;;;;;;;;;;;;;;;;;;;;;;;;;;;;;;;;;;;;;;;;;;;;;;;;;;;;;;;;;;;;;;;;;;;;;;;;;;;;
Ruiselede;5501;Ja;65;80;250;tussen 11 en 50;0;;0;;0;;Neen;;;;;;;;;;;;;;;;;;;;;;;;;;;;;;;;;;;;;;;;Neen;;;;;;;;;;;;;;;;;;;;;;;;;;;;;;Ja;WVI;Ja;1;0,03;0;11;0;1;3;0;4;2;0;1;0;23;0;12;3;8;0;5;0;0;0;0;0;5;0;0;0;0;3;0;4;0;;0;;0;;Ja;1;0;0;0,05;0,04;0,01;0;6;26;1;6;1;17;1;0;0;8;0;4;1;0;;0;;0;0;0;0;;Ja;PZ Regio Tielt;Neen;;;;;;;;;;;;;;;;;;;;;;;;;;;;;;;;;;;;;;;;Neen;;;;;;;;;;;;;;Onze diensten worden gecontacteerd inzake sluikstorten;Neen;;;;;;;;;;;;;;;;;;;;;;;;;;;;;;;;;;;;;;;;;;;;;;;;;;;;;;;;;;;;;;;;;;;;;;;;;;;;;;;;
Rumst;15431;Ja;20;60;200;tussen 11 en 50;0;;1;0%;0;;Ja;1;0,1;0,1;16;0;6;0;0;7;2;0;4;0;16;3;5;1;3;4;8;0;0;0;0;0;8;0;5;0;0;3;0;5;0;;0;;0;;Neen;;;;;;;;;;;;;;;;;;;;;;;;;;;;;;Ja;IGEAN;Neen;;;;;;;;;;;;;;;;;;;;;;;;;;;;;;;;;;;;;;;;Ja;0;2;1;0;niet gekend;niet gekend;niet gekend;9;niet gekend;niet gekend;niet gekend;niet gekend;0;0;niet gekend;0;2;0;3;3;0;;0;;0;0;0;0;;Ja;PZ Rupel;Neen;;;;;;;;;;;;;;;;;;;;;;;;;;;;;;;;;;;;;;;;Neen;;;;;;;;;;;;;;Politie gaf bij systematisch bijstand bij de verschillende controles - er is regelmatig overleg met burgemeester/milieudienst en PZ;Neen;;;;;;;;;;;;;;;;;;;;;;;;;;;;;;;;;;;;;;;;;;;;;;;;;;;;;;;;;;;;;;;;;;;;;;;;;;;;;;;;
Schelle;8677;Ja;niet gekend;niet gekend;niet gekend;niet gekend;0;;0;;niet gekend;niet gekend;Neen;;;;;;;;;;;;;;;;;;;;;;;;;;;;;;;;;;;;;;;;Neen;;;;;;;;;;;;;;;;;;;;;;;;;;;;;;Neen;;;;;;;;;;;;;;;;;;;;;;;;;;;;;;;;;;;;;;;;;;;;;;;;;;;;;;;;;;;;;;;;;;;;;;;;Ja;PZ Rupel;Neen;;;;;;;;;;;;;;;;;;;;;;;;;;;;;;;;;;;;;;;;Neen;;;;;;;;;;;;;;Er werd aan PZ Rupel gevraagd om bovenstaande vragen in te vullen, We kregen 0 antwoord van hen,;Neen;;;;;;;;;;;;;;;;;;;;;;;;;;;;;;;;;;;;;;;;;;;;;;;;;;;;;;;;;;;;;;;;;;;;;;;;;;;;;;;;
Scherpenheuvel-Zichem;23851;Ja;niet gekend;niet gekend;niet gekend;niet gekend;0;;0;;0;;Neen;;;;;;;;;;;;;;;;;;;;;;;;;;;;;;;;;;;;;;;;Neen;;;;;;;;;;;;;;;;;;;;;;;;;;;;;;Ja;Interleuven;Ja;2;0,1;0,1;7;0;0;0;1;0;3;0;3;0;26;10;6;3;5;2;11;0;0;0;5;0;2;0;4;0;1;15;0;1;0;;0;;0;;Neen;;;;;;;;;;;;;;;;;;;;;;;;;;;;;Neen;Neen;;;;;;;;;;;;;;;;;;;;;;;;;;;;;;;;;;;;;;;;;;;;;;;;;;;;;;;;;Neen;;;;;;;;;;;;;;;;;;;;;;;;;;;;;;;;;;;;;;;;;;;;;;;;;;;;;;;;;;;;;;;;;;;;;;;;;;;;;;;;
Schilde;20303;Ja;12;30;117;tussen 11 en 50;0;;0;;0;;Ja;1;niet gekend;0,25;30;niet gekend;niet gekend;niet gekend;15;2;1;0;2;12;niet gekend;niet gekend;30;15;0;0;niet gekend;niet gekend;niet gekend;niet gekend;niet gekend;niet gekend;niet gekend;niet gekend;niet gekend;niet gekend;0;0;0;0;0;;0;;0;;Neen;;;;;;;;;;;;;;;;;;;;;;;;;;;;;We missen de nodige software voor verzameling van alle data in de vragenlijst;Ja;IGEAN;Neen;;;;;;;;;;;;;;;;;;;;;;;;;;;;;;;;;;;;;;;;Ja;0;1;1;0;niet gekend;niet gekend;niet gekend;11;11;niet gekend;niet gekend;niet gekend;niet gekend;niet gekend;niet gekend;2;13;0;9;1;0;;0;;0;0;0;0;de vragenlijst werd ingevuld door de gemeente bij gebreke aan foute interpretatie van de vragenlijst,;Ja;PZ Voorkempen;Ja;1;0,5;0;niet gekend;0;27;1;0;454;1;0;23;0;7;0;1;0;6;0;niet gekend;0;0;0;0;0;0;0;1;0;0;0;0;0;0;;0;;0;;Ja;0,5;20;19;0;9;0;10;0;14;niet gekend;niet gekend;13;1;;Neen;;;;;;;;;;;;;;;;;;;;;;;;;;;;;;;;;;;;;;;;;;;;;;;;;;;;;;;;;;;;;;;;;;;;;;;;;;;;;;;;
Schoten;34402;Ja;56;124;2500;meer dan 100;2;50%;0;;0;;Ja;1;0,1;0,3;703;129;287;27;11;44;98;2;98;7;40;9;15;4;10;2;20;0;0;3;1;1;13;0;2;0;89;46;0;5;3;0%;0;;0;;Ja;0;0;0;0;0;0;0,5;46;3;0;0;0;3;0;3;929;4;0;0;0;0;;0;;0;0;0;0;;Ja;IGEAN;Neen;;;;;;;;;;;;;;;;;;;;;;;;;;;;;;;;;;;;;;;;Ja;0;2;1;0;niet gekend;niet gekend;niet gekend;33;niet gekend;niet gekend;niet gekend;niet gekend;0;0;niet gekend;0;12;0;10;5;0;;0;;0;1;0;0;;Ja;PZ Schoten;Ja;0;0,3;0,2;1110;niet gekend;niet gekend;niet gekend;niet gekend;1110;niet gekend;niet gekend;niet gekend;niet gekend;5;2;3;0;1;0;5;niet gekend;niet gekend;niet gekend;niet gekend;niet gekend;niet gekend;niet gekend;niet gekend;niet gekend;0;0;0;5;0;;0;;0;;Ja;0;1;1;0;1;0;0;0;1;0;0;0;0;;Neen;;;;;;;;;;;;;;;;;;;;;;;;;;;;;;;;;;;;;;;;;;;;;;;;;;;;;;;;;;;;;;;;;;;;;;;;;;;;;;;;
Sint-Genesius-Rode;18745;non-respons;non-respons;non-respons;non-respons;non-respons;non-respons;non-respons;non-respons;non-respons;non-respons;non-respons;non-respons;non-respons;non-respons;non-respons;non-respons;non-respons;non-respons;non-respons;non-respons;non-respons;non-respons;non-respons;non-respons;non-respons;non-respons;non-respons;non-respons;non-respons;non-respons;non-respons;non-respons;non-respons;non-respons;non-respons;non-respons;non-respons;non-respons;non-respons;non-respons;non-respons;non-respons;non-respons;non-respons;non-respons;non-respons;non-respons;non-respons;non-respons;non-respons;non-respons;non-respons;non-respons;non-respons;non-respons;non-respons;non-respons;non-respons;non-respons;non-respons;non-respons;non-respons;non-respons;non-respons;non-respons;non-respons;non-respons;non-respons;non-respons;non-respons;non-respons;non-respons;non-respons;non-respons;non-respons;non-respons;non-respons;non-respons;non-respons;non-respons;non-respons;non-respons;non-respons;non-respons;non-respons;non-respons;non-respons;non-respons;non-respons;non-respons;non-respons;non-respons;non-respons;non-respons;non-respons;non-respons;non-respons;non-respons;non-respons;non-respons;non-respons;non-respons;non-respons;non-respons;non-respons;non-respons;non-respons;non-respons;non-respons;non-respons;non-respons;non-respons;non-respons;non-respons;non-respons;non-respons;non-respons;non-respons;non-respons;non-respons;non-respons;non-respons;non-respons;non-respons;non-respons;non-respons;non-respons;non-respons;non-respons;non-respons;non-respons;non-respons;non-respons;non-respons;non-respons;non-respons;non-respons;non-respons;non-respons;non-respons;non-respons;non-respons;non-respons;non-respons;non-respons;non-respons;non-respons;non-respons;non-respons;non-respons;non-respons;non-respons;non-respons;non-respons;non-respons;non-respons;non-respons;non-respons;non-respons;non-respons;non-respons;non-respons;non-respons;non-respons;non-respons;non-respons;non-respons;non-respons;non-respons;non-respons;non-respons;non-respons;non-respons;non-respons;non-respons;non-respons;non-respons;non-respons;non-respons;non-respons;non-respons;non-respons;non-respons;non-respons;non-respons;non-respons;non-respons;non-respons;non-respons;non-respons;non-respons;non-respons;non-respons;non-respons;non-respons;non-respons;non-respons;non-respons;non-respons;non-respons;non-respons;non-respons;non-respons;non-respons;non-respons;non-respons;non-respons;non-respons;non-respons;non-respons;non-respons;non-respons;non-respons;non-respons;non-respons;non-respons;non-respons;non-respons;non-respons;non-respons;non-respons;non-respons;non-respons;non-respons;non-respons;non-respons;non-respons;non-respons;non-respons;non-respons;non-respons;non-respons;non-respons;non-respons;non-respons;non-respons;non-respons;non-respons;non-respons;non-respons;non-respons;non-respons;non-respons;non-respons;non-respons;non-respons;non-respons;non-respons;non-respons;non-respons;non-respons;non-respons;non-respons;non-respons;non-respons;non-respons;non-respons;non-respons;non-respons;non-respons;non-respons;non-respons;non-respons;non-respons;non-respons;non-respons;non-respons;non-respons;non-respons;non-respons;non-respons;non-respons;non-respons;non-respons;non-respons;non-respons;non-respons;non-respons;non-respons;non-respons;non-respons;non-respons;;;;;;;;;
Sint-Gillis-Waas;19950;Ja;niet gekend;niet gekend;niet gekend;niet gekend;1;0%;0;;0;;Ja;1;0,05;0,05;73;73;12;4;2;10;20;0;10;15;21;0;21;0;0;0;niet gekend;niet gekend;niet gekend;niet gekend;niet gekend;niet gekend;niet gekend;niet gekend;niet gekend;niet gekend;niet gekend;niet gekend;0;0;1;0%;0;;0;;Neen;;;;;;;;;;;;;;;;;;;;;;;;;;;;;;Ja;Interwaas;Neen;;;;;;;;;;;;;;;;;;;;;;;;;;;;;;;;;;;;;;;;niet gekend;niet gekend;niet gekend;niet gekend;niet gekend;niet gekend;niet gekend;niet gekend;niet gekend;niet gekend;niet gekend;niet gekend;niet gekend;niet gekend;niet gekend;niet gekend;niet gekend;niet gekend;niet gekend;niet gekend;niet gekend;niet gekend;niet gekend;niet gekend;niet gekend;niet gekend;niet gekend;niet gekend;niet gekend;;Neen;;;;;;;;;;;;;;;;;;;;;;;;;;;;;;;;;;;;;;;;;;;;;;;;;;;;;;;;;niet gekend;niet gekend;niet gekend;niet gekend;niet gekend;niet gekend;niet gekend;niet gekend;niet gekend;niet gekend;niet gekend;niet gekend;niet gekend;niet gekend;niet gekend;niet gekend;niet gekend;niet gekend;niet gekend;niet gekend;niet gekend;niet gekend;niet gekend;niet gekend;niet gekend;niet gekend;niet gekend;niet gekend;niet gekend;niet gekend;niet gekend;niet gekend;niet gekend;niet gekend;niet gekend;niet gekend;niet gekend;niet gekend;niet gekend;niet gekend;niet gekend;niet gekend;niet gekend;niet gekend;niet gekend;niet gekend;niet gekend;niet gekend;niet gekend;niet gekend;niet gekend;niet gekend;niet gekend;niet gekend;niet gekend;niet gekend;niet gekend;niet gekend;niet gekend;niet gekend;niet gekend;niet gekend;niet gekend;niet gekend;niet gekend;niet gekend;niet gekend;niet gekend;niet gekend;niet gekend;niet gekend;;;;;;;;;;
Sint-Katelijne-Waver;21607;Ja;niet gekend;niet gekend;niet gekend;tussen 11 en 50;0;;0;;0;;Ja;2;0,05;0;50;niet gekend;niet gekend;niet gekend;niet gekend;niet gekend;niet gekend;niet gekend;niet gekend;niet gekend;50;5;25;0;25;0;40;niet gekend;niet gekend;niet gekend;niet gekend;niet gekend;niet gekend;niet gekend;niet gekend;niet gekend;niet gekend;15;0;0;0;;0;;0;;Neen;;;;;;;;;;;;;;;;;;;;;;;;;;;;;sinds februari 2023 zijn er 2 extra gemeentelijke milieutoezichthouders (1,5 VTE), In de loop van 2023 zullen er 2 omgevingsambtenaren aangesteld worden als verbalisant RO;Ja;IGEMO;Ja;2;niet gekend;niet gekend;4;0;0;2;2;0;0;0;0;0;12;8;4;1;0;0;4;0;0;2;2;0;0;0;0;0;0;3;0;6;0;;0;;0;;Ja;3;2;0;niet gekend;niet gekend;niet gekend;niet gekend;9;27;18;9;6;0;0;9;1;10;0;10;2;0;;0;;0;0;0;0;;Ja;PZ BODUKAP;Neen;;;;;;;;;;;;;;;;;;;;;;;;;;;;;;;;;;;;;;;;Neen;;;;;;;;;;;;;;;Neen;;;;;;;;;;;;;;;;;;;;;;;;;;;;;;;;;;;;;;;;;;;;;;;;;;;;;;;;;;;;;;;;;;;;;;;;;;;;;;;;
Sint-Laureins;7256;Ja;80;240;600;niet gekend;0;;0;;0;;Ja;1;0,01;0;33;1;1;3;1;5;1;2;20;1;5;0;5;1;0;0;5;0;0;1;0;1;1;2;1;0;0;6;0;2;0;;0;;0;;Neen;;;;;;;;;;;;;;;;;;;;;;;;;;;;;;Ja;VENECO;Ja;1;0,02;0,002;0;0;0;0;0;0;0;0;0;0;1;1;0;0;0;0;0;0;0;0;0;0;0;0;0;0;0;1;0;0;0;;0;;0;;Ja;2;0;0;0,06;0,06;0;0,01;0;4;0;3;1;0;0;3;0;2;0;1;1;0;;0;;0;0;0;0;Bovenstaande cijfers werden bijgehouden tijdens het werkjaar, Ze zijn bijgevolg correct of minstens een ondergrens,;Ja;PZ Meetjesland;Neen;;;;;;;;;;;;;;;;;;;;;;;;;;;;;;;;;;;;;;;;Ja;0,2;1;1;1;1;11;0;0;0;0;1;4;0;;Neen;;;;;;;;;;;;;;;;;;;;;;;;;;;;;;;;;;;;;;;;;;;;;;;;;;;;;;;;;;;;;;;;;;;;;;;;;;;;;;;;
Sint-Lievens-Houtem;10663;Ja;9;90;310;tussen 1 en 10;0;;0;;0;;Ja;1;0,1;0;;0;0;1;1;0;3;0;1;1;5;1;4;1;0;0;;0;0;1;0;0;3;0;0;1;1;2;0;0;0;;0;;0;;Neen;;;;;;;;;;;;;;;;;;;;;;;;;;;;;;Ja;SOLVA;Ja;1;0,02;0;0;0;0;0;0;0;0;0;0;0;0;0;0;0;0;0;0;0;0;0;0;0;0;0;0;0;2;1;0;0;0;;0;;0;;Ja;2;0;0;0,03;0;0;0;1;1;0;1;0;0;0;0;0;0;0;1;1;0;;0;;1;0;1;0;;Neen;;;;;;;;;;;;;;;;;;;;;;;;;;;;;;;;;;;;;;;;;;;;;;;;;;;;;;;;;Neen;;;;;;;;;;;;;;;;;;;;;;;;;;;;;;;;;;;;;;;;;;;;;;;;;;;;;;;;;;;;;;;;;;;;;;;;;;;;;;;;
Sint-Martens-Latem;8260;Ja;0;niet gekend;niet gekend;niet gekend;0;;0;;0;;Ja;1;0,01;0;2;0;0;0;0;2;0;0;0;0;1;0;1;0;0;0;1;0;0;0;0;1;0;0;0;0;1;0;0;0;0;;0;;0;;Ja;niet gekend;niet gekend;niet gekend;niet gekend;niet gekend;niet gekend;niet gekend;niet gekend;niet gekend;niet gekend;niet gekend;niet gekend;niet gekend;niet gekend;niet gekend;niet gekend;niet gekend;niet gekend;niet gekend;niet gekend;niet gekend;niet gekend;niet gekend;niet gekend;niet gekend;niet gekend;niet gekend;niet gekend;;niet gekend;niet gekend;niet gekend;niet gekend;niet gekend;niet gekend;niet gekend;niet gekend;niet gekend;niet gekend;niet gekend;niet gekend;niet gekend;niet gekend;niet gekend;niet gekend;niet gekend;niet gekend;niet gekend;niet gekend;niet gekend;niet gekend;niet gekend;niet gekend;niet gekend;niet gekend;niet gekend;niet gekend;niet gekend;niet gekend;niet gekend;niet gekend;niet gekend;niet gekend;niet gekend;niet gekend;niet gekend;niet gekend;niet gekend;niet gekend;niet gekend;niet gekend;niet gekend;niet gekend;niet gekend;niet gekend;niet gekend;niet gekend;niet gekend;niet gekend;niet gekend;niet gekend;niet gekend;niet gekend;niet gekend;niet gekend;niet gekend;niet gekend;niet gekend;niet gekend;niet gekend;niet gekend;niet gekend;niet gekend;niet gekend;niet gekend;niet gekend;niet gekend;niet gekend;niet gekend;niet gekend;;niet gekend;niet gekend;niet gekend;niet gekend;niet gekend;niet gekend;niet gekend;niet gekend;niet gekend;niet gekend;niet gekend;niet gekend;niet gekend;niet gekend;niet gekend;niet gekend;niet gekend;niet gekend;niet gekend;niet gekend;niet gekend;niet gekend;niet gekend;niet gekend;niet gekend;niet gekend;niet gekend;niet gekend;niet gekend;niet gekend;niet gekend;niet gekend;niet gekend;niet gekend;niet gekend;niet gekend;niet gekend;niet gekend;niet gekend;niet gekend;niet gekend;niet gekend;niet gekend;niet gekend;niet gekend;niet gekend;niet gekend;niet gekend;niet gekend;niet gekend;niet gekend;niet gekend;niet gekend;niet gekend;niet gekend;niet gekend;;niet gekend;niet gekend;niet gekend;niet gekend;niet gekend;niet gekend;niet gekend;niet gekend;niet gekend;niet gekend;niet gekend;niet gekend;niet gekend;niet gekend;niet gekend;niet gekend;niet gekend;niet gekend;niet gekend;niet gekend;niet gekend;niet gekend;niet gekend;niet gekend;niet gekend;niet gekend;niet gekend;niet gekend;niet gekend;niet gekend;niet gekend;niet gekend;niet gekend;niet gekend;niet gekend;niet gekend;niet gekend;niet gekend;niet gekend;niet gekend;niet gekend;niet gekend;niet gekend;niet gekend;niet gekend;niet gekend;niet gekend;niet gekend;niet gekend;niet gekend;niet gekend;niet gekend;niet gekend;niet gekend;niet gekend;niet gekend;niet gekend;niet gekend;niet gekend;niet gekend;niet gekend;niet gekend;niet gekend;niet gekend;niet gekend;niet gekend;niet gekend;niet gekend;niet gekend;niet gekend;niet gekend;;;;;;;;;;
Sint-Niklaas;81968;Ja;niet gekend;niet gekend;niet gekend;niet gekend;0;;0;;0;;Ja;2;0,01;0;1;0;0;0;0;1;0;0;0;0;7;0;1;0;6;0;2;0;0;0;0;1;1;0;0;0;0;2;0;0;0;;0;;0;;Ja;0;2;0;0;1;0;1;106;201;niet gekend;niet gekend;niet gekend;niet gekend;niet gekend;niet gekend;35;74;0;32;5;0;;0;;2;8;0;0;;Neen;;;;;;;;;;;;;;;;;;;;;;;;;;;;;;;;;;;;;;;;;;;;;;;;;;;;;;;;;;;;;;;;;;;;;;;;Ja;PZ Sint-Niklaas;Ja;1;0,8;0,1;niet gekend;niet gekend;niet gekend;niet gekend;niet gekend;niet gekend;niet gekend;niet gekend;niet gekend;niet gekend;niet gekend;niet gekend;niet gekend;niet gekend;niet gekend;niet gekend;niet gekend;niet gekend;niet gekend;niet gekend;niet gekend;niet gekend;niet gekend;niet gekend;niet gekend;niet gekend;niet gekend;niet gekend;0;niet gekend;niet gekend;niet gekend;niet gekend;niet gekend;niet gekend;niet gekend;Ja;niet gekend;niet gekend;niet gekend;niet gekend;niet gekend;niet gekend;niet gekend;niet gekend;niet gekend;niet gekend;0;niet gekend;niet gekend;;Neen;;;;;;;;;;;;;;;;;;;;;;;;;;;;;;;;;;;;;;;;;;;;;;;;;;;;;;;;;;;;;;;;;;;;;;;;;;;;;;;;
Sint-Pieters-Leeuw;36067;Ja;34;108;niet gekend;niet gekend;4;75%;0;;18;67%;Neen;;;;;;;;;;;;;;;;;;;;;;;;;;;;;;;;;;;;;;;;Ja;0;1;0;0;0,05;0;0,05;35;45;12;8;0;0;8;5;10;0;0;0;0;0;;0;;0;0;0;0;;Ja;Haviland;Ja;3;0,05;0;0;0;0;0;0;0;0;0;0;0;64;26;5;5;18;10;34;0;0;0;34;0;34;0;34;0;2;43;0;23;4;75%;0;;8;0%;Ja;2;0;0;0,07;0;0;0;18;26;4;18;4;0;0;17;2;11;0;6;1;0;;0;;0;5;0;0;;Neen;;;;;;;;;;;;;;;;;;;;;;;;;;;;;;;;;;;;;;;;;;;;;;;;;;;;;;;;;Neen;;;;;;;;;;;;;;;;;;;;;;;;;;;;;;;;;;;;;;;;;;;;;;;;;;;;;;;;;;;;;;;;;;;;;;;;;;;;;;;;
Sint-Truiden;41957;non-respons;non-respons;non-respons;non-respons;non-respons;non-respons;non-respons;non-respons;non-respons;non-respons;non-respons;non-respons;non-respons;non-respons;non-respons;non-respons;non-respons;non-respons;non-respons;non-respons;non-respons;non-respons;non-respons;non-respons;non-respons;non-respons;non-respons;non-respons;non-respons;non-respons;non-respons;non-respons;non-respons;non-respons;non-respons;non-respons;non-respons;non-respons;non-respons;non-respons;non-respons;non-respons;non-respons;non-respons;non-respons;non-respons;non-respons;non-respons;non-respons;non-respons;non-respons;non-respons;non-respons;non-respons;non-respons;non-respons;non-respons;non-respons;non-respons;non-respons;non-respons;non-respons;non-respons;non-respons;non-respons;non-respons;non-respons;non-respons;non-respons;non-respons;non-respons;non-respons;non-respons;non-respons;non-respons;non-respons;non-respons;non-respons;non-respons;non-respons;non-respons;non-respons;non-respons;non-respons;non-respons;non-respons;non-respons;non-respons;non-respons;non-respons;non-respons;non-respons;non-respons;non-respons;non-respons;non-respons;non-respons;non-respons;non-respons;non-respons;non-respons;non-respons;non-respons;non-respons;non-respons;non-respons;non-respons;non-respons;non-respons;non-respons;non-respons;non-respons;non-respons;non-respons;non-respons;non-respons;non-respons;non-respons;non-respons;non-respons;non-respons;non-respons;non-respons;non-respons;non-respons;non-respons;non-respons;non-respons;non-respons;non-respons;non-respons;non-respons;non-respons;non-respons;non-respons;non-respons;non-respons;non-respons;non-respons;non-respons;non-respons;non-respons;non-respons;non-respons;non-respons;non-respons;non-respons;non-respons;non-respons;non-respons;non-respons;non-respons;non-respons;non-respons;non-respons;non-respons;non-respons;non-respons;non-respons;non-respons;non-respons;non-respons;non-respons;non-respons;non-respons;non-respons;non-respons;non-respons;non-respons;non-respons;non-respons;non-respons;non-respons;non-respons;non-respons;non-respons;non-respons;non-respons;non-respons;non-respons;non-respons;non-respons;non-respons;non-respons;non-respons;non-respons;non-respons;non-respons;non-respons;non-respons;non-respons;non-respons;non-respons;non-respons;non-respons;non-respons;non-respons;non-respons;non-respons;non-respons;non-respons;non-respons;non-respons;non-respons;non-respons;non-respons;non-respons;non-respons;non-respons;non-respons;non-respons;non-respons;non-respons;non-respons;non-respons;non-respons;non-respons;non-respons;non-respons;non-respons;non-respons;non-respons;non-respons;non-respons;non-respons;non-respons;non-respons;non-respons;non-respons;non-respons;non-respons;non-respons;non-respons;non-respons;non-respons;non-respons;non-respons;non-respons;non-respons;non-respons;non-respons;non-respons;non-respons;non-respons;non-respons;non-respons;non-respons;non-respons;non-respons;non-respons;non-respons;non-respons;non-respons;non-respons;non-respons;non-respons;non-respons;non-respons;non-respons;non-respons;non-respons;non-respons;non-respons;non-respons;non-respons;non-respons;non-respons;non-respons;non-respons;non-respons;non-respons;non-respons;non-respons;non-respons;non-respons;non-respons;non-respons;non-respons;non-respons;non-respons;non-respons;non-respons;;;;;;;;;
Spiere-Helkijn;2060;non-respons;non-respons;non-respons;non-respons;non-respons;non-respons;non-respons;non-respons;non-respons;non-respons;non-respons;non-respons;non-respons;non-respons;non-respons;non-respons;non-respons;non-respons;non-respons;non-respons;non-respons;non-respons;non-respons;non-respons;non-respons;non-respons;non-respons;non-respons;non-respons;non-respons;non-respons;non-respons;non-respons;non-respons;non-respons;non-respons;non-respons;non-respons;non-respons;non-respons;non-respons;non-respons;non-respons;non-respons;non-respons;non-respons;non-respons;non-respons;non-respons;non-respons;non-respons;non-respons;non-respons;non-respons;non-respons;non-respons;non-respons;non-respons;non-respons;non-respons;non-respons;non-respons;non-respons;non-respons;non-respons;non-respons;non-respons;non-respons;non-respons;non-respons;non-respons;non-respons;non-respons;non-respons;non-respons;non-respons;non-respons;non-respons;non-respons;non-respons;non-respons;non-respons;non-respons;non-respons;non-respons;non-respons;non-respons;non-respons;non-respons;non-respons;non-respons;non-respons;non-respons;non-respons;non-respons;non-respons;non-respons;non-respons;non-respons;non-respons;non-respons;non-respons;non-respons;non-respons;non-respons;non-respons;non-respons;non-respons;non-respons;non-respons;non-respons;non-respons;non-respons;non-respons;non-respons;non-respons;non-respons;non-respons;non-respons;non-respons;non-respons;non-respons;non-respons;non-respons;non-respons;non-respons;non-respons;non-respons;non-respons;non-respons;non-respons;non-respons;non-respons;non-respons;non-respons;non-respons;non-respons;non-respons;non-respons;non-respons;non-respons;non-respons;non-respons;non-respons;non-respons;non-respons;non-respons;non-respons;non-respons;non-respons;non-respons;non-respons;non-respons;non-respons;non-respons;non-respons;non-respons;non-respons;non-respons;non-respons;non-respons;non-respons;non-respons;non-respons;non-respons;non-respons;non-respons;non-respons;non-respons;non-respons;non-respons;non-respons;non-respons;non-respons;non-respons;non-respons;non-respons;non-respons;non-respons;non-respons;non-respons;non-respons;non-respons;non-respons;non-respons;non-respons;non-respons;non-respons;non-respons;non-respons;non-respons;non-respons;non-respons;non-respons;non-respons;non-respons;non-respons;non-respons;non-respons;non-respons;non-respons;non-respons;non-respons;non-respons;non-respons;non-respons;non-respons;non-respons;non-respons;non-respons;non-respons;non-respons;non-respons;non-respons;non-respons;non-respons;non-respons;non-respons;non-respons;non-respons;non-respons;non-respons;non-respons;non-respons;non-respons;non-respons;non-respons;non-respons;non-respons;non-respons;non-respons;non-respons;non-respons;non-respons;non-respons;non-respons;non-respons;non-respons;non-respons;non-respons;non-respons;non-respons;non-respons;non-respons;non-respons;non-respons;non-respons;non-respons;non-respons;non-respons;non-respons;non-respons;non-respons;non-respons;non-respons;non-respons;non-respons;non-respons;non-respons;non-respons;non-respons;non-respons;non-respons;non-respons;non-respons;non-respons;non-respons;non-respons;non-respons;non-respons;non-respons;non-respons;non-respons;non-respons;non-respons;non-respons;non-respons;non-respons;non-respons;non-respons;non-respons;non-respons;;;;;;;;;
Stabroek;18846;Ja;13;51;523;niet gekend;0;;0;;0;;Ja;1;0,05;0;11;0;5;0;0;1;2;0;3;0;7;0;7;3;0;0;;0;0;0;0;0;3;0;1;3;4;3;0;2;2;100%;0;;0;;Ja;0;1;0;0,1;0,1;0;0,1;5;10;1;8;4;2;0;8;8;8;0;0;0;1;0%;0;;0;0;0;0;;Ja;IGEAN;Neen;;;;;;;;;;;;;;;;;;;;;;;;;;;;;;;;;;;;;;;;Ja;2;0;0;0,1;0;0;0;0;2;1;0;2;0;0;2;0;2;0;2;0;2;100%;0;;0;0;0;0;;Neen;;;;;;;;;;;;;;;;;;;;;;;;;;;;;;;;;;;;;;;;;;;;;;;;;;;;;;;;;Neen;;;;;;;;;;;;;;;;;;;;;;;;;;;;;;;;;;;;;;;;;;;;;;;;;;;;;;;;;;;;;;;;;;;;;;;;;;;;;;;;
Staden;11644;Ja;80;200;350;tussen 1 en 10;0;;0;;0;;Ja;1;0,2;0,3;35;0;5;3;8;2;1;2;10;0;10;0;0;0;0;0;30;0;2;2;5;2;1;3;10;0;30;1;0;0;0;;0;;0;;Ja;0;2;0;0;0,01;0;0;2;2;0;0;0;0;0;0;0;2;0;0;0;0;;0;;0;0;0;0;;Neen;;;;;;;;;;;;;;;;;;;;;;;;;;;;;;;;;;;;;;;;;;;;;;;;;;;;;;;;;;;;;;;;;;;;;;;;Ja;PZ Arro Ieper;Ja;4;3,83;0;5;0;0;0;0;0;3;0;2;0;18;0;5;6;6;1;8;0;0;0;0;0;2;0;7;0;0;5;0;1;0;;0;;0;;Ja;1;1;0;1;0;0;0;0;1;1;0;0;0;;Neen;;;;;;;;;;;;;;;;;;;;;;;;;;;;;;;;;;;;;;;;;;;;;;;;;;;;;;;;;;;;;;;;;;;;;;;;;;;;;;;;
Steenokkerzeel;12614;Ja;22;58;611;niet gekend;0;;0;;0;;Neen;;;;;;;;;;;;;;;;;;;;;;;;;;;;;;;;;;;;;;;;Ja;0;0;0;0;0;0;niet gekend;8;12;0;8;0;4;0;niet gekend;0;12;0;0;0;0;;0;;0;1;niet gekend;niet gekend;"- Er werd 0 verbalisant aangesteld, Handhaving RO wordt opgevolgd door personeelsleden van de dienst RO in samenwerking met de politie,
- De herstelvordering betreft de opvolging van een vaststelling in 2019,";Ja;Haviland;Ja;3;0,07;0;12;0;1;3;0;1;3;0;4;0;16;2;13;1;0;1;12;0;1;3;0;1;2;0;4;0;0;9;0;6;0;;0;;0;;Neen;;;;;;;;;;;;;;;;;;;;;;;;;;;;;;Ja;PZ KASTZE;Neen;;;;;;;;;;;;;;;;;;;;;;;;;;;;;;;;;;;;;;;;Ja;0,1;4;5;0;4;0;0;0;3;3;1;2;0;;Neen;;;;;;;;;;;;;;;;;;;;;;;;;;;;;;;;;;;;;;;;;;;;;;;;;;;;;;;;;;;;;;;;;;;;;;;;;;;;;;;;
Stekene;19290;Ja;8;niet gekend;niet gekend;niet gekend;2;100%;0;;2;100%;Ja;2;0,2;0,2;173;30;1;50;10;7;20;5;77;30;20;2;10;5;0;0;4;1;0;0;0;2;2;0;0;0;150;50;0;0;0;;0;;0;;Neen;;;;;;;;;;;;;;;;;;;;;;;;;;;;;;Ja;Interwaas;Neen;;;;;;;;;;;;;;;;;;;;;;;;;;;;;;;;;;;;;;;;Ja;1;0;0;2,5;0;0;0;1;1;0;1;0;0;0;1;1;0;0;0;0;0;;0;;0;0;0;0;Intergemeentelijke handhaving is pas eind oktober 2022 gestart,;Ja;PZ Waasland-Noord;Neen;;;;;;;;;;;;;;;;;;;;;;;;;;;;;;;;;;;;;;;;Ja;0,1;23;32;0;23;9;0;0;23;niet gekend;3;3;0;In principe werkt de PZ enkel reactief, dus enkel op klacht en/of vraag gemeentebestuur;Neen;;;;;;;;;;;;;;;;;;;;;;;;;;;;;;;;;;;;;;;;;;;;;;;;;;;;;;;;;;;;;;;;;;;;;;;;;;;;;;;;
Temse;31218;Ja;40;156;967;tussen 11 en 50;1;100%;0;;2;100%;Ja;1;0,1;0,1;39;0;0;5;3;16;3;0;10;2;11;1;10;11;0;0;0;0;0;0;2;0;0;0;0;0;2;0;0;0;1;100%;0;;0;;Ja;0;1;0;0;1;0;0,2;400;335;30;250;40;10;5;310;60;40;0;30;10;5;40%;5;40%;0;4;0;0;;Neen;;;;;;;;;;;;;;;;;;;;;;;;;;;;;;;;;;;;;;;;;;;;;;;;;;;;;;;;;;;;;;;;;;;;;;;;Ja;PZ Kruibeke-Temse;Neen;;;;;;;;;;;;;;;;;;;;;;;;;;;;;;;;;;;;;;;;Ja;0,2;40;35;5;25;5;0;0;18;18;6;18;7;;Neen;;;;;;;;;;;;;;;;;;;;;;;;;;;;;;;;;;;;;;;;;;;;;;;;;;;;;;;;;;;;;;;;;;;;;;;;;;;;;;;;
Ternat;16477;Ja;47;280;1500;niet gekend;0;;0;;0;;Ja;1;0,2;0,1;niet gekend;niet gekend;niet gekend;niet gekend;niet gekend;niet gekend;niet gekend;0;niet gekend;niet gekend;36;niet gekend;7;niet gekend;36;0;36;7;0;2;2;0;4;0;14;7;niet gekend;69;27;27;0;;niet gekend;niet gekend;niet gekend;niet gekend;Neen;;;;;;;;;;;;;;;;;;;;;;;;;;;;;;Ja;Haviland;Neen;;;;;;;;;;;;;;;;;;;;;;;;;;;;;;;;;;;;;;;;Ja;2;0;0;0,8;0;0;niet gekend;11;11;0;11;0;0;0;10;1;5;0;5;2;niet gekend;niet gekend;0;;0;0;0;0;;Neen;;;;;;;;;;;;;;;;;;;;;;;;;;;;;;;;;;;;;;;;;;;;;;;;;;;;;;;;;Neen;;;;;;;;;;;;;;;;;;;;;;;;;;;;;;;;;;;;;;;;;;;;;;;;;;;;;;;;;;;;;;;;;;;;;;;;;;;;;;;;
Tervuren;23121;Neen;9;69;1781;niet gekend;0;;0;;0;;Neen;;;;;;;;;;;;;;;;;;;;;;;;;;;;;;;;;;;;;;;;Ja;0;6;0;0;0,1;0;0;10;10;0;10;0;0;0;8;8;0;0;0;0;0;;0;;0;0;0;0;;Ja;Interleuven;Ja;1;0;0;0;0;0;0;0;0;0;0;0;0;0;0;0;0;0;0;0;0;0;0;0;0;0;0;0;0;0;0;0;0;0;;0;;0;;Ja;0;0;0;0;0;0;0;0;0;0;0;0;0;0;0;0;0;0;0;0;0;;0;;0;0;0;0;;Ja;PZ Voer en Dijle;Neen;;;;;;;;;;;;;;;;;;;;;;;;;;;;;;;;;;;;;;;;Neen;;;;;;;;;;;;;;;Neen;;;;;;;;;;;;;;;;;;;;;;;;;;;;;;;;;;;;;;;;;;;;;;;;;;;;;;;;;;;;;;;;;;;;;;;;;;;;;;;;
Tessenderlo;18836;Ja;niet gekend;niet gekend;niet gekend;niet gekend;0;;0;;0;;Ja;1;0;0;110;0;11;0;0;3;0;0;75;1;1;0;1;0;0;0;0;0;0;0;0;0;0;0;niet gekend;0;1;0;0;0;0;;0;;0;;Ja;0;1;0;0;0,5;0;0;10;21;4;6;0;6;3;9;9;6;3;3;4;0;;0;;0;1;0;0;;Neen;;;;;;;;;;;;;;;;;;;;;;;;;;;;;;;;;;;;;;;;;;;;;;;;;;;;;;;;;;;;;;;;;;;;;;;;Neen;;;;;;;;;;;;;;;;;;;;;;;;;;;;;;;;;;;;;;;;;;;;;;;;;;;;;;;;;Neen;;;;;;;;;;;;;;;;;;;;;;;;;;;;;;;;;;;;;;;;;;;;;;;;;;;;;;;;;;;;;;;;;;;;;;;;;;;;;;;;
Tielt;20711;Ja;154;200;350;tussen 11 en 50;0;;0;;0;;Neen;;;;;;;;;;;;;;;;;;;;;;;;;;;;;;;;;;;;;;;;Neen;;;;;;;;;;;;;;;;;;;;;;;;;;;;;;Ja;WVI;Ja;1;0,06;0;15;1;1;5;0;3;2;0;2;1;24;4;11;3;6;0;4;0;0;0;0;0;2;0;1;0;0;6;0;4;0;;0;;0;;Ja;0;1;0;0;0,14;0;0;28;46;7;27;5;7;0;13;0;12;0;4;1;0;;0;;0;0;0;0;;Ja;PZ Regio Tielt;Neen;;;;;;;;;;;;;;;;;;;;;;;;;;;;;;;;;;;;;;;;Ja;niet gekend;niet gekend;2;2;2;2;0;0;1;0;0;2;2;;Neen;;;;;;;;;;;;;;;;;;;;;;;;;;;;;;;;;;;;;;;;;;;;;;;;;;;;;;;;;;;;;;;;;;;;;;;;;;;;;;;;
Tielt-Winge;11441;Ja;16;60;1055;tussen 11 en 50;0;;0;;0;;Ja;2;0,1;0,1;75;0;5;0;3;7;2;2;55;3;8;1;3;1;2;0;3;0;0;0;1;0;1;0;0;1;0;15;3;3;0;;0;;0;;Neen;;;;;;;;;;;;;;;;;;;;;;;;;;;;;;Neen;;;;;;;;;;;;;;;;;;;;;;;;;;;;;;;;;;;;;;;;;;;;;;;;;;;;;;;;;;;;;;;;;;;;;;;;Ja;PZ Hageland;niet gekend;niet gekend;niet gekend;niet gekend;niet gekend;niet gekend;niet gekend;niet gekend;niet gekend;niet gekend;niet gekend;niet gekend;niet gekend;niet gekend;niet gekend;niet gekend;niet gekend;niet gekend;niet gekend;niet gekend;niet gekend;niet gekend;niet gekend;niet gekend;niet gekend;niet gekend;niet gekend;niet gekend;niet gekend;niet gekend;niet gekend;niet gekend;niet gekend;niet gekend;niet gekend;niet gekend;niet gekend;niet gekend;niet gekend;niet gekend;niet gekend;niet gekend;niet gekend;niet gekend;niet gekend;niet gekend;niet gekend;niet gekend;niet gekend;niet gekend;niet gekend;niet gekend;niet gekend;niet gekend;;Neen;;;;;;;;;;;;;;;;;;;;;;;;;;;;;;;;;;;;;;;;;;;;;;;;;;;;;;;;;;;;;;;;;;;;;;;;;;;;;;;;
Tienen;36325;Ja;65;200;350;niet gekend;0;;0;;0;;Ja;1;0,1;0,1;12;2;2;0;0;1;0;0;5;2;0;0;0;0;0;0;0;0;0;0;0;0;0;0;0;0;0;0;0;0;0;;0;;0;;Ja;2;0;0;0,1;0,1;0;0;25;25;2;0;19;0;0;19;2;2;19;19;3;0;;0;;0;1;0;0;;Neen;;;;;;;;;;;;;;;;;;;;;;;;;;;;;;;;;;;;;;;;;;;;;;;;;;;;;;;;;;;;;;;;;;;;;;;;Ja;PZ Getevallei;Neen;;;;;;;;;;;;;;;;;;;;;;;;;;;;;;;;;;;;;;;;Neen;;;;;;;;;;;;;;;Neen;;;;;;;;;;;;;;;;;;;;;;;;;;;;;;;;;;;;;;;;;;;;;;;;;;;;;;;;;;;;;;;;;;;;;;;;;;;;;;;;
Tongeren;31919;Ja;62;183;1267;niet gekend;0;;0;;0;;Ja;3;0,5;0;0;0;0;0;0;0;0;0;0;0;1;0;0;0;0;0;2;0;0;0;0;0;2;0;0;0;0;2;0;9;0;;0;;0;;Neen;;;;;;;;;;;;;;;;;;;;;;;;;;;;;;Neen;;;;;;;;;;;;;;;;;;;;;;;;;;;;;;;;;;;;;;;;;;;;;;;;;;;;;;;;;;;;;;;;;;;;;;;;Ja;PZ Tongeren - Herstappe;Ja;1;0,25;0;0;0;0;0;0;0;0;0;0;0;1;0;0;0;0;0;0;0;0;0;0;0;0;0;0;0;0;0;0;0;0;;0;;0;;Neen;;;;;;;;;;;;;;;Neen;;;;;;;;;;;;;;;;;;;;;;;;;;;;;;;;;;;;;;;;;;;;;;;;;;;;;;;;;;;;;;;;;;;;;;;;;;;;;;;;
Torhout;20794;Neen;95;204;1500;niet gekend;0;;0;;1;100%;Neen;;;;;;;;;;;;;;;;;;;;;;;;;;;;;;;;;;;;;;;;Neen;;;;;;;;;;;;;;;;;;;;;;;;;;;;;;Neen;;;;;;;;;;;;;;;;;;;;;;;;;;;;;;;;;;;;;;;;;;;;;;;;;;;;;;;;;;;;;;;;;;;;;;;;Ja;PZ Kouter;Neen;;;;;;;;;;;;;;;;;;;;;;;;;;;;;;;;;;;;;;;;Ja;0,1;5;6;0;6;0;0;0;6;6;5;5;2;;Neen;;;;;;;;;;;;;;;;;;;;;;;;;;;;;;;;;;;;;;;;;;;;;;;;;;;;;;;;;;;;;;;;;;;;;;;;;;;;;;;;
Tremelo;15347;Ja;5;24;200;niet gekend;0;;0;;0;;Neen;;;;;;;;;;;;;;;;;;;;;;;;;;;;;;;;;;;;;;;;Neen;;;;;;;;;;;;;;;;;;;;;;;;;;;;;;Ja;Interleuven;Ja;3;0,084;niet gekend;niet gekend;2;2;1;2;6;14;0;14;6;36;2;18;15;1;0;33;0;2;7;4;2;9;1;3;5;1;14;0;4;0;;0;;0;;Neen;;;;;;;;;;;;;;;;;;;;;;;;;;;;;;Ja;PZ BRT;Ja;niet gekend;niet gekend;niet gekend;228;10;40;0;0;141;0;0;37;0;228;0;228;0;0;0;11;0;3;0;0;0;0;0;5;3;0;0;0;11;0;;0;;0;;Neen;;;;;;;;;;;;;;De vaststellingen werden gedaan en PV's opgemaakt door de politie vanuit hun politionele bevoegdheden, ;Neen;;;;;;;;;;;;;;;;;;;;;;;;;;;;;;;;;;;;;;;;;;;;;;;;;;;;;;;;;;;;;;;;;;;;;;;;;;;;;;;;
Turnhout;47015;Ja;niet gekend;niet gekend;niet gekend;tussen 11 en 50;0;;0;;0;;niet gekend;niet gekend;niet gekend;niet gekend;niet gekend;niet gekend;niet gekend;niet gekend;niet gekend;niet gekend;niet gekend;niet gekend;niet gekend;niet gekend;niet gekend;niet gekend;niet gekend;niet gekend;niet gekend;niet gekend;niet gekend;niet gekend;niet gekend;niet gekend;niet gekend;niet gekend;niet gekend;niet gekend;niet gekend;niet gekend;niet gekend;niet gekend;niet gekend;niet gekend;niet gekend;niet gekend;niet gekend;niet gekend;niet gekend;niet gekend;Ja;0;2;0;0;1;0;0,2;114;85;niet gekend;niet gekend;niet gekend;niet gekend;niet gekend;niet gekend;4;16;9;9;niet gekend;0;;1;100%;0;0;0;0;;Ja;IOK;Neen;;;;;;;;;;;;;;;;;;;;;;;;;;;;;;;;;;;;;;;;Ja;0;3;2;0;1,5;1,6;0,1;0;8;3;3;2;0;0;3;0;1;0;2;0;0;;0;;0;0;0;;De aantallen vermeld bij personeeelsinzet van IOK gelden voor het gehele werkingsgebied niet specifiek voor Turnhout,;Ja;PZ regio Turnhout;Ja;4;0,86;0;87;1;4;15;6;7;24;5;17;8;73;0;47;5;13;8;41;0;1;10;3;1;11;2;10;3;12;9;0;18;0;;0;;1;100%;Ja;0,22;20;24;5;13;1;3;2;16;4;0;10;5;Samenwerking met consulent handhaving RO Stad Turnhout;niet gekend;niet gekend;niet gekend;niet gekend;niet gekend;niet gekend;niet gekend;niet gekend;niet gekend;niet gekend;niet gekend;niet gekend;niet gekend;niet gekend;niet gekend;niet gekend;niet gekend;niet gekend;niet gekend;niet gekend;niet gekend;niet gekend;niet gekend;niet gekend;niet gekend;niet gekend;niet gekend;niet gekend;niet gekend;niet gekend;niet gekend;niet gekend;niet gekend;niet gekend;niet gekend;niet gekend;niet gekend;niet gekend;niet gekend;niet gekend;niet gekend;niet gekend;niet gekend;niet gekend;niet gekend;niet gekend;niet gekend;niet gekend;niet gekend;niet gekend;niet gekend;niet gekend;niet gekend;niet gekend;niet gekend;niet gekend;niet gekend;niet gekend;niet gekend;niet gekend;niet gekend;niet gekend;niet gekend;niet gekend;niet gekend;niet gekend;niet gekend;niet gekend;niet gekend;niet gekend;niet gekend;;;;;;;;;;
Veurne;12425;Ja;89;170;200;tussen 11 en 50;1;0%;1;0%;0;;Neen;;;;;;;;;;;;;;;;;;;;;;;;;;;;;;;;;;;;;;;;Neen;;;;;;;;;;;;;;;;;;;;;;;;;;;;;;niet gekend;niet gekend;niet gekend;niet gekend;niet gekend;niet gekend;niet gekend;niet gekend;niet gekend;niet gekend;niet gekend;niet gekend;niet gekend;niet gekend;niet gekend;niet gekend;niet gekend;niet gekend;niet gekend;niet gekend;niet gekend;niet gekend;niet gekend;niet gekend;niet gekend;niet gekend;niet gekend;niet gekend;niet gekend;niet gekend;niet gekend;niet gekend;niet gekend;niet gekend;niet gekend;niet gekend;niet gekend;niet gekend;niet gekend;niet gekend;niet gekend;niet gekend;niet gekend;niet gekend;niet gekend;niet gekend;niet gekend;niet gekend;niet gekend;niet gekend;niet gekend;niet gekend;niet gekend;niet gekend;niet gekend;niet gekend;niet gekend;niet gekend;niet gekend;niet gekend;niet gekend;niet gekend;niet gekend;niet gekend;niet gekend;niet gekend;niet gekend;niet gekend;niet gekend;niet gekend;niet gekend;;Ja;PZ Spoorkin;Ja;1;0,1;0,1;niet gekend;niet gekend;niet gekend;niet gekend;niet gekend;niet gekend;niet gekend;niet gekend;niet gekend;niet gekend;0;0;0;0;0;0;niet gekend;niet gekend;niet gekend;niet gekend;niet gekend;niet gekend;niet gekend;niet gekend;niet gekend;niet gekend;niet gekend;niet gekend;niet gekend;niet gekend;niet gekend;niet gekend;niet gekend;niet gekend;niet gekend;niet gekend;Neen;;;;;;;;;;;;;;;niet gekend;niet gekend;niet gekend;niet gekend;niet gekend;niet gekend;niet gekend;niet gekend;niet gekend;niet gekend;niet gekend;niet gekend;niet gekend;niet gekend;niet gekend;niet gekend;niet gekend;niet gekend;niet gekend;niet gekend;niet gekend;niet gekend;niet gekend;niet gekend;niet gekend;niet gekend;niet gekend;niet gekend;niet gekend;niet gekend;niet gekend;niet gekend;niet gekend;niet gekend;niet gekend;niet gekend;niet gekend;niet gekend;niet gekend;niet gekend;niet gekend;niet gekend;niet gekend;niet gekend;niet gekend;niet gekend;niet gekend;niet gekend;niet gekend;niet gekend;niet gekend;niet gekend;niet gekend;niet gekend;niet gekend;niet gekend;niet gekend;niet gekend;niet gekend;niet gekend;niet gekend;niet gekend;niet gekend;niet gekend;niet gekend;niet gekend;niet gekend;niet gekend;niet gekend;niet gekend;niet gekend;;;;;;;;;;
Vilvoorde;47032;Ja;43;168;496;niet gekend;0;;0;;0;;Ja;1;0,05;0;29;0;6;4;0;8;1;0;7;4;0;0;0;0;0;0;0;0;0;0;0;0;0;0;0;0;0;2;0;0;0;;0;;0;;Ja;0;1;0;0;1;0;0;108;74;20;16;16;38;38;41;30;27;0;41;16;0;;1;0%;0;0;0;0;;Ja;Haviland;Ja;3;0,08;0;0;0;0;0;0;0;0;0;0;0;9;0;3;6;0;0;13;13;0;0;0;0;10;0;5;0;0;12;0;6;0;;0;;0;;Neen;;;;;;;;;;;;;;;;;;;;;;;;;;;;;Wanneer het aantal aanvankelijke controles wordt gevraagd is het vaak zo dat uit 1 aanvankelijke controle van een terrein er meerdere exploitanten geïdentificeerd worden, Ik heb elke exploitant als aparte controle opgenomen,;Neen;;;;;;;;;;;;;;;;;;;;;;;;;;;;;;;;;;;;;;;;;;;;;;;;;;;;;;;;;Neen;;;;;;;;;;;;;;;;;;;;;;;;;;;;;;;;;;;;;;;;;;;;;;;;;;;;;;;;;;;;;;;;;;;;;;;;;;;;;;;;
Vleteren;3612;Neen;51;90;100;niet gekend;0;;0;;0;;Neen;;;;;;;;;;;;;;;;;;;;;;;;;;;;;;;;;;;;;;;;Neen;;;;;;;;;;;;;;;;;;;;;;;;;;;;;;Neen;;;;;;;;;;;;;;;;;;;;;;;;;;;;;;;;;;;;;;;;;;;;;;;;;;;;;;;;;;;;;;;;;;;;;;;;Ja;PZ Arro Ieper;Ja;4;3,83;0;4;0;0;1;0;0;1;1;0;1;8;0;3;2;1;1;4;0;0;1;0;0;1;1;0;1;0;2;0;0;0;;0;;0;;Ja;1;0;0;0;0;0;0;0;0;0;0;0;0;;Neen;;;;;;;;;;;;;;;;;;;;;;;;;;;;;;;;;;;;;;;;;;;;;;;;;;;;;;;;;;;;;;;;;;;;;;;;;;;;;;;;
Voeren;4387;Ja;20;67;496;niet gekend;0;;0;;0;;Ja;1;0;0;3;0;0;0;1;2;0;0;0;0;0;0;0;0;0;0;0;0;0;0;0;0;0;0;0;0;0;0;0;0;0;;0;;0;;Neen;;;;;;;;;;;;;;;;;;;;;;;;;;;;;;Neen;;;;;;;;;;;;;;;;;;;;;;;;;;;;;;;;;;;;;;;;;;;;;;;;;;;;;;;;;;;;;;;;;;;;;;;;Ja;PZ Voeren;Neen;;;;;;;;;;;;;;;;;;;;;;;;;;;;;;;;;;;;;;;;Ja;0;0;1;0;0;0;0;1;1;1;0;0;0;;Neen;;;;;;;;;;;;;;;;;;;;;;;;;;;;;;;;;;;;;;;;;;;;;;;;;;;;;;;;;;;;;;;;;;;;;;;;;;;;;;;;
Vorselaar;8041;Ja;19;71;307;niet gekend;0;;0;;1;100%;Ja;1;0,1;0,1;1;1;0;0;0;0;0;0;0;0;1;1;0;0;0;0;1;0;0;1;0;0;0;0;0;0;3;0;0;0;0;;0;;0;;Ja;0;0;0;0,1;0;0;0,05;5;5;0;5;4;0;0;3;7;0;0;0;0;0;;0;;0;0;0;0;;Neen;;;;;;;;;;;;;;;;;;;;;;;;;;;;;;;;;;;;;;;;;;;;;;;;;;;;;;;;;;;;;;;;;;;;;;;;Ja;PZ Neteland;Ja;0;0,05;niet gekend;3;1;0;1;0;0;0;0;1;0;3;0;0;0;0;0;2;0;0;1;0;0;0;0;1;0;0;0;0;1;0;;0;;0;;Ja;0,05;10;niet gekend;niet gekend;niet gekend;niet gekend;niet gekend;niet gekend;6;0;0;6;0;;Neen;;;;;;;;;;;;;;;;;;;;;;;;;;;;;;;;;;;;;;;;;;;;;;;;;;;;;;;;;;;;;;;;;;;;;;;;;;;;;;;;
Vosselaar;11803;Ja;16;27;16;niet gekend;0;;0;;0;;Neen;;;;;;;;;;;;;;;;;;;;;;;;;;;;;;;;;;;;;;;;Neen;;;;;;;;;;;;;;;;;;;;;;;;;;;;;;Ja;IOK;Neen;;;;;;;;;;;;;;;;;;;;;;;;;;;;;;;;;;;;;;;;Ja;0;3;2;0;1,5;1,6;0,1;0;0;0;0;0;0;0;0;0;0;0;0;0;0;;0;;0;0;0;0;;Ja;PZ Regio Turnhout;Ja;4;0,08;0;7;0;0;0;0;2;3;0;1;1;7;2;3;1;1;0;1;0;0;0;0;0;0;0;0;1;1;0;0;2;0;;0;;0;;Ja;0,05;5;6;0;4;1;0;1;4;1;0;3;3;;Neen;;;;;;;;;;;;;;;;;;;;;;;;;;;;;;;;;;;;;;;;;;;;;;;;;;;;;;;;;;;;;;;;;;;;;;;;;;;;;;;;
Waasmunster;11186;Ja;40;80;100;niet gekend;0;;0;;0;;Ja;1;0,1;0,1;2;0;0;0;0;0;1;1;0;0;0;0;0;0;0;0;0;0;0;0;0;0;0;0;0;0;0;0;0;0;0;;0;;0;;Neen;;;;;;;;;;;;;;;;;;;;;;;;;;;;;;Ja;Interwaas;Neen;;;;;;;;;;;;;;;;;;;;;;;;;;;;;;;;;;;;;;;;Ja;1;1;1;niet gekend;niet gekend;niet gekend;0;0;0;0;0;0;0;0;0;0;0;0;0;0;0;;0;;0;0;0;0;;niet gekend;niet gekend;niet gekend;niet gekend;niet gekend;niet gekend;niet gekend;niet gekend;niet gekend;niet gekend;niet gekend;niet gekend;niet gekend;niet gekend;niet gekend;niet gekend;niet gekend;niet gekend;niet gekend;niet gekend;niet gekend;niet gekend;niet gekend;niet gekend;niet gekend;niet gekend;niet gekend;niet gekend;niet gekend;niet gekend;niet gekend;niet gekend;niet gekend;niet gekend;niet gekend;niet gekend;niet gekend;niet gekend;niet gekend;niet gekend;niet gekend;niet gekend;niet gekend;niet gekend;niet gekend;niet gekend;niet gekend;niet gekend;niet gekend;niet gekend;niet gekend;niet gekend;niet gekend;niet gekend;niet gekend;niet gekend;;Neen;;;;;;;;;;;;;;;;;;;;;;;;;;;;;;;;;;;;;;;;;;;;;;;;;;;;;;;;;;;;;;;;;;;;;;;;;;;;;;;;
Wachtebeke;7841;Ja;niet gekend;niet gekend;niet gekend;niet gekend;0;;0;;0;;Ja;1;0,1;0,1;5;0;0;0;0;0;0;1;2;2;2;0;3;1;2;1;2;0;0;0;0;0;0;0;2;0;1;2;0;0;0;;0;;0;;Neen;;;;;;;;;;;;;;;;;;;;;;;;;;;;;;Ja;VENECO;Ja;1;0,03;0,003;0;0;0;0;0;0;0;0;0;0;3;2;1;0;0;0;0;0;0;1;0;0;1;0;0;0;0;1;0;1;0;;0;;0;;Ja;2;0;0;0,04;0,03;0,01;0,004;0;6;1;2;0;3;0;5;0;0;0;2;1;0;;0;;0;0;0;0;Het aantal VTE ondersteuning is een ruwe schatting achteraf, De overige cijfers werden systematisch bijgehouden gedurende het jaar, Ze vormen een ondergrens: het is mogelijk dat het bijhouden een of enkele keren mislukt is,;Ja;PZ Regio Puyenbroeck;Neen;;;;;;;;;;;;;;;;;;;;;;;;;;;;;;;;;;;;;;;;Neen;;;;;;;;;;;;;;;Neen;;;;;;;;;;;;;;;;;;;;;;;;;;;;;;;;;;;;;;;;;;;;;;;;;;;;;;;;;;;;;;;;;;;;;;;;;;;;;;;;
Waregem;39498;Neen;75;220;400;niet gekend;0;;0;;0;;Neen;;;;;;;;;;;;;;;;;;;;;;;;;;;;;;;;;;;;;;;;Neen;;;;;;;;;;;;;;;;;;;;;;;;;;;;;;Ja;Leiedal;Ja;1;0,1;0,1;13;0;0;3;0;2;0;0;5;3;13;1;12;0;0;0;13;0;0;3;0;2;0;0;5;3;4;5;0;7;0;;0;;0;;Ja;0;1;0;0;0,1;0;0;18;18;3;15;0;0;0;18;1;13;0;5;3;0;;0;;0;1;0;0;;Ja;PZ MIRA;Ja;2;1;0;37;5;5;5;2;4;2;0;14;0;5;3;15;10;0;0;10;5;5;0;0;0;0;0;0;0;5;0;0;37;0;;0;;0;;Ja;1;2;2;2;2;2;0;0;0;2;0;2;0;;Neen;;;;;;;;;;;;;;;;;;;;;;;;;;;;;;;;;;;;;;;;;;;;;;;;;;;;;;;;;;;;;;;;;;;;;;;;;;;;;;;;
Wellen;7477;Ja;3;2;4;niet gekend;0;;0;;0;;Neen;;;;;;;;;;;;;;;;;;;;;;;;;;;;;;;;;;;;;;;;Ja;0;0;0;0;0;0;0,1;5;2;0;2;0;0;0;1;5;0;0;0;0;0;;0;;0;0;0;0;Voor stedenbouwkundige controles (PV) werken wij samen met onze lokale PZ;Neen;;;;;;;;;;;;;;;;;;;;;;;;;;;;;;;;;;;;;;;;;;;;;;;;;;;;;;;;;;;;;;;;;;;;;;;;Ja;PZ Borgloon;Neen;;;;;;;;;;;;;;;;;;;;;;;;;;;;;;;;;;;;;;;;Ja;0,1;1;2;0;0;0;1;0;1;0;0;0;0;;Neen;;;;;;;;;;;;;;;;;;;;;;;;;;;;;;;;;;;;;;;;;;;;;;;;;;;;;;;;;;;;;;;;;;;;;;;;;;;;;;;;
Wemmel;17772;Ja;0;30;50;tussen 1 en 10;0;;0;;0;;Neen;;;;;;;;;;;;;;;;;;;;;;;;;;;;;;;;;;;;;;;;Ja;0;1;0;0;1;0;0;0;173;0;0;0;0;0;0;0;98;0;3;0;0;;0;;0;4;0;0;;Ja;Haviland;Ja;3;0,02;0;0;0;0;0;0;0;0;0;0;0;8;1;0;2;niet gekend;niet gekend;2;1;0;0;0;0;2;0;0;0;0;2;0;0;0;;0;;0;;niet gekend;niet gekend;niet gekend;niet gekend;niet gekend;niet gekend;niet gekend;niet gekend;niet gekend;niet gekend;niet gekend;niet gekend;niet gekend;niet gekend;niet gekend;niet gekend;niet gekend;niet gekend;niet gekend;niet gekend;niet gekend;niet gekend;niet gekend;niet gekend;niet gekend;niet gekend;niet gekend;niet gekend;niet gekend;;niet gekend;niet gekend;niet gekend;niet gekend;niet gekend;niet gekend;niet gekend;niet gekend;niet gekend;niet gekend;niet gekend;niet gekend;niet gekend;niet gekend;niet gekend;niet gekend;niet gekend;niet gekend;niet gekend;niet gekend;niet gekend;niet gekend;niet gekend;niet gekend;niet gekend;niet gekend;niet gekend;niet gekend;niet gekend;niet gekend;niet gekend;niet gekend;niet gekend;niet gekend;niet gekend;niet gekend;niet gekend;niet gekend;niet gekend;niet gekend;niet gekend;niet gekend;niet gekend;niet gekend;niet gekend;niet gekend;niet gekend;niet gekend;niet gekend;niet gekend;niet gekend;niet gekend;niet gekend;niet gekend;niet gekend;niet gekend;;niet gekend;niet gekend;niet gekend;niet gekend;niet gekend;niet gekend;niet gekend;niet gekend;niet gekend;niet gekend;niet gekend;niet gekend;niet gekend;niet gekend;niet gekend;niet gekend;niet gekend;niet gekend;niet gekend;niet gekend;niet gekend;niet gekend;niet gekend;niet gekend;niet gekend;niet gekend;niet gekend;niet gekend;niet gekend;niet gekend;niet gekend;niet gekend;niet gekend;niet gekend;niet gekend;niet gekend;niet gekend;niet gekend;niet gekend;niet gekend;niet gekend;niet gekend;niet gekend;niet gekend;niet gekend;niet gekend;niet gekend;niet gekend;niet gekend;niet gekend;niet gekend;niet gekend;niet gekend;niet gekend;niet gekend;niet gekend;niet gekend;niet gekend;niet gekend;niet gekend;niet gekend;niet gekend;niet gekend;niet gekend;niet gekend;niet gekend;niet gekend;niet gekend;niet gekend;niet gekend;niet gekend;;;;;;;;;;
Wervik;19211;Ja;41;niet gekend;niet gekend;meer dan 100;0;;0;;0;;Ja;1;0;0;69;0;22;2;0;1;1;1;35;7;0;0;0;0;0;0;0;0;0;0;0;0;0;0;0;0;0;0;0;0;0;;0;;0;;Neen;;;;;;;;;;;;;;;;;;;;;;;;;;;;;;Ja;Leiedal;Neen;;;;;;;;;;;;;;;;;;;;;;;;;;;;;;;;;;;;;;;;Ja;0;1;1;0;0,05;niet gekend;0;19;19;2;19;0;0;0;0;9;10;0;0;0;0;;0;;0;0;0;0;;Ja;PZ Arro Ieper;Ja;4;3,83;0;10;0;1;2;0;1;2;1;0;3;15;1;11;1;1;1;10;0;1;2;0;1;3;0;0;3;0;4;0;4;0;;0;;0;;Ja;1;11;12;0;9;2;0;0;6;5;0;3;1;;Neen;;;;;;;;;;;;;;;;;;;;;;;;;;;;;;;;;;;;;;;;;;;;;;;;;;;;;;;;;;;;;;;;;;;;;;;;;;;;;;;;
Westerlo;25473;Ja;81;192;589;tussen 11 en 50;0;;0;;0;;Ja;1;0,1;;76;6;6;4;3;28;12;1;9;8;4;1;3;1;0;0;0;0;0;0;0;0;0;0;0;0;1;0;0;0;0;;0;;0;;Neen;;;;;;;;;;;;;;;;;;;;;;;;;;;;;Voor wat betreft handhaving RO zijn er op gemeentelijk niveau 0 verbalisanten of stedenbouwkundige inspecteurs, Op gemeentelijk niveau wordt er wel tijd besteed aan de administratieve ondersteuning in functie van de medewerkers van de intergemeentelijke dienstverlening handhaving van IOK,;Ja;IOK;Ja;2;1,8;0,2;0;0;0;0;0;0;0;0;0;0;6;4;2;0;0;1;0;0;0;0;0;0;0;0;1;0;0;2;0;0;0;;0;;0;;Ja;0;3;2;0;1,5;1,6;0,1;0;4;2;1;1;0;0;1;0;1;0;1;0;0;;0;;0;0;0;0;Westerlo is bij IOK aangesloten zowel voor handhaving RO, als voor handhaving Milieu, Er is een samenwerking met de politie waarbij o,m, afgesproken werd dat zij optreden ingeval van hoogdringendheid (bv, stakingsbevelen), De dossiers komen via de gemeente bij IOK, niet rechtstreeks,;Ja;PZ Zuiderkempen;Ja;3;0,1;0,1;335;0;33;4;3;215;1;3;76;0;4;1;0;0;1;0;2;1;0;0;0;0;0;0;1;0;0;0;0;38;0;;0;;0;;Ja;0,2;13;25;12;13;12;0;0;9;9;0;13;6;;Neen;;;;;;;;;;;;;;;;;;;;;;;;;;;;;;;;;;;;;;;;;;;;;;;;;;;;;;;;;;;;;;;;;;;;;;;;;;;;;;;;
Wetteren;26784;Ja;20;180;380;niet gekend;0;;0;;0;;Ja;0;0;0,1;niet gekend;niet gekend;niet gekend;niet gekend;niet gekend;niet gekend;niet gekend;niet gekend;niet gekend;niet gekend;niet gekend;niet gekend;niet gekend;niet gekend;niet gekend;niet gekend;niet gekend;niet gekend;niet gekend;niet gekend;niet gekend;niet gekend;niet gekend;niet gekend;niet gekend;niet gekend;niet gekend;niet gekend;niet gekend;niet gekend;niet gekend;niet gekend;niet gekend;niet gekend;niet gekend;niet gekend;Ja;1;2;0;0,1;0,2;0;0;50;16;4;12;0;0;0;10;4;11;0;10;3;0;;0;;0;0;0;0;In 2022 en tot op heden is er 0 milieuambtenaar in dienst bij het lokaal bestuur Wetteren, Hierdoor kan de enquête niet volledig ingevuld worden, Wij hopen vanaf volgend jaar terug de enquête volwaardig te kunnen invullen voor het milieuluik, Ook op vlak van stedenbouwkundige handhaving is er momenteel te weinig paciteit om alle meldingen en dossiers op te volgen,;Neen;;;;;;;;;;;;;;;;;;;;;;;;;;;;;;;;;;;;;;;;;;;;;;;;;;;;;;;;;;;;;;;;;;;;;;;;Ja;PZ Wetteren-Laarne-Wichelen;Ja;1;0,2;0;niet gekend;niet gekend;niet gekend;niet gekend;niet gekend;niet gekend;niet gekend;niet gekend;niet gekend;niet gekend;niet gekend;niet gekend;niet gekend;niet gekend;niet gekend;niet gekend;niet gekend;niet gekend;niet gekend;niet gekend;niet gekend;niet gekend;niet gekend;niet gekend;niet gekend;niet gekend;niet gekend;niet gekend;niet gekend;niet gekend;niet gekend;niet gekend;niet gekend;niet gekend;niet gekend;niet gekend;Neen;;;;;;;;;;;;;;;Neen;;;;;;;;;;;;;;;;;;;;;;;;;;;;;;;;;;;;;;;;;;;;;;;;;;;;;;;;;;;;;;;;;;;;;;;;;;;;;;;;
Wevelgem;31803;Ja;175;280;1514;tussen 51 en 100;1;100%;0;;1;100%;Ja;1;0,1;0;58;0;5;2;4;10;32;1;2;2;12;2;8;2;0;0;0;0;0;0;2;2;4;0;0;2;6;2;0;0;1;100%;0;;0;;Neen;;;;;;;;;;;;;;;;;;;;;;;;;;;;;Er is op vlak van milieuhandhaving een dagelijkse samenwerking met de collega's van de dienst milieu PZ Grensleie, In feite worden de milieu-gerelateerde problemen/opmerkingen/klachten meestal gezamenlijk en interdisciplinair afgewerkt,  Vandaar dat de hierboven vermelde cijfers laag zijn, maar dan ook enkel te maken hebben met de eigen werking van de gemeentelijke dienst bevoegd voor handhaving,;Neen;;;;;;;;;;;;;;;;;;;;;;;;;;;;;;;;;;;;;;;;;;;;;;;;;;;;;;;;;;;;;;;;;;;;;;;;Ja;PZ Grensleie;Ja;3;0,45;1,05;575;0;23;1;63;278;10;0;0;0;575;niet gekend ;niet gekend ;98;niet gekend;niet gekend;37;3;2;1;63;14;10;0;5;1;0;37;0;niet gekend;1;100%;0;;0;;Ja;1,5;30;29;niet gekend;18;8;0;0;18;10;niet gekend;8;4;aantal navolgende processen-verbaal: 11;Neen;;;;;;;;;;;;;;;;;;;;;;;;;;;;;;;;;;;;;;;;;;;;;;;;;;;;;;;;;;;;;;;;;;;;;;;;;;;;;;;;
Wezembeek-Oppem;14614;non-respons;non-respons;non-respons;non-respons;non-respons;non-respons;non-respons;non-respons;non-respons;non-respons;non-respons;non-respons;non-respons;non-respons;non-respons;non-respons;non-respons;non-respons;non-respons;non-respons;non-respons;non-respons;non-respons;non-respons;non-respons;non-respons;non-respons;non-respons;non-respons;non-respons;non-respons;non-respons;non-respons;non-respons;non-respons;non-respons;non-respons;non-respons;non-respons;non-respons;non-respons;non-respons;non-respons;non-respons;non-respons;non-respons;non-respons;non-respons;non-respons;non-respons;non-respons;non-respons;non-respons;non-respons;non-respons;non-respons;non-respons;non-respons;non-respons;non-respons;non-respons;non-respons;non-respons;non-respons;non-respons;non-respons;non-respons;non-respons;non-respons;non-respons;non-respons;non-respons;non-respons;non-respons;non-respons;non-respons;non-respons;non-respons;non-respons;non-respons;non-respons;non-respons;non-respons;non-respons;non-respons;non-respons;non-respons;non-respons;non-respons;non-respons;non-respons;non-respons;non-respons;non-respons;non-respons;non-respons;non-respons;non-respons;non-respons;non-respons;non-respons;non-respons;non-respons;non-respons;non-respons;non-respons;non-respons;non-respons;non-respons;non-respons;non-respons;non-respons;non-respons;non-respons;non-respons;non-respons;non-respons;non-respons;non-respons;non-respons;non-respons;non-respons;non-respons;non-respons;non-respons;non-respons;non-respons;non-respons;non-respons;non-respons;non-respons;non-respons;non-respons;non-respons;non-respons;non-respons;non-respons;non-respons;non-respons;non-respons;non-respons;non-respons;non-respons;non-respons;non-respons;non-respons;non-respons;non-respons;non-respons;non-respons;non-respons;non-respons;non-respons;non-respons;non-respons;non-respons;non-respons;non-respons;non-respons;non-respons;non-respons;non-respons;non-respons;non-respons;non-respons;non-respons;non-respons;non-respons;non-respons;non-respons;non-respons;non-respons;non-respons;non-respons;non-respons;non-respons;non-respons;non-respons;non-respons;non-respons;non-respons;non-respons;non-respons;non-respons;non-respons;non-respons;non-respons;non-respons;non-respons;non-respons;non-respons;non-respons;non-respons;non-respons;non-respons;non-respons;non-respons;non-respons;non-respons;non-respons;non-respons;non-respons;non-respons;non-respons;non-respons;non-respons;non-respons;non-respons;non-respons;non-respons;non-respons;non-respons;;;;;;;;;;;;;;;;;;;;;;;;;;;;;;;;;;;;;;;;;;;;;;;;;;;;;;;;;;;;;;;;;;;;;;;;;;;;;;;
Wichelen;11966;Ja;5;15;47;niet gekend;0;;0;;0;;Ja;1;0,01;0;2;0;0;1;0;1;0;0;0;0;2;1;1;0;0;0;1;0;0;1;0;0;0;0;0;0;0;2;0;0;0;;0;;0;;Ja;0;0;0;0;0;0;0,05;7;5;0;5;0;0;0;4;1;0;0;0;0;0;;0;;0;1;0;0;;Neen;;;;;;;;;;;;;;;;;;;;;;;;;;;;;;;;;;;;;;;;;;;;;;;;;;;;;;;;;;;;;;;;;;;;;;;;Neen;;;;;;;;;;;;;;;;;;;;;;;;;;;;;;;;;;;;;;;;;;;;;;;;;;;;;;;;;Neen;;;;;;;;;;;;;;;;;;;;;;;;;;;;;;;;;;;;;;;;;;;;;;;;;;;;;;;;;;;;;;;;;;;;;;;;;;;;;;;;
Wielsbeke;10013;Ja;134;139;432;niet gekend;0;;0;;0;;Ja;1;0,01;0,05;4;0;2;0;0;2;0;0;0;0;0;0;0;0;0;0;0;0;0;0;0;0;0;0;0;0;2;0;0;0;0;;0;;0;;Neen;;;;;;;;;;;;;;;;;;;;;;;;;;;;;;Neen;;;;;;;;;;;;;;;;;;;;;;;;;;;;;;;;;;;;;;;;;;;;;;;;;;;;;;;;;;;;;;;;;;;;;;;;Ja;PZ MIDOW;Ja;1;1;1;0;0;0;0;0;0;0;0;0;0;0;0;0;0;0;0;0;0;0;0;0;0;0;0;0;0;0;0;0;0;0;;0;;0;;Neen;;;;;;;;;;;;;;;Neen;;;;;;;;;;;;;;;;;;;;;;;;;;;;;;;;;;;;;;;;;;;;;;;;;;;;;;;;;;;;;;;;;;;;;;;;;;;;;;;;
Wijnegem;10443;Ja;11;47;173;tussen 1 en 10;0;;1;0%;0;;Neen;;;;;;;;;;;;;;;;;;;;;;;;;;;;;;;;;;;;;;;;Neen;;;;;;;;;;;;;;;;;;;;;;;;;;;;;;Ja;IGEAN;Ja;2;niet gekend;niet gekend;0;0;0;0;0;0;0;0;niet gekend;niet gekend;1;0;1;0;0;0;0;0;1;0;0;0;0;0;1;0;4;0;0;1;0;;0;;0;;Ja;niet gekend;niet gekend;niet gekend;niet gekend;niet gekend;niet gekend;niet gekend;niet gekend;1;1;0;0;0;0;0;0;0;0;0;1;1;100%;0;;0;niet gekend;niet gekend;niet gekend;;Ja;PZ Minos;Neen;;;;;;;;;;;;;;;;;;;;;;;;;;;;;;;;;;;;;;;;Neen;;;;;;;;;;;;;;;Neen;;;;;;;;;;;;;;;;;;;;;;;;;;;;;;;;;;;;;;;;;;;;;;;;;;;;;;;;;;;;;;;;;;;;;;;;;;;;;;;;
Willebroek;27805;Ja;100;300;700;tussen 11 en 50;0;;0;;0;;Ja;2;0,2;0,1;18;0;4;0;1;8;5;0;0;0;18;0;18;0;0;0;18;0;4;0;1;8;5;0;0;0;2;13;0;5;0;;0;;0;;Ja;0;0;0;0;0,1;0;0;25;25;0;25;0;0;0;25;0;27;0;0;0;0;;0;;0;0;0;0;;Neen;;;;;;;;;;;;;;;;;;;;;;;;;;;;;;;;;;;;;;;;;;;;;;;;;;;;;;;;;;;;;;;;;;;;;;;;Neen;;;;;;;;;;;;;;;;;;;;;;;;;;;;;;;;;;;;;;;;;;;;;;;;;;;;;;;;;Neen;;;;;;;;;;;;;;;;;;;;;;;;;;;;;;;;;;;;;;;;;;;;;;;;;;;;;;;;;;;;;;;;;;;;;;;;;;;;;;;;
Wingene;15185;Ja;112;245;459;niet gekend;0;;0;;0;;Ja;1;0,05;0;10;10;6;0;0;3;1;0;0;0;10;1;6;3;0;0;6;0;2;0;0;2;2;0;0;0;5;1;0;0;0;;0;;0;;Neen;;;;;;;;;;;;;;;;;;;;;;;;;;;;;;Neen;;;;;;;;;;;;;;;;;;;;;;;;;;;;;;;;;;;;;;;;;;;;;;;;;;;;;;;;;;;;;;;;;;;;;;;;Ja;PZ Regio Tielt;Ja;1;0,075;0,075;143;2;3;1;0;126;0;0;11;0;32;3;0;11;0;0;11;0;0;0;0;0;11;0;0;0;0;1;0;0;0;;0;;0;;Ja;0;0;7;0;3;4;0;0;0;2;0;3;1;;Neen;;;;;;;;;;;;;;;;;;;;;;;;;;;;;;;;;;;;;;;;;;;;;;;;;;;;;;;;;;;;;;;;;;;;;;;;;;;;;;;;
Wommelgem;13240;Ja;niet gekend;niet gekend;niet gekend;niet gekend;0;;0;;0;;Neen;;;;;;;;;;;;;;;;;;;;;;;;;;;;;;;;;;;;;;;;Neen;;;;;;;;;;;;;;;;;;;;;;;;;;;;;;Ja;IGEAN;Ja;4;niet gekend;niet gekend;4;0;0;0;2;0;1;0;1;0;1;0;1;1;0;0;1;0;0;0;0;0;0;0;1;0;1;4;0;0;0;;0;;0;;Ja;0;2;1;0;niet gekend;niet gekend;niet gekend;6;niet gekend;niet gekend;niet gekend;niet gekend;0;0;niet gekend;0;0;0;3;2;0;;0;;0;0;0;0;;Neen;;;;;;;;;;;;;;;;;;;;;;;;;;;;;;;;;;;;;;;;;;;;;;;;;;;;;;;;;Neen;;;;;;;;;;;;;;;;;;;;;;;;;;;;;;;;;;;;;;;;;;;;;;;;;;;;;;;;;;;;;;;;;;;;;;;;;;;;;;;;
Wortegem-Petegem;6555;Ja;14;112;194;tussen 1 en 10;0;;0;;0;;Ja;1;0,1;0;5;4;0;1;0;0;0;0;0;0;4;0;3;2;1;0;4;2;0;1;1;0;0;0;0;0;0;1;0;0;0;;0;;0;;Neen;;;;;;;;;;;;;;;;;;;;;;;;;;;;;;Ja;SOLVA;Ja;1;0,03;0,01;5;1;0;0;0;0;1;0;2;1;7;3;4;1;1;1;5;1;0;0;0;0;1;0;2;1;0;3;0;0;0;;0;;0;;Ja;1;0;0;0,05;0;0;0,02;6;8;4;4;2;0;3;13;1;4;0;1;0;0;;0;;0;1;0;0;;Ja;PZ Vlaamse Ardennen;Ja;niet gekend;niet gekend;niet gekend;44;0;0;0;0;0;0;0;10;0;44;0;44;0;0;0;10;0;0;0;0;0;0;0;10;0;0;0;0;1;0;;0;;0;;Ja;niet gekend;niet gekend;niet gekend;niet gekend;niet gekend;niet gekend;niet gekend;niet gekend;niet gekend;niet gekend;niet gekend;niet gekend;niet gekend;"De lokale politie besteedt aandacht en tijd aan toezichtstaken milieu en ruimtelijke ordening, Het betreft bemiddeling, bijstand bij controle door milieutoezichtshouder of verbalisant ruimtelijke ordening, ondersteuning bij GAS-vaststellingen, afnemen van verhoren, antwoorden op kantschriften,,,,
Er werden 44 meldingen ontvangen vanuit Wortegem-Petegem,
Er werd 1 PV opgesteld (sluikstorten),
Aantal opgesteld GAS: 9 waarvan 9 voor sluikstorten";Neen;;;;;;;;;;;;;;;;;;;;;;;;;;;;;;;;;;;;;;;;;;;;;;;;;;;;;;;;;;;;;;;;;;;;;;;;;;;;;;;;
Wuustwezel;21641;Neen;niet gekend;niet gekend;niet gekend;niet gekend;0;;0;;0;;Neen;;;;;;;;;;;;;;;;;;;;;;;;;;;;;;;;;;;;;;;;Neen;;;;;;;;;;;;;;;;;;;;;;;;;;;;;;Ja;IGEAN;Ja;1;1;1;30;5;0;0;0;1;1;1;23;0;5;0;5;0;0;0;0;5;0;0;0;1;1;1;23;0;1;1;1;1;0;;0;;0;;Ja;2;1;1;niet gekend;niet gekend;niet gekend;niet gekend;7;7;0;7;0;0;0;0;0;6;4;4;0;0;;0;;0;0;0;0;;Neen;;;;;;;;;;;;;;;;;;;;;;;;;;;;;;;;;;;;;;;;;;;;;;;;;;;;;;;;;Neen;;;;;;;;;;;;;;;;;;;;;;;;;;;;;;;;;;;;;;;;;;;;;;;;;;;;;;;;;;;;;;;;;;;;;;;;;;;;;;;;
Zandhoven;20227;Neen;32;109;niet gekend;niet gekend;0;;0;0;0;0;Neen;;;;;;;;;;;;;;;;;;;;;;;;;;;;;;;;;;;;;;;;Neen;;;;;;;;;;;;;;;;;;;;;;;;;;;;;;Ja;IGEAN;Ja;4;niet gekend;niet gekend;0;0;0;0;0;0;0;0;0;0;0;0;0;0;0;0;0;0;0;0;0;0;0;0;0;0;0;0;0;0;0;;0;;0;;Neen;;;;;;;;;;;;;;;;;;;;;;;;;;;;;;Ja;PZ ZARA;Ja;1;0,05;0,25;172;0;14;2;17;127;0;0;11;1;201;7;172;18;3;1;49;0;3;0;17;0;0;0;28;1;1;1;0;2;0;;0;;0;;Ja;0,25;5;35;18;3;2;0;0;12;0;0;7;3;;Neen;;;;;;;;;;;;;;;;;;;;;;;;;;;;;;;;;;;;;;;;;;;;;;;;;;;;;;;;;;;;;;;;;;;;;;;;;;;;;;;;
Zaventem;36427;Ja;159;495;925;tussen 51 en 100;0;;0;;0;;Ja;1;0,1;0,05;5;0;1;2;0;1;0;1;1;0;5;1;5;3;0;0;0;0;0;0;0;0;0;0;0;0;0;0;0;0;0;;0;;0;;Ja;1;1;0;0,1;0,05;0,05;0,2;20;90;10;20;10;20;10;20;7;36;26;15;6;4;0%;0;;0;4;0;0;;Ja;Haviland;Ja;3;0,2;0;4;0;1;0;0;3;0;0;0;0;30;0;4;4;18;4;22;4;1;2;1;3;8;0;3;47;2;21;0;8;0;;0;;0;;Neen;;;;;;;;;;;;;;;;;;;;;;;;;;;;;;Neen;;;;;;;;;;;;;;;;;;;;;;;;;;;;;;;;;;;;;;;;;;;;;;;;;;;;;;;;;Neen;;;;;;;;;;;;;;;;;;;;;;;;;;;;;;;;;;;;;;;;;;;;;;;;;;;;;;;;;;;;;;;;;;;;;;;;;;;;;;;;
Zedelgem;23395;Ja;36;119;410;niet gekend;0;;0;0;1;0;Ja;1;0,2;0,025;20;5;9;2;0;11;2;1;3;0;13;0;13;4;0;0;1;1;0;0;0;0;0;0;0;0;0;0;0;0;0;;0;;0;;Neen;;;;;;;;;;;;;;;;;;;;;;;;;;;;;;Ja;WVI;Neen;;;;;;;;;;;;;;;;;;;;;;;;;;;;;;;;;;;;;;;;Ja;1;0;0;0,4;0;0;0;26;35;13;22;12;0;0;17;1;15;0;2;2;0;;0;;0;0;0;0;;Ja;PZ Het Houtsche;Ja;2;0,66;0;297;1;3;0;0;259;0;2;26;6;0;0;0;0;0;0;0;0;0;0;0;0;0;0;0;0;0;0;0;4;0;;0;;0;;Ja;2;26;35;13;22;12;0;0;17;0;0;0;2;;Neen;;;;;;;;;;;;;;;;;;;;;;;;;;;;;;;;;;;;;;;;;;;;;;;;;;;;;;;;;;;;;;;;;;;;;;;;;;;;;;;;
Zele;21375;Ja;54;192;203;niet gekend;0;;0;0;0;0;Ja;1;0,01;0;4;0;0;0;0;4;1;0;1;0;4;0;4;0;0;0;3;0;0;0;0;3;1;0;0;0;1;2;0;0;0;;0;;0;;Neen;;;;;;;;;;;;;;;;;;;;;;;;;;;;;;Ja;DDS;Neen;;;;;;;;;;;;;;;;;;;;;;;;;;;;;;;;;;;;;;;;Ja;1;1;0;0,1;0,1;0;0;10;3;0;1;1;0;0;0;0;2;0;12;5;0;;0;;0;0;0;0;;Ja;PZ Berlare-Zele;Neen;;;;;;;;;;;;;;;;;;;;;;;;;;;;;;;;;;;;;;;;Ja;0,1;7;7;0;0;0;0;0;0;0;12;12;5;;Neen;;;;;;;;;;;;;;;;;;;;;;;;;;;;;;;;;;;;;;;;;;;;;;;;;;;;;;;;;;;;;;;;;;;;;;;;;;;;;;;;
Zelzate;13554;Ja;22;57;106;niet gekend;0;;0;;0;;Ja;1;0,2;0;4;0;0;0;0;2;1;0;2;0;4;0;4;0;0;0;0;0;0;0;0;0;0;0;0;0;0;0;0;0;0;;0;;0;;niet gekend;niet gekend;niet gekend;niet gekend;niet gekend;niet gekend;niet gekend;niet gekend;niet gekend;niet gekend;niet gekend;niet gekend;niet gekend;niet gekend;niet gekend;niet gekend;niet gekend;niet gekend;niet gekend;niet gekend;niet gekend;niet gekend;niet gekend;niet gekend;niet gekend;niet gekend;niet gekend;niet gekend;niet gekend;;Ja;VENECO;Ja;2;0,007;0;0;0;0;0;0;0;0;0;0;0;1;0;0;0;0;0;0;0;0;0;0;0;0;0;0;1;0;0;0;0;0;;0;;0;;Ja;2;0;0;0,07;0,07;0;0,01;0;9;0;8;1;0;0;8;0;9;0;4;0;0;;0;;0;0;0;0;Het aantal VTE ondersteuning en de verdeling tussen de rol als verbalisant en inspecteur zijn ruwe schattingen achteraf, De overige cijfers werden systematisch bijgehouden gedurende het jaar, Ze vormen een ondergrens: het is mogelijk dat het bijhouden een of enkele keren mislukt is,;Ja;PZ Regio Puyenbroeck;Neen;;;;;;;;;;;;;;;;;;;;;;;;;;;;;;;;;;;;;;;;Neen;;;;;;;;;;;;;;De PZ beschikt over personeelsleden met de algemene bevoegdheden voor politie, We hebben 0 medewerkers die specifiek in deze materie zijn opgeleid,;Neen;;;;;;;;;;;;;;;;;;;;;;;;;;;;;;;;;;;;;;;;;;;;;;;;;;;;;;;;;;;;;;;;;;;;;;;;;;;;;;;;
Zemst;23363;Ja;17;119;962;tussen 1 en 10;0;;0;;0;;Ja;1;0,2;0,05;43;0;4;4;0;7;12;0;10;6;36;4;32;9;8;4;;0;1;0;0;1;9;0;7;0;2;17;0;2;1;100%;0;;0;;Ja;0;0;0;0;0;0;0,3;0;0;0;0;0;0;0;0;0;3;0;1;1;0;;0;;0;0;0;0;Er werd door het CBS een omgevingshandhavingsprogramma goedgekeurd op 9 januari 2022, Dit komt 26 januari 2022 op de gemeenteraad, De bedoeling is om de volgende jaren meer handhavingsinstrumenten in te zetten voor ruimtelijke ordening, Er werd het afgelopen jaar wel aan zachte handhaving gedaan, Mensen werden aangespoord om de onwettige toestand te herstellen, ;Neen;;;;;;;;;;;;;;;;;;;;;;;;;;;;;;;;;;;;;;;;;;;;;;;;;;;;;;;;;;;;;;;;;;;;;;;;Ja;PZ Kastze;Neen;;;;;;;;;;;;;;;;;;;;;;;;;;;;;;;;;;;;;;;;Neen;;;;;;;;;;;;;;;Neen;;;;;;;;;;;;;;;;;;;;;;;;;;;;;;;;;;;;;;;;;;;;;;;;;;;;;;;;;;;;;;;;;;;;;;;;;;;;;;;;
Zoersel;22441;Ja;0;niet gekend;niet gekend;niet gekend;0;;2;100%;0;;Neen;;;;;;;;;;;;;;;;;;;;;;;;;;;;;;;;;;;;;;;;Neen;;;;;;;;;;;;;;;;;;;;;;;;;;;;;;Ja;IGEAN;Ja;4;niet gekend;niet gekend;3;0;0;0;1;1;1;0;0;0;4;1;2;1;0;0;2;0;0;0;1;0;1;0;0;0;0;2;0;2;0;;0;;0;;Ja;0;2;1;0;niet gekend;niet gekend;niet gekend;4;niet gekend;niet gekend;4;niet gekend;0;0;2;0;2;0;1;0;0;;0;;0;0;0;0;;Ja;PZ Voorkempen;Ja;1;0,05;0;niet gekend;0;25;0;0;266;1;1;41;0;7;0;3;0;8;0;niet gekend;0;0;0;0;0;1;0;3;0;0;0;0;5;0;;0;;0;;Ja;0,05;23;25;0;23;0;2;0;13;3;0;4;1;;Neen;;;;;;;;;;;;;;;;;;;;;;;;;;;;;;;;;;;;;;;;;;;;;;;;;;;;;;;;;;;;;;;;;;;;;;;;;;;;;;;;
Zonhoven;21671;Ja;8;10;20;tussen 1 en 10;0;;0;;0;;Ja;1;0,2;0;12;0;0;5;2;1;0;0;4;0;7;2;7;0;0;5;9;0;0;1;2;1;1;0;4;0;0;1;0;4;0;;0;;1;100%;Ja;0;3;0;0;0,1;0;0,1;10;15;3;7;3;2;0;7;1;2;0;0;0;0;;0;;0;0;0;0;"1 besluit van de burgemeester opgemaakt ikv bodemverontreiniging/schadegeval procedure; ";Neen;;;;;;;;;;;;;;;;;;;;;;;;;;;;;;;;;;;;;;;;;;;;;;;;;;;;;;;;;;;;;;;;;;;;;;;;Neen;;;;;;;;;;;;;;;;;;;;;;;;;;;;;;;;;;;;;;;;;;;;;;;;;;;;;;;;;Neen;;;;;;;;;;;;;;;;;;;;;;;;;;;;;;;;;;;;;;;;;;;;;;;;;;;;;;;;;;;;;;;;;;;;;;;;;;;;;;;;
Zonnebeke;12661;Ja;90;240;400;niet gekend;0;;0;;0;;Neen;;;;;;;;;;;;;;;;;;;;;;;;;;;;;;;;;;;;;;;;Neen;;;;;;;;;;;;;;;;;;;;;;;;;;;;;;Neen;;;;;;;;;;;;;;;;;;;;;;;;;;;;;;;;;;;;;;;;;;;;;;;;;;;;;;;;;;;;;;;;;;;;;;;;Ja;PZ Arro Ieper;Ja;4;3,83;0;11;0;2;2;1;0;2;1;3;0;40;19;10;7;4;0;13;0;2;1;1;1;2;1;4;0;0;3;0;8;0;;1;100%;0;;Ja;1;12;14;0;12;2;0;0;7;7;0;3;2;;Neen;;;;;;;;;;;;;;;;;;;;;;;;;;;;;;;;;;;;;;;;;;;;;;;;;;;;;;;;;;;;;;;;;;;;;;;;;;;;;;;;
Zottegem;27700;Ja;15;100;250;niet gekend;0;;0;;0;;Neen;;;;;;;;;;;;;;;;;;;;;;;;;;;;;;;;;;;;;;;;Neen;;;;;;;;;;;;;;;;;;;;;;;;;;;;;ondertussen is er wel weer een omgevingsambtenaar die ook zachte handhaving zal opnemen, In het grootste deel van 2022 was deze persoon niet aanwezig en kon deze handhaving nog niet opgenomen worden;Ja;SOLVA;Ja;1;0,08;0,03;37;2;0;7;6;7;6;0;5;4;48;21;27;8;0;13;27;1;0;4;5;5;6;0;4;2;7;16;0;0;0;;0;;0;;Ja;1;0;1;0,17;0;0;0,06;21;463;29;11;10;3;11;14;8;17;0;3;2;0;;0;;0;0;0;0;;Ja;PZ Zottegem/Herzele/Sint-Lievens-Houtem;Ja;0;0,05;0;niet gekend;0;0;0;0;321;0;0;92;0;0;0;niet gekend;0;0;0;niet gekend;0;0;0;0;11;0;0;niet gekend;0;0;0;niet gekend;niet gekend;niet gekend;niet gekend;niet gekend;niet gekend;niet gekend;niet gekend;Neen;;;;;;;;;;;;;;;Neen;;;;;;;;;;;;;;;;;;;;;;;;;;;;;;;;;;;;;;;;;;;;;;;;;;;;;;;;;;;;;;;;;;;;;;;;;;;;;;;;
Zoutleeuw;8793;Ja;niet gekend;niet gekend;niet gekend;niet gekend;0;;0;;0;;Neen;;;;;;;;;;;;;;;;;;;;;;;;;;;;;;;;;;;;;;;;Neen;;;;;;;;;;;;;;;;;;;;;;;;;;;;;;Ja;Interleuven;Ja;2;0,1;0,1;6;0;0;1;0;0;2;0;2;1;15;0;4;6;3;2;4;0;0;0;0;0;3;0;1;0;1;7;0;0;0;;0;;0;;Ja;0;2;0;0;0,1;0;0,1;22;31;6;16;8;1;0;12;1;16;0;1;0;0;;0;;0;0;0;0;;Neen;;;;;;;;;;;;;;;;;;;;;;;;;;;;;;;;;;;;;;;;;;;;;;;;;;;;;;;;;Neen;;;;;;;;;;;;;;;;;;;;;;;;;;;;;;;;;;;;;;;;;;;;;;;;;;;;;;;;;;;;;;;;;;;;;;;;;;;;;;;;
Zuienkerke;2751;Ja;13;8;20;niet gekend;0;;0;;0;;Neen;;;;;;;;;;;;;;;;;;;;;;;;;;;;;;;;;;;;;;;;Neen;;;;;;;;;;;;;;;;;;;;;;;;;;;;;;Neen;;;;;;;;;;;;;;;;;;;;;;;;;;;;;;;;;;;;;;;;;;;;;;;;;;;;;;;;;;;;;;;;;;;;;;;;Neen;;;;;;;;;;;;;;;;;;;;;;;;;;;;;;;;;;;;;;;;;;;;;;;;;;;;;;;;;Neen;;;;;;;;;;;;;;;;;;;;;;;;;;;;;;;;;;;;;;;;;;;;;;;;;;;;;;;;;;;;;;;;;;;;;;;;;;;;;;;;
Zulte;16002;Ja;niet gekend;niet gekend;niet gekend;niet gekend;2;50%;0;;0;;Ja;1;0,1;0,1;264;0;2;1;1;17;5;0;147;91;niet gekend;niet gekend;niet gekend;niet gekend;niet gekend;niet gekend;niet gekend;niet gekend;niet gekend;niet gekend;niet gekend;niet gekend;niet gekend;niet gekend;niet gekend;niet gekend;niet gekend;niet gekend;niet gekend;niet gekend;niet gekend;niet gekend;niet gekend;niet gekend;niet gekend;niet gekend;Neen;;;;;;;;;;;;;;;;;;;;;;;;;;;;;;Ja;VENECO;Ja;1;0;0;0;0;0;0;0;0;0;0;0;0;0;0;0;0;0;0;0;0;0;0;0;0;0;0;0;0;0;0;0;0;0;;0;;0;;Ja;2;0;0;0,02;0;0;0;0;4;2;2;0;0;0;2;0;1;0;1;0;0;;0;;0;0;0;0;Het aantal VTE, VTE ondersteuning en de verdeling tussen de rol als verbalisant en inspecteur zijn ruwe schattingen achteraf, De overige cijfers werden systematisch bijgehouden gedurende het jaar, Ze vormen een ondergrens: het is mogelijk dat het bijhouden een of enkele keren mislukt is,;Ja;PZ Deinze-Zulte-Lievegem;Neen;;;;;;;;;;;;;;;;;;;;;;;;;;;;;;;;;;;;;;;;Neen;;;;;;;;;;;;;;;Neen;;;;;;;;;;;;;;;;;;;;;;;;;;;;;;;;;;;;;;;;;;;;;;;;;;;;;;;;;;;;;;;;;;;;;;;;;;;;;;;;
Zutendaal;7347;Ja;niet gekend;niet gekend;niet gekend;niet gekend;0;;0;;0;;Neen;;;;;;;;;;;;;;;;;;;;;;;;;;;;;;;;;;;;;;;;Ja;0;0;0;0;0;0;0;10;0;0;0;0;0;0;0;0;0;0;0;0;0;;0;;0;0;0;0;Handhavingstaken RO worden buiten de besluiten burgemeester mbt handhaving RO uitgevoerd door de Intergemeentelijke Samenwerking Handhaving Ruimte Midden-Limburg;Ja;Intergemeentelijke Samenwerking Handhaving Ruimte Midden-Limburg;Neen;;;;;;;;;;;;;;;;;;;;;;;;;;;;;;;;;;;;;;;;Ja;0;1;0;0;0,4;0;0,02;0;206;niet gekend;10;niet gekend;0;niet gekend;7;0;5;0;0;0;0;;0;;0;0;0;0;De opstart handhaving RO te Zutendaal ihkv de Intergemeentelijke Samenwerking Handhaving Ruimte Midden-Limburg was in 2017;Neen;;;;;;;;;;;;;;;;;;;;;;;;;;;;;;;;;;;;;;;;;;;;;;;;;;;;;;;;;Neen;;;;;;;;;;;;;;;;;;;;;;;;;;;;;;;;;;;;;;;;;;;;;;;;;;;;;;;;;;;;;;;;;;;;;;;;;;;;;;;;
Zwalm;8317;Ja;15;90;530;tussen 51 en 100;0;;0;;0;;Neen;;;;;;;;;;;;;;;;;;;;;;;;;;;;;;;;;;;;;;;;Neen;;;;;;;;;;;;;;;;;;;;;;;;;;;;;De gemeentelijke diensten volgen een zacht handhavingstraject - een verdergaande handhaving wordt uitgevoerd door de intercommunale;Ja;SOLVA;Ja;1;0,06;0,02;33;4;0;4;0;2;6;0;13;4;35;11;9;3;12;11;21;2;0;3;0;2;5;0;7;2;3;14;0;1;0;;0;;0;;Ja;1;0;0;0,12;0;0;0,05;15;26;13;9;6;4;7;13;6;13;0;3;2;0;;0;;0;0;0;0;;Ja;PZ Brakel-Maarkedal-Zwalm-Horebeke;Neen;;;;;;;;;;;;;;;;;;;;;;;;;;;;;;;;;;;;;;;;Ja;niet gekend;niet gekend;niet gekend;niet gekend;niet gekend;niet gekend;niet gekend;niet gekend;niet gekend;niet gekend;niet gekend;niet gekend;niet gekend;;Neen;;;;;;;;;;;;;;;;;;;;;;;;;;;;;;;;;;;;;;;;;;;;;;;;;;;;;;;;;;;;;;;;;;;;;;;;;;;;;;;;
Zwevegem;25564;Ja;68;202;niet gekend;niet gekend;0;;0;;0;;Ja;1;0,1;0,1;;0;1;0;0;10;0;0;0;2;10;2;0;0;0;0;4;0;0;0;0;0;4;0;0;0;4;0;0;0;0;;0;;0;;Neen;;;;;;;;;;;;;;;;;;;;;;;;;;;;;;Ja;Leiedal;Ja;1;0,05;0;21;0;2;0;3;4;9;0;2;1;21;0;21;0;0;0;21;0;2;0;3;4;9;0;2;1;16;5;0;0;0;;0;;0;;Ja;0;1;0;0;0,1;0;0;0;51;0;51;0;0;0;51;24;26;0;1;0;0;;0;;0;0;0;0;;Ja;PZ MIRA;Ja;2;1;0;9;0;0;0;0;4;0;0;5;0;5;3;5;3;0;0;4;0;0;0;0;2;2;0;0;0;2;0;0;9;0;;0;;0;;Ja;1;5;5;3;5;3;0;0;0;5;0;5;2;;Neen;;;;;;;;;;;;;;;;;;;;;;;;;;;;;;;;;;;;;;;;;;;;;;;;;;;;;;;;;;;;;;;;;;;;;;;;;;;;;;;;
Zwijndrecht;19570;Ja;44;74;274;tussen 11 en 50;0;;0;;0;;Ja;2;0,1;0;13;0;0;1;0;1;0;0;3;68;1;0;1;0;0;0;0;0;0;1;0;0;0;0;0;0;1;0;0;0;0;;0;;0;;Ja;0;1;0;0,5;0;0;0;74;43;0;30;0;13;0;19;37;34;0;0;0;0;;0;;0;0;0;1;;Ja;IGEAN;Neen;;;;;;;;;;;;;;;;;;;;;;;;;;;;;;;;;;;;;;;;Ja;0;2;1;niet gekend;niet gekend;niet gekend;0;0;8;0;8;2;0;0;8;25;0;0;4;2;0;;0;;0;0;0;0;;Ja;PZ Zwijndrecht;Neen;;;;;;;;;;;;;;;;;;;;;;;;;;;;;;;;;;;;;;;;Ja;niet gekend;2;niet gekend;niet gekend;niet gekend;niet gekend;niet gekend;niet gekend;niet gekend;10;0;1;0;;Neen;;;;;;;;;;;;;;;;;;;;;;;;;;;;;;;;;;;;;;;;;;;;;;;;;;;;;;;;;;;;;;;;;;;;;;;;;;;;;;;;
Totalen gemeenten;6797152;0;9823;30697;101285;0;51;18,75;23;6,5;34;10,67;0;220;34,857;12,85;8838;378;1770;528;199;1767;582;101;2783;847;3230;241;1825;377;774;188;1486;53;106;236;98;199;325;33;483;271;860;1400;41;441;64;14,41;9;1,33;23;7,03;0;41;97;10;14,301;44,97;4,601;33,93;7596;8614;394;2351;668;1072;504;3108;1636;3116;92;1174;283;15;2,4;21;5,2;27;74;16;1;0;0;0;0;26;28,4845;7,446;1057;905;88;129;144;538;117;13;277;198;1383;284;571;221;235;156;732;99;24;107;96;43;186;13;242;121;127;638;18;204;9;1,75;6;0,5;8;0;0;22;17;2;10,945;43,85;35,39;5,207;1286;4734;573;1330;382;201;114;1208;244;1147;70;401;138;11;4;20;6,9;18;40;2;0;0;0;0;0;70;73,175;13,575;8141;100;386;149;205;6118;310;49;1508;494;3234;180;3730;484;210;61;1041;42;51;90;113;294;205;30;588;101;176;273;2;909;19;7,17;8;3,33;1;1;0;62,072;1230;1556;213;895;228;119;61;675;372;94;603;134;0;0;0;0;2;0,35;0,25;25;0;7;1;0;5;2;1;11;0;10;1;3;3;0;0;0;0;0;0;0;0;0;1;6;0;4;4;4;4;0;0;0;0;0;0;0;0;0;0;0;0;0;0;0;0;0;0;0;0;0;0;0;0;0;0;0;0;0;0;0;0;0;0;0;0;;;;;;;;;
