Naam gemeente (#6);inwonersaantal;;Naam gemeente (#6);GAS-reglement - milieugerelateerde overlast ;Klasse 1-inrichtingen ;Klasse 2-inrichtingen ;Klasse 3-inrichtingen;Geschat aantal niet-vergunde inrichtingen ;Bestuurlijke maatregelen - burgemeester;ZONDER dwangsom;tijdig uitgevoerd;MET dwangsom;tijdig uitgevoerd;Veiligheidsmaatregelen - burgemeester;tijdig uitgevoerd;Toezichthouders gemeenten;;VTE toezichthouders;VTE administratieve/juridische ondersteuning ;Totaal aantal klachten (schriftelijk en mondeling);milieubeheer;lucht;water;bodem;geluid;vergunningen;mest;afval;andere;Totaal aantal milieuhandhavingscontroles;navolgende milieuhandhavingscontroles naar aanleiding van schendingen vastgesteld in voorgaande jaren;aanvankelijke milieuhandhavingscontroles naar aanleiding van klachten;navolgende milieuhandhavingscontroles voor verdere opvolging van de controles naar aanleiding van klachten;aanvankelijke milieuhandhavingscontroles  op eigen initiatief, bijvoorbeeld in het kader van een geplande handhavingscampagne;navolgende milieuhandhavingscontroles voor verdere opvolging van de controles op eigen initiatief;Aanvankelijke milieuhandhavingscontroles met schending ; milieubeheer;lucht;water;bodem; geluid; vergunningen;mest;afval;andere;;Raadgeving;Aanmaning;Verslag van vaststelling;Proces-verbaal ;Bestuurlijke maatregelen; ZONDER dwangsom; tijdig uitgevoerd ;MET dwangsom; tijdig uitgevoerd;Veiligheidsmaatregelen;tijdig uitgevoerd ;Werden er tussen 1 januari 2021 en 31 december 2021 handhavingsactiviteiten uitgevoerd in het kader van de VCRO door verbalisanten RO en/of gemeentelijke stedenbouwkundige inspecteurs van de eigen gemeenten en/of de burgemeester? (#388);Verbalisanten;Stedenbouwkundige inspecteurs;Verbalisant/stedenbouwkundig inspecteur (gecombineerd);VTE verbalisanten/stedenbouwkundige inspecteurs;VTE verbalisant/stedenbouwkundig inspecteur;VTE verbalisant;VTE  stedenbouwkundig inspecteur ;VTE administratieve/juridische ondersteuning;Totaal aantal klachten (schriftelijk en mondeling);Totaal aantal stedenbouwkundige controles;navolgende stedenbouwkundige controles naar aanleiding van schendingen vastgesteld in voorgaande jaren;aanvankelijke stedenbouwkundige controles naar aanleiding van klachten;navolgende stedenbouwkundige controles voor verdere opvolging van de controles naar aanleiding van klachten;aanvankelijke stedenbouwkundige controles  op eigen initiatief;navolgende stedenbouwkundige controles voor verdere opvolging van de controles op eigen initiatief;Aanvankelijke stedenbouwkundige controles met schending ;Overtredingsgraad;Raadgeving;Aanmaning;Verslag van vaststelling;Proces-verbaal;Bevel tot staking;Bestuurlijke maatregel ZONDER dwangsom;tijdig uitgevoerd;Bestuurlijke maatregel MET dwangsom;tijdig uitgevoerd;Afgesloten minnelijke schikking;Ingeleide herstelvordering bij Openbaar Ministerie;Herstel gevorderd bij burgerlijke rechter;Ambtshalve uitvoering gerechtelijke herstelmaartegel;Opmerking gemeente;;Doet de gemeente (ook) beroep op een formeel intergemeentelijk samenwerkingsverband voor de uitvoering van omgevingshandhavingstaken? (#115);Naam intergemeentelijk samenwerkingsverband? (#116);Had uw intergemeentelijk samenwerkingsverband tussen 1 januari 2021 en 31 december 2021 intergemeentelijke toezichthouders milieuhandhaving en/of geluid werkzaam zoals vermeld in artikel 16.3.1, 란1, 4랍, van het DABM die handhavingstaken uitvoerden voor de desbetreffende gemeente? (#120);Toezichthouders;VTE toezichthouders;VTE administratieve/juridische ondersteuning ;Totaal aantal klachten (schriftelijk en mondeling); milieubeheer;lucht;water;bodem;geluid;vergunningen;mest;afval;andere;Totaal aantal milieuhandhavingscontroles ;navolgende milieuhandhavingscontroles naar aanleiding van schendingen vastgesteld in voorgaande jaren;aanvankelijke milieuhandhavingscontroles naar aanleiding van klachten;navolgende milieuhandhavingscontroles voor verdere opvolging van de controles naar aanleiding van klachten;aanvankelijke milieuhandhavingscontroles  op eigen initiatief;navolgende milieuhandhavingscontroles voor verdere opvolging van de controles op eigen initiatief;Aanvankelijke milieuhandhavingscontroles met schending ;milieubeheer;lucht;water;bodem;geluid;vergunningen;mest;afval;overige;overtredingsgraad;Raadgeving;Aanmaning;Verslag van vaststelling;Proces-verbaal;Bestuurlijke maatregelen ZONDER dwangsom ;tijdig uitgevoerd;Bestuurlijke maatregelen MET dwangsom;tijdig uitgevoerd;Veiligheidsmaatregelen;tijdig uitgevoerd;Had uw intergemeentelijk samenwerkingsverband tussen 1 januari 2021 en 31 december 2021 verbalisanten RO en/of stedenbouwkundige inspecteurs werkzaam conform de VCRO die handhavingstaken uitvoerden voor de desbetreffende gemeente? (#166);VERBALISANT ;Stedenbouwkundige inspecteurs;GECOMBINEERDE functie verbalisant/stedenbouwkundig inspecteur ;VTE  gecombineerde functie verbalisant/ stedenbouwkundig inspecteur; VTE  verbalisant; VTE  stedenbouwkundig inspecteur;VTE administratieve/juridische ondersteuning;Totaal aantal klachten (schriftelijk en mondeling);Totaal aantal stedenbouwkundige controles ;navolgende stedenbouwkundige controles naar aanleiding van schendingen vastgesteld in voorgaande jaren;aanvankelijke stedenbouwkunidhe controles naar aanleiding van klachten;navolgende stedenbouwkundige controles voor verdere opvolging van de controles naar aanleiding van klachten;aanvankelijke stedenbouwkundige controles  op eigen initiatief;navolgende stedenbouwkundige controles voor verdere opvolging van de controles op eigen initiatief;Aanvankelijke stedenbouwkundige controles met schending ;Overtredingsgraad;Raadgeving;Aanmaning ;Verslag van vaststelling;Proces-verbaal;Bevel tot staking;Bestuurlijke maatregelen  ZONDER dwangsom ;tijdig uitgevoerd;Bestuurlijke maatregelen MET dwangsom ;tijdig uitgevoerd;Afgesloten minnelijke schikking;Ingeleide herstelvordering bij Openbaar Ministerie;Herstel gevorderd bij burgerlijke rechter;Ambtshalve uitvoering gerechtelijke herstelmaartegel;Opmerking intergemeentelijk samenwerkingsverband ;Doet de gemeente (ook) beroep op een politiezone voor de uitvoering van omgevingshandhavingstaken? (#229);Naam van de politiezone;Had uw politiezone tussen 1 januari 2021 en 31 december 2021 intergemeentelijke toezichthouders milieuhandhaving en/of geluid werkzaam zoals vermeld in artikel 16.3.1, 란1, 4랍, van het DABM die handhavingstaken uitvoerden voor de desbetreffende gemeente? (#234);Toezichthouders;VTE toezichthouders;VTE administratieve/juridische ondersteuning ;Totaal aantal klachten (schriftelijk en mondeling);milieubeheer;lucht;water;bodem;geluid;vergunningen;mest;afval;overige;Totaal aantal milieuhandhavingscontroles ;navolgende milieuhandhavingscontroles naar aanleiding van schendingen vastgesteld in voorgaande jaren;aanvankelijke milieuhandhavingscontroles naar aanleiding van klachten;navolgende milieuhandhavingscontroles voor verdere opvolging van de controles naar aanleiding van klachten;aanvankelijke milieuhandhavingscontroles  op eigen initiatief;navolgende milieuhandhavingscontroles voor verdere opvolging van de controles op eigen initiatief;Aanvankelijke milieuhandhavingscontroles met schending ;milieubeheer;lucht;water;bodem;geluid;vergunningen;mest;afval;overige;overtredingsgraad;Raadgeving;Aanmaning;Verslag van vaststelling;Proces-verbaal;Bestuurlijke maatregelen ZONDER dwangsom ;tijdig uitgevoerd;Bestuurlijke maatregelen MET dwangsom ;tijdig uitgevoerd;Veiligheidsmaatregelen;tijdig uitgevoerd;Werden er tussen 1 januari 2021 en 31 december 2021 door uw politiezone handhavingsactiviteiten verricht in het kader van de VCRO in de desbetreffende gemeente? (#281);VTE;Aantal klachten (schriftelijke en mondeling) ;Totaal aantal stedenbouwkundige controles ;navolgende stedenbouwkundige controles naar aanleiding van schendingen vastgesteld in voorgaande jaren;aanvankelijke stedenbouwkunidhe controles naar aanleiding van klachten;navolgende stedenbouwkundige controles voor verdere opvolging van de controles naar aanleiding van klachten;aanvankelijke stedenbouwkundige controles  op eigen initiatief;navolgende stedenbouwkundige controles voor verdere opvolging van de controles op eigen initiatief;Aanvankelijke stedenbouwkundige controles met schending ;Overtredingsgraad;Gewezen op wettelijke verplichtingen;Verslag van vaststelling;Proces-verbaal;Bevel tot staking;Opmerking politiezone;
Aalst;88760;;Aalst;Ja;niet gekend;niet gekend;niet gekend;niet gekend;;0;;0;;0;;3;;0,4;0;53;1;8;3;2;25;1;0;10;3;24;niet gekend;17;7;0;0;7;0;1;2;0;2;0;0;0;2;;3;5;0;0;;0;;0;;0;;Ja;0;0;1;;1;0,5;0,5;1;157;82;niet gekend;82;niet gekend;0;0;72;;0;72;0;12;0;0;;0;;0;0;0;0;"

";;Neen;;;;;;;;;;;;;;;;;;;;;;;;;;;;;;;;;;;;;;;;;;;;;;;;;;;;;;;;;;;;;;;;;;;;;;;;;;Ja;niet gekend;niet gekend;niet gekend;niet gekend;niet gekend;niet gekend;niet gekend;niet gekend;niet gekend;niet gekend;niet gekend;niet gekend;niet gekend;niet gekend;niet gekend;niet gekend;niet gekend;niet gekend;niet gekend;niet gekend;niet gekend;niet gekend;niet gekend;niet gekend;niet gekend;niet gekend;niet gekend;niet gekend;niet gekend;niet gekend;niet gekend;niet gekend;niet gekend;niet gekend;niet gekend;niet gekend;niet gekend;niet gekend;niet gekend;niet gekend;niet gekend;niet gekend;niet gekend;niet gekend;niet gekend;niet gekend;niet gekend;niet gekend;niet gekend;niet gekend;niet gekend;niet gekend;niet gekend;niet gekend;niet gekend;niet gekend;niet gekend;;
Aalter;29320;;Aalter;Ja;188;537;1119;niet gekend;;0;;0;;niet gekend;;3;;0,05;0;8;2;0;0;1;3;0;1;0;1;3;0;2;1;0;0;15;0;0;1;3;0;10;0;1;0;;10;0;0;0;;0;;0;;0;;Neen;;;;;;;;;;;;;;;;;;;;;;;;;;;;;;;;;Neen;;;;;;;;;;;;;;;;;;;;;;;;;;;;;;;;;;;;;;;;;;;;;;;;;;;;;;;;;;;;;;;;;;;;;;;;;;Ja;PZ Aalter;Neen;;;;;;;;;;;;;;;;;;;;;;;;;;;;;;;;;;;;;;;;;Ja;niet gekend;niet gekend;niet gekend;niet gekend;niet gekend;niet gekend;niet gekend;niet gekend;niet gekend;niet gekend;niet gekend;niet gekend;niet gekend;niet gekend;niet gekend;
Aarschot;30567;;Aarschot;non-respons;non-respons;non-respons;non-respons;non-respons;;non-respons;non-respons;non-respons;non-respons;non-respons;non-respons;non-respons;;non-respons;non-respons;non-respons;non-respons;non-respons;non-respons;non-respons;non-respons;non-respons;non-respons;non-respons;non-respons;non-respons;non-respons;non-respons;non-respons;non-respons;non-respons;non-respons;non-respons;non-respons;non-respons;non-respons;non-respons;non-respons;non-respons;non-respons;non-respons;non-respons;non-respons;non-respons;non-respons;non-respons;;non-respons;non-respons;non-respons;non-respons;non-respons;non-respons;non-respons;non-respons;non-respons;non-respons;;non-respons;non-respons;non-respons;non-respons;non-respons;non-respons;non-respons;non-respons;non-respons;non-respons;non-respons;non-respons;non-respons;non-respons;non-respons;non-respons;non-respons;non-respons;non-respons;non-respons;non-respons;non-respons;non-respons;non-respons;non-respons;non-respons;non-respons;non-respons;non-respons;non-respons;non-respons;non-respons;non-respons;non-respons;non-respons;non-respons;non-respons;non-respons;non-respons;non-respons;non-respons;non-respons;non-respons;non-respons;non-respons;non-respons;non-respons;non-respons;non-respons;non-respons;non-respons;non-respons;non-respons;non-respons;non-respons;non-respons;non-respons;non-respons;non-respons;non-respons;non-respons;non-respons;non-respons;non-respons;non-respons;non-respons;non-respons;non-respons;non-respons;non-respons;non-respons;non-respons;non-respons;non-respons;non-respons;non-respons;non-respons;non-respons;non-respons;non-respons;non-respons;non-respons;non-respons;non-respons;non-respons;non-respons;non-respons;non-respons;non-respons;non-respons;non-respons;non-respons;non-respons;non-respons;non-respons;non-respons;non-respons;non-respons;non-respons;non-respons;non-respons;non-respons;non-respons;non-respons;non-respons;non-respons;non-respons;non-respons;non-respons;non-respons;non-respons;non-respons;non-respons;non-respons;non-respons;non-respons;non-respons;non-respons;non-respons;non-respons;non-respons;non-respons;non-respons;non-respons;non-respons;non-respons;non-respons;non-respons;non-respons;non-respons;non-respons;non-respons;non-respons;non-respons;non-respons;non-respons;non-respons;non-respons;non-respons;non-respons;non-respons;non-respons;non-respons;non-respons;non-respons;non-respons;non-respons;non-respons;non-respons;non-respons;non-respons;non-respons;non-respons;non-respons;non-respons;non-respons;non-respons;non-respons;non-respons;non-respons;non-respons;
Aartselaar;14594;;Aartselaar;Ja;2;5;38;niet gekend;;1;0;0;;1;1;1;;niet gekend;niet gekend;8;0;0;3;0;1;0;0;0;4;6;2;2;2;0;0;0;;;;;;;0;0;0;;0;0;0;0;;0;;0;;0;;Ja;0;0;0;;0;0;0;0,1;56;4;2;1;1;0;0;1;;52;2;0;0;1;0;;0;;0;1;0;0;;;Ja;IGEAN;Ja;4;niet gekend;niet gekend;8;0;0;3;0;1;0;0;0;4;10;2;6;2;0;0;4;0;0;2;0;1;0;0;0;1;;1;2;0;1;0;;0;;0;;Ja;1;1;0;0;niet gekend;niet gekend;0;niet gekend;niet gekend;niet gekend;niet gekend;niet gekend;niet gekend;niet gekend;niet gekend;niet gekend;niet gekend;niet gekend;niet gekend;niet gekend;niet gekend;niet gekend;niet gekend;niet gekend;niet gekend;niet gekend;niet gekend;niet gekend;niet gekend;;Ja;PZ HEKLA;Neen;;;;;;;;;;;;;;;;;;;;;;;;;;;;;;;;;;;;;;;;;Ja;niet gekend ;niet gekend ;niet gekend ;niet gekend ;niet gekend ;niet gekend ;niet gekend ;niet gekend ;niet gekend ;niet gekend ;niet gekend ;niet gekend ;niet gekend ;niet gekend ;;
Affligem;13466;;Affligem;non-respons;non-respons;non-respons;non-respons;non-respons;;non-respons;non-respons;non-respons;non-respons;non-respons;non-respons;non-respons;;non-respons;non-respons;non-respons;non-respons;non-respons;non-respons;non-respons;non-respons;non-respons;non-respons;non-respons;non-respons;non-respons;non-respons;non-respons;non-respons;non-respons;non-respons;non-respons;non-respons;non-respons;non-respons;non-respons;non-respons;non-respons;non-respons;non-respons;non-respons;non-respons;non-respons;non-respons;non-respons;non-respons;;non-respons;non-respons;non-respons;non-respons;non-respons;non-respons;non-respons;non-respons;non-respons;non-respons;;non-respons;non-respons;non-respons;non-respons;non-respons;non-respons;non-respons;non-respons;non-respons;non-respons;non-respons;non-respons;non-respons;non-respons;non-respons;non-respons;non-respons;non-respons;non-respons;non-respons;non-respons;non-respons;non-respons;non-respons;non-respons;non-respons;non-respons;non-respons;non-respons;non-respons;non-respons;non-respons;non-respons;non-respons;non-respons;non-respons;non-respons;non-respons;non-respons;non-respons;non-respons;non-respons;non-respons;non-respons;non-respons;non-respons;non-respons;non-respons;non-respons;non-respons;non-respons;non-respons;non-respons;non-respons;non-respons;non-respons;non-respons;non-respons;non-respons;non-respons;non-respons;non-respons;non-respons;non-respons;non-respons;non-respons;non-respons;non-respons;non-respons;non-respons;non-respons;non-respons;non-respons;non-respons;non-respons;non-respons;non-respons;non-respons;non-respons;non-respons;non-respons;non-respons;non-respons;non-respons;non-respons;non-respons;non-respons;non-respons;non-respons;non-respons;non-respons;non-respons;non-respons;non-respons;non-respons;non-respons;non-respons;non-respons;non-respons;non-respons;non-respons;non-respons;non-respons;non-respons;non-respons;non-respons;non-respons;non-respons;non-respons;non-respons;non-respons;non-respons;non-respons;non-respons;non-respons;non-respons;non-respons;non-respons;non-respons;non-respons;non-respons;non-respons;non-respons;non-respons;non-respons;non-respons;non-respons;non-respons;non-respons;non-respons;non-respons;non-respons;non-respons;non-respons;non-respons;non-respons;non-respons;non-respons;non-respons;non-respons;non-respons;non-respons;non-respons;non-respons;non-respons;non-respons;non-respons;non-respons;non-respons;non-respons;non-respons;non-respons;non-respons;non-respons;non-respons;non-respons;non-respons;non-respons;non-respons;non-respons;non-respons;
Alken;11753;;Alken;Ja;niet gekend;niet gekend;niet gekend;niet gekend;;niet gekend;niet gekend;niet gekend;niet gekend;niet gekend;niet gekend;1;;1;0,1;10;0;0;1;1;2;0;2;2;2;niet gekend;niet gekend;niet gekend;niet gekend;niet gekend;niet gekend;niet gekend;niet gekend;niet gekend;niet gekend;niet gekend;niet gekend;niet gekend;niet gekend;niet gekend;niet gekend;niet gekend;niet gekend;niet gekend;niet gekend;niet gekend;niet gekend;niet gekend;niet gekend;niet gekend;niet gekend;niet gekend;niet gekend;Ja;1;0;0;;0;1;0;0;25;niet gekend;niet gekend;niet gekend;niet gekend;niet gekend;niet gekend;niet gekend;;0;5;niet gekend;2;1;1;1;0;;niet gekend;niet gekend;niet gekend;niet gekend;;;Neen;;;;;;;;;;;;;;;;;;;;;;;;;;;;;;;;;;;;;;;;;;;;;;;;;;;;;;;;;;;;;;;;;;;;;;;;;;Neen;;;;;;;;;;;;;;;;;;;;;;;;;;;;;;;;;;;;;;;;;;;;;;;;;;;;;;;;;;;
Alveringem;5022;;Alveringem;non-respons;non-respons;non-respons;non-respons;non-respons;;non-respons;non-respons;non-respons;non-respons;non-respons;non-respons;non-respons;;non-respons;non-respons;non-respons;non-respons;non-respons;non-respons;non-respons;non-respons;non-respons;non-respons;non-respons;non-respons;non-respons;non-respons;non-respons;non-respons;non-respons;non-respons;non-respons;non-respons;non-respons;non-respons;non-respons;non-respons;non-respons;non-respons;non-respons;non-respons;non-respons;non-respons;non-respons;non-respons;non-respons;;non-respons;non-respons;non-respons;non-respons;non-respons;non-respons;non-respons;non-respons;non-respons;non-respons;;non-respons;non-respons;non-respons;non-respons;non-respons;non-respons;non-respons;non-respons;non-respons;non-respons;non-respons;non-respons;non-respons;non-respons;non-respons;non-respons;non-respons;non-respons;non-respons;non-respons;non-respons;non-respons;non-respons;non-respons;non-respons;non-respons;non-respons;non-respons;non-respons;non-respons;non-respons;non-respons;non-respons;non-respons;non-respons;non-respons;non-respons;non-respons;non-respons;non-respons;non-respons;non-respons;non-respons;non-respons;non-respons;non-respons;non-respons;non-respons;non-respons;non-respons;non-respons;non-respons;non-respons;non-respons;non-respons;non-respons;non-respons;non-respons;non-respons;non-respons;non-respons;non-respons;non-respons;non-respons;non-respons;non-respons;non-respons;non-respons;non-respons;non-respons;non-respons;non-respons;non-respons;non-respons;non-respons;non-respons;non-respons;non-respons;non-respons;non-respons;non-respons;non-respons;non-respons;non-respons;non-respons;non-respons;non-respons;non-respons;non-respons;non-respons;non-respons;non-respons;non-respons;non-respons;non-respons;non-respons;non-respons;non-respons;non-respons;non-respons;non-respons;non-respons;non-respons;non-respons;non-respons;non-respons;non-respons;non-respons;non-respons;non-respons;non-respons;non-respons;non-respons;non-respons;non-respons;non-respons;non-respons;non-respons;non-respons;non-respons;non-respons;non-respons;non-respons;non-respons;non-respons;non-respons;non-respons;non-respons;non-respons;non-respons;non-respons;non-respons;non-respons;non-respons;non-respons;non-respons;non-respons;non-respons;non-respons;non-respons;non-respons;non-respons;non-respons;non-respons;non-respons;non-respons;non-respons;non-respons;non-respons;non-respons;non-respons;non-respons;non-respons;non-respons;non-respons;non-respons;non-respons;non-respons;non-respons;non-respons;non-respons;
Antwerpen;528903;;Antwerpen;Ja;niet gekend;niet gekend;niet gekend;niet gekend;;0;;0;;0;;6;;5,8;0,2;285;niet gekend;60;25;13;56;104;0;9;18;niet gekend;niet gekend;niet gekend;niet gekend;128;niet gekend;128;niet gekend;1;15;5;2;86;0;niet gekend;19;;niet gekend;niet gekend;niet gekend;60;;28;26;1;0;6;6;Ja;8;0;0;;0;6,8;0;6;913;1567;niet gekend;332;niet gekend;140;niet gekend;615;;1;7;0;615;27;0;;1;0;0;10;0;0;;;Neen;;;;;;;;;;;;;;;;;;;;;;;;;;;;;;;;;;;;;;;;;;;;;;;;;;;;;;;;;;;;;;;;;;;;;;;;;;Ja;PZ Antwerpen;Neen;;;;;;;;;;;;;;;;;;;;;;;;;;;;;;;;;;;;;;;;;Neen;;;;;;;;;;;;;;;;
Anzegem;15014;;Anzegem;Ja;niet gekend;niet gekend ;niet gekend ;niet gekend;;0;;0;;0;;1;;0,05;0,05;niet gekend ;niet gekend ;niet gekend ;niet gekend ;niet gekend ;niet gekend ;niet gekend ;niet gekend ;niet gekend ;niet gekend ;13;4;7;2;0;0;0;;;;;;;;;;;4;2;0;0;;0;;0;;0;;Neen;;;;;;;;;;;;;;;;;;;;;;;;;;;;;;;-;;Neen;;;;;;;;;;;;;;;;;;;;;;;;;;;;;;;;;;;;;;;;;;;;;;;;;;;;;;;;;;;;;;;;;;;;;;;;;;Ja;PZ MIRA;Ja;1;1;0;11;0;0;2;0;4;0;0;5;0;0;0;0;0;0;0;0;0;0;0;0;0;0;0;0;0;;0;0;11;0;0;;0;;0;;Ja;1;0;0;0;0;0;0;0;0;;0;0;0;0;"Meldingen worden niet bijgehouden in de Cel Milieu en Bouw van Politiezone MIRA; enkel de processen-verbaal kunnen worden vermeld.";
Ardooie;9190;;Ardooie;Ja;niet gekend;niet gekend;niet gekend;niet gekend;;0;;1;1;0;;0;;;;;;;;;;;;;;;;;;;;;;;;;;;;;;;;;;;;;;;;;;niet gekend;niet gekend;niet gekend;niet gekend;niet gekend;niet gekend;niet gekend;niet gekend;niet gekend;niet gekend;niet gekend;niet gekend;niet gekend;niet gekend;niet gekend;niet gekend;niet gekend;niet gekend;niet gekend;niet gekend;niet gekend;niet gekend;niet gekend;niet gekend;niet gekend;niet gekend;niet gekend;niet gekend;niet gekend;niet gekend;niet gekend;;niet gekend;Neen;;;;;;;;;;;;;;;;;;;;;;;;;;;;;;;;;;;;;;;;;;;;;;;;;;;;;;;;;;;;;;;;;;;;;;;;;;Ja;PZ regio Tielt;niet gekend;niet gekend;niet gekend;niet gekend;niet gekend;niet gekend;niet gekend;niet gekend;niet gekend;niet gekend;niet gekend;niet gekend;niet gekend;niet gekend;niet gekend;niet gekend;niet gekend;niet gekend;niet gekend;niet gekend;niet gekend;niet gekend;niet gekend;niet gekend;niet gekend;niet gekend;niet gekend;niet gekend;niet gekend;niet gekend;niet gekend;niet gekend;niet gekend;niet gekend;niet gekend;niet gekend;niet gekend;niet gekend;niet gekend;niet gekend;niet gekend;niet gekend;niet gekend;niet gekend;niet gekend;niet gekend;niet gekend;niet gekend;niet gekend;niet gekend;niet gekend;niet gekend;niet gekend;niet gekend;niet gekend;niet gekend;;
Arendonk;13286;;Arendonk;Neen;niet gekend;niet gekend;niet gekend;niet gekend;;0;;0;;0;;0;;;;;;;;;;;;;;;;;;;;;;;;;;;;;;;;;;;;;;;;;;Ja;0;0;0;;0;0;0;0;niet gekend;niet gekend;niet gekend;niet gekend;niet gekend;niet gekend;niet gekend;niet gekend;niet gekend;niet gekend;niet gekend;0;0;0;0;;0;;0;0;0;0;" 


";;Ja;IOK;Ja;3;niet gekend;niet gekend;niet gekend;niet gekend;niet gekend;niet gekend;niet gekend;niet gekend;niet gekend;niet gekend;niet gekend;niet gekend;3;1;1;1;0;0;niet gekend;niet gekend;niet gekend;niet gekend;niet gekend;niet gekend;niet gekend;niet gekend;niet gekend;niet gekend;;niet gekend;1;niet gekend;niet gekend;niet gekend;niet gekend;niet gekend;niet gekend;niet gekend;niet gekend;Ja;3;2;0;0;niet gekend;niet gekend;niet gekend;0;7;6;1;0;0;0;1;;0;0;0;0;0;0;;0;;0;0;0;0;;Ja;PZ Kempen Noord-Oost;Ja;niet gekend;niet gekend;niet gekend;niet gekend;niet gekend;niet gekend;niet gekend;niet gekend;niet gekend;niet gekend;niet gekend;niet gekend;niet gekend;niet gekend;niet gekend;niet gekend;niet gekend;niet gekend;niet gekend;niet gekend;niet gekend;niet gekend;niet gekend;niet gekend;niet gekend;niet gekend;niet gekend;niet gekend;niet gekend;niet gekend;niet gekend;niet gekend;niet gekend;niet gekend;niet gekend;niet gekend;niet gekend;niet gekend;niet gekend;niet gekend;niet gekend;niet gekend;niet gekend;niet gekend;niet gekend;niet gekend;niet gekend;0;niet gekend;niet gekend;niet gekend;niet gekend;niet gekend;niet gekend;niet gekend;;
As;8246;;As;Ja;9;33;310;tussen 11 en 50;;0;;0;;0;;1;;0,1;0;niet gekend;niet gekend;niet gekend;niet gekend;niet gekend;niet gekend;niet gekend;niet gekend;niet gekend;niet gekend;0;0;0;0;0;0;0;0;0;0;0;0;0;0;0;0;;0;0;0;0;;0;;0;;0;;Ja;0;0;0;;0;0;0;0;17;0;0;0;0;0;0;0;;0;0;0;0;0;0;;1;niet gekend;0;1;0;0;;;Ja;Intergemeentelijk Samenwerkingsverband Handhaving Ruimte (RO) Midden-Limburg;Neen;;;;;;;;;;;;;;;;;;;;;;;;;;;;;;;;;;;;;;;;;Ja;2;0;0;0;0,45;0;0;0;17;0;17;0;0;0;18;;3;13;0;1;2;0;;0;;0;0;0;0;;Neen;;;;;;;;;;;;;;;;;;;;;;;;;;;;;;;;;;;;;;;;;;;;;;;;;;;;;;;;;;;
Asse;34454;;Asse;Ja;100;350;800;tussen 11 en 50;;1;0;1;0;0;;2;;0,1;0,1;niet gekend;niet gekend;niet gekend;niet gekend;niet gekend;niet gekend;niet gekend;niet gekend;niet gekend;niet gekend;8;2;4;2;0;0;6;0;0;1;1;2;2;0;0;0;;2;3;0;0;;0;;0;;0;;Ja;1;0;0;;0;0,5;0;0;21;47;11;21;11;4;0;4;;0;4;0;4;4;1;1;0;;0;0;0;0;;;Ja;Haviland;Ja;1;0,02;0;0;0;0;0;0;0;0;0;0;0;4;0;2;2;0;0;2;0;0;0;0;0;1;0;1;0;;0;2;0;0;0;;0;;0;;Ja;1;0;0;0;0,1;0;0;3;7;2;3;0;0;2;3;;0;1;0;2;3;0;;0;;0;0;0;0;;Neen;;;;;;;;;;;;;;;;;;;;;;;;;;;;;;;;;;;;;;;;;;;;;;;;;;;;;;;;;;;
Assenede;14436;;Assenede;Ja;100;150;500;niet gekend;;0;;0;;0;;1;;0,1;0,1;niet gekend;niet gekend;niet gekend;niet gekend;niet gekend;niet gekend;niet gekend;niet gekend;niet gekend;niet gekend;0;0;0;0;0;0;0;0;0;0;0;0;0;0;0;0;;0;0;0;0;;0;;0;;0;;Neen;;;;;;;;;;;;;;;;;;;;;;;;;;;;;;;;;Ja;VENECO;Ja;1;0,01;0,01;0;0;0;0;0;0;0;0;0;0;5;5;0;0;0;0;11;0;0;11;0;0;0;0;0;0;;0;0;0;12;0;;0;;0;;Ja;0;0;2;0,09;0,01;0;0,04;1;2;0;2;0;0;0;2;;0;2;0;1;0;0;;0;;0;0;0;0;Getallen zijn inschattingen, met foutenmarges tot 50 % of enkele eenheden;Ja;PZ Assenede-Evergem;Ja;1;niet gekend;niet gekend;niet gekend;niet gekend;niet gekend;niet gekend;niet gekend;niet gekend;niet gekend;niet gekend;niet gekend;niet gekend;niet gekend;niet gekend;niet gekend;niet gekend;niet gekend;niet gekend;niet gekend;niet gekend;niet gekend;niet gekend;niet gekend;niet gekend;niet gekend;niet gekend;niet gekend;niet gekend;;niet gekend;niet gekend;niet gekend;niet gekend;niet gekend;niet gekend;niet gekend;niet gekend ;niet gekend;niet gekend;Neen;;;;;;;;;;;;;;;;
Avelgem;10289;;Avelgem;Neen;niet gekend;niet gekend ;niet gekend;tussen 11 en 50;;0;;0;;0;;1;;0,05;0;2;0;1;0;0;1;0;0;0;0;2;0;2;0;0;0;1;0;0;0;0;1;0;0;0;0;;1;0;0;0;;0;;0;;0;;Ja;1;0;0;;0;0,1;0;0;3;6;3;3;0;0;0;3;;1;2;0;1;0;0;;0;;0;0;0;0;;;Neen;;;;;;;;;;;;;;;;;;;;;;;;;;;;;;;;;;;;;;;;;;;;;;;;;;;;;;;;;;;;;;;;;;;;;;;;;;Ja;PZ MIRA;Ja;1;niet gekend;niet gekend;niet gekend;niet gekend;niet gekend;niet gekend;niet gekend;niet gekend;niet gekend;niet gekend;niet gekend;niet gekend;niet gekend;niet gekend;niet gekend;niet gekend;niet gekend;niet gekend;niet gekend;niet gekend;niet gekend;niet gekend;niet gekend;niet gekend;niet gekend;niet gekend;niet gekend;niet gekend;;niet gekend;niet gekend;niet gekend;niet gekend;niet gekend;niet gekend;niet gekend;niet gekend;niet gekend;niet gekend;Neen;;;;;;;;;;;;;;;;
Baarle-Hertog;2988;;Baarle-Hertog;Neen;11;50;55;niet gekend;;0;;0;;0;;0;;;;;;;;;;;;;;;;;;;;;;;;;;;;;;;;;;;;;;;;;;Neen;;;;;;;;;;;;;;;;;;;;;;;;;;;;;;;;;Ja;IOK;Neen;;;;;;;;;;;;;;;;;;;;;;;;;;;;;;;;;;;;;;;;;Ja;3;2;0;0;niet gekend;niet gekend;niet gekend;0;0;0;0;0;0;0;0;;0;0;0;0;0;0;;0;;0;0;0;0;;Ja;PZ Regio Turnhout;Ja;3;0,04;0;17;0;1;0;0;0;0;5;1;10;19;0;3;8;8;0;1;0;0;0;0;0;0;0;1;0;;0;0;0;0;1;0;0;;0;;Ja;0,04;1;1;0;1;0;0;0;0;;0;0;0;0;;
Balen;22988;;Balen;Ja;niet gekend;niet gekend;niet gekend;niet gekend;;1;0;0;;0;;1;;niet gekend;niet gekend;niet gekend;niet gekend;niet gekend;niet gekend;niet gekend;niet gekend;niet gekend;niet gekend;niet gekend;niet gekend;niet gekend;niet gekend;niet gekend;niet gekend;niet gekend;niet gekend;niet gekend;niet gekend;niet gekend;niet gekend;niet gekend;niet gekend;niet gekend;niet gekend;niet gekend;niet gekend;;niet gekend;niet gekend;niet gekend;niet gekend;;niet gekend;niet gekend;niet gekend;niet gekend;niet gekend;niet gekend;Neen;;;;;;;;;;;;;;;;;;;;;;;;;;;;;;;;;Ja;IOK;Ja;3;niet gekend;niet gekend;0;0;0;0;0;0;0;0;0;0;8;2;3;3;niet gekend;0;3;0;0;0;0;0;2;0;1;0;;0;1;0;0;0;;0;;0;;Ja;3;2;0;0;niet gekend;niet gekend;niet gekend;0;5;1;3;1;0;0;3;;0;2;0;0;0;0;;0;;0;0;0;0;;Ja;PZ Balen-Dessel-Mol ;Ja;2;0;0;123;0;50;5;0;36;0;1;31;0;0;niet gekend;0;0;0;0;4;0;0;1;0;0;2;0;1;0;;0;0;0;4;0;;0;;0;;Ja;0;14;1;0;1;0;0;0;1;;0;0;1;0;;
Beernem;15956;;Beernem;Ja;100;158;1160;niet gekend;;0;;0;;0;;0;;;;;;;;;;;;;;;;;;;;;;;;;;;;;;;;;;;;;;;;;;Neen;;;;;;;;;;;;;;;;;;;;;;;;;;;;;;;;;Ja;WVI;Neen;;;;;;;;;;;;;;;;;;;;;;;;;;;;;;;;;;;;;;;;;Ja;0;0;1;0,2;0;0;0;0;15;0;12;3;0;0;22;;4;16;0;0;0;0;;0;;0;0;0;0;;Ja;PZ HET HOUTSCHE;Ja;1;1;1;242;2;3;8;0;151;0;0;75;3;niet gekend;niet gekend;niet gekend;niet gekend;niet gekend;niet gekend;niet gekend;niet gekend;niet gekend;niet gekend;niet gekend;niet gekend;niet gekend;niet gekend;niet gekend;niet gekend;;niet gekend;niet gekend;0;9;niet gekend;niet gekend;niet gekend;niet gekend;niet gekend;niet gekend;Ja;2;8;niet gekend;niet gekend;niet gekend;niet gekend;niet gekend;niet gekend;niet gekend;;niet gekend;0;9;niet gekend;;
Beerse;18371;;Beerse;Ja;niet gekend;niet gekend;niet gekend;niet gekend;;0;;0;;0;;0;;;;;;;;;;;;;;;;;;;;;;;;;;;;;;;;;;;;;;;;;;Neen;;;;;;;;;;;;;;;;;;;;;;;;;;;;;;;;;Ja;IOK;Neen;;;;;;;;;;;;;;;;;;;;;;;;;;;;;;;;;;;;;;;;;Ja;3;2;0;0;niet gekend;niet gekend;niet gekend;0;22;2;15;5;0;0;15;;0;12;0;1;0;0;;0;;0;0;0;0;;Ja;PZ Regio Turnhout;Ja;3;0,24;0;29;0;2;1;1;1;11;0;4;9;21;0;17;4;0;0;20;0;1;0;0;0;8;0;4;7;;3;5;0;2;0;;0;;0;;Ja;0,24;15;10;0;5;3;1;1;4;;0;0;4;4;;
Beersel;26012;;Beersel;Ja;17;84;295;niet gekend;;0;;1;1;0;;1;;0,1;0,02;123;0;8;13;6;24;10;0;50;12;40;1;24;5;6;4;31;0;1;2;0;4;11;1;10;2;;0;13;0;4;;0;;1;niet gekend;0;;Ja;0;0;1;;0,1;0,08;0,01;0,01;23;11;0;11;0;0;0;8;;0;8;0;1;0;0;;0;;0;0;0;0;;;Neen;;;;;;;;;;;;;;;;;;;;;;;;;;;;;;;;;;;;;;;;;;;;;;;;;;;;;;;;;;;;;;;;;;;;;;;;;;Neen;;;;;;;;;;;;;;;;;;;;;;;;;;;;;;;;;;;;;;;;;;;;;;;;;;;;;;;;;;;
Begijnendijk;10390;;Begijnendijk;non-respons;non-respons;non-respons;non-respons;non-respons;;non-respons;non-respons;non-respons;non-respons;non-respons;non-respons;non-respons;;non-respons;non-respons;non-respons;non-respons;non-respons;non-respons;non-respons;non-respons;non-respons;non-respons;non-respons;non-respons;non-respons;non-respons;non-respons;non-respons;non-respons;non-respons;non-respons;non-respons;non-respons;non-respons;non-respons;non-respons;non-respons;non-respons;non-respons;non-respons;non-respons;non-respons;non-respons;non-respons;non-respons;;non-respons;non-respons;non-respons;non-respons;non-respons;non-respons;non-respons;non-respons;non-respons;non-respons;;non-respons;non-respons;non-respons;non-respons;non-respons;non-respons;non-respons;non-respons;non-respons;non-respons;non-respons;non-respons;non-respons;non-respons;non-respons;non-respons;non-respons;non-respons;non-respons;non-respons;non-respons;non-respons;non-respons;non-respons;non-respons;non-respons;non-respons;non-respons;non-respons;non-respons;non-respons;non-respons;non-respons;non-respons;non-respons;non-respons;non-respons;non-respons;non-respons;non-respons;non-respons;non-respons;non-respons;non-respons;non-respons;non-respons;non-respons;non-respons;non-respons;non-respons;non-respons;non-respons;non-respons;non-respons;non-respons;non-respons;non-respons;non-respons;non-respons;non-respons;non-respons;non-respons;non-respons;non-respons;non-respons;non-respons;non-respons;non-respons;non-respons;non-respons;non-respons;non-respons;non-respons;non-respons;non-respons;non-respons;non-respons;non-respons;non-respons;non-respons;non-respons;non-respons;non-respons;non-respons;non-respons;non-respons;non-respons;non-respons;non-respons;non-respons;non-respons;non-respons;non-respons;non-respons;non-respons;non-respons;non-respons;non-respons;non-respons;non-respons;non-respons;non-respons;non-respons;non-respons;non-respons;non-respons;non-respons;non-respons;non-respons;non-respons;non-respons;non-respons;non-respons;non-respons;non-respons;non-respons;non-respons;non-respons;non-respons;non-respons;non-respons;non-respons;non-respons;non-respons;non-respons;non-respons;non-respons;non-respons;non-respons;non-respons;non-respons;non-respons;non-respons;non-respons;non-respons;non-respons;non-respons;non-respons;non-respons;non-respons;non-respons;non-respons;non-respons;non-respons;non-respons;non-respons;non-respons;non-respons;non-respons;non-respons;non-respons;non-respons;non-respons;non-respons;non-respons;non-respons;non-respons;non-respons;non-respons;non-respons;non-respons;non-respons
Bekkevoort;6454;;Bekkevoort;Ja;25;150;500;tussen 11 en 50;;niet gekend;niet gekend;niet gekend;niet gekend;niet gekend;niet gekend;0;;;;;;;;;;;;;;;;;;;;;;;;;;;;;;;;;;;;;;;;;;Neen;;;;;;;;;;;;;;;;;;;;;;;;;;;;;;;;;Neen;;;;;;;;;;;;;;;;;;;;;;;;;;;;;;;;;;;;;;;;;;;;;;;;;;;;;;;;;;;;;;;;;;;;;;;;;;Ja;PZ Hageland;Neen;;;;;;;;;;;;;;;;;;;;;;;;;;;;;;;;;;;;;;;;;Ja;niet gekend;niet gekend;niet gekend;niet gekend;niet gekend;niet gekend;niet gekend;niet gekend;niet gekend;niet gekend;niet gekend;niet gekend;niet gekend;niet gekend;;
Beringen;47181;;Beringen;Ja;0;0;0;meer dan 100;;0;;0;;0;;2;;0,5;0,25;90;0;0;5;2;1;11;0;54;17;146;0;100;2;44;0;90;0;0;5;2;1;11;0;54;17;;32;42;1;11;;4;0;2;1;3;2;Ja;1;1;1;;1;0;0;0;116;150;26;97;20;7;0;106;;5;93;2;11;0;0;;0;;0;0;0;0;;;Neen;;;;;;;;;;;;;;;;;;;;;;;;;;;;;;;;;;;;;;;;;;;;;;;;;;;;;;;;;;;;;;;;;;;;;;;;;;Neen;;;;;;;;;;;;;;;;;;;;;;;;;;;;;;;;;;;;;;;;;;;;;;;;;;;;;;;;;;;
Berlaar;11720;;Berlaar;niet gekend;niet gekend;niet gekend;niet gekend;niet gekend;;niet gekend;niet gekend;niet gekend;niet gekend;niet gekend;niet gekend;niet gekend;;niet gekend;niet gekend;niet gekend;niet gekend;niet gekend;niet gekend;niet gekend;niet gekend;niet gekend;niet gekend;niet gekend;niet gekend;niet gekend;niet gekend;niet gekend;niet gekend;niet gekend;niet gekend;niet gekend;niet gekend;niet gekend;niet gekend;niet gekend;niet gekend;niet gekend;niet gekend;niet gekend;niet gekend;niet gekend;niet gekend;niet gekend;niet gekend;niet gekend;;niet gekend;niet gekend;niet gekend;niet gekend;niet gekend;niet gekend;niet gekend;niet gekend;niet gekend;niet gekend;;niet gekend;niet gekend;niet gekend;niet gekend;niet gekend;niet gekend;niet gekend;niet gekend;niet gekend;niet gekend;niet gekend;niet gekend;niet gekend;niet gekend;niet gekend;niet gekend;niet gekend;niet gekend;niet gekend;niet gekend;niet gekend;niet gekend;niet gekend;niet gekend;niet gekend;niet gekend;;niet gekend;Ja;IGEMO;Ja;1;0,2;0;3;0;0;0;0;0;2;0;1;;13;10;3;0;0;0;13;niet gekend;niet gekend;niet gekend;niet gekend;niet gekend;niet gekend;niet gekend;niet gekend;niet gekend;;0;6;6;6;0;;1;1;0;;Ja;4;0;2;0,1;0,1;0;0;3;4;1;3;0;0;0;4;;0;2;3;3;0;0;;0;;0;0;0;0;;niet gekend;niet gekend;niet gekend;niet gekend;niet gekend;niet gekend;niet gekend;niet gekend;niet gekend;niet gekend;niet gekend;niet gekend;niet gekend;niet gekend;niet gekend;niet gekend;niet gekend;niet gekend;niet gekend;niet gekend;niet gekend;niet gekend;niet gekend;niet gekend;niet gekend;niet gekend;niet gekend;niet gekend;niet gekend;niet gekend;niet gekend;niet gekend;niet gekend;niet gekend;niet gekend;niet gekend;niet gekend;niet gekend;niet gekend;niet gekend;niet gekend;niet gekend;niet gekend;niet gekend;niet gekend;niet gekend;niet gekend;niet gekend;niet gekend;niet gekend;niet gekend;niet gekend;niet gekend;niet gekend;niet gekend;niet gekend;niet gekend;niet gekend;niet gekend;
Berlare;15266;;Berlare;Ja;niet gekend;niet gekend;niet gekend;niet gekend;;0;;0;;0;;0;;;;;;;;;;;;;;;;;;;;;;;;;;;;;;;;;;;;;;;;;;Ja;0;0;0;;0;0;0;0,1;20;9;2;2;1;2;2;4;;4;2;2;13;2;0;;0;;1;0;0;1;;;Neen;;;;;;;;;;;;;;;;;;;;;;;;;;;;;;;;;;;;;;;;;;;;;;;;;;;;;;;;;;;;;;;;;;;;;;;;;;Ja;PZ Berlare-Zele;Neen;;;;;;;;;;;;;;;;;;;;;;;;;;;;;;;;;;;;;;;;;Ja;niet gekend;niet gekend;niet gekend;niet gekend;niet gekend;niet gekend;niet gekend;niet gekend;niet gekend;niet gekend;niet gekend;niet gekend;niet gekend;niet gekend;;
Bertem;10249;;Bertem;non-respons;non-respons;non-respons;non-respons;non-respons;;non-respons;non-respons;non-respons;non-respons;non-respons;non-respons;non-respons;;non-respons;non-respons;non-respons;non-respons;non-respons;non-respons;non-respons;non-respons;non-respons;non-respons;non-respons;non-respons;non-respons;non-respons;non-respons;non-respons;non-respons;non-respons;non-respons;non-respons;non-respons;non-respons;non-respons;non-respons;non-respons;non-respons;non-respons;non-respons;non-respons;non-respons;non-respons;non-respons;non-respons;;non-respons;non-respons;non-respons;non-respons;non-respons;non-respons;non-respons;non-respons;non-respons;non-respons;;non-respons;non-respons;non-respons;non-respons;non-respons;non-respons;non-respons;non-respons;non-respons;non-respons;non-respons;non-respons;non-respons;non-respons;non-respons;non-respons;non-respons;non-respons;non-respons;non-respons;non-respons;non-respons;non-respons;non-respons;non-respons;non-respons;non-respons;non-respons;non-respons;non-respons;non-respons;non-respons;non-respons;non-respons;non-respons;non-respons;non-respons;non-respons;non-respons;non-respons;non-respons;non-respons;non-respons;non-respons;non-respons;non-respons;non-respons;non-respons;non-respons;non-respons;non-respons;non-respons;non-respons;non-respons;non-respons;non-respons;non-respons;non-respons;non-respons;non-respons;non-respons;non-respons;non-respons;non-respons;non-respons;non-respons;non-respons;non-respons;non-respons;non-respons;non-respons;non-respons;non-respons;non-respons;non-respons;non-respons;non-respons;non-respons;non-respons;non-respons;non-respons;non-respons;non-respons;non-respons;non-respons;non-respons;non-respons;non-respons;non-respons;non-respons;non-respons;non-respons;non-respons;non-respons;non-respons;non-respons;non-respons;non-respons;non-respons;non-respons;non-respons;non-respons;non-respons;non-respons;non-respons;non-respons;non-respons;non-respons;non-respons;non-respons;non-respons;non-respons;non-respons;non-respons;non-respons;non-respons;non-respons;non-respons;non-respons;non-respons;non-respons;non-respons;non-respons;non-respons;non-respons;non-respons;non-respons;non-respons;non-respons;non-respons;non-respons;non-respons;non-respons;non-respons;non-respons;non-respons;non-respons;non-respons;non-respons;non-respons;non-respons;non-respons;non-respons;non-respons;non-respons;non-respons;non-respons;non-respons;non-respons;non-respons;non-respons;non-respons;non-respons;non-respons;non-respons;non-respons;non-respons;non-respons;non-respons;non-respons;non-respons;
Bever;2266;;Bever;non-respons;non-respons;non-respons;non-respons;non-respons;;non-respons;non-respons;non-respons;non-respons;non-respons;non-respons;non-respons;;non-respons;non-respons;non-respons;non-respons;non-respons;non-respons;non-respons;non-respons;non-respons;non-respons;non-respons;non-respons;non-respons;non-respons;non-respons;non-respons;non-respons;non-respons;non-respons;non-respons;non-respons;non-respons;non-respons;non-respons;non-respons;non-respons;non-respons;non-respons;non-respons;non-respons;non-respons;non-respons;non-respons;;non-respons;non-respons;non-respons;non-respons;non-respons;non-respons;non-respons;non-respons;non-respons;non-respons;;non-respons;non-respons;non-respons;non-respons;non-respons;non-respons;non-respons;non-respons;non-respons;non-respons;non-respons;non-respons;non-respons;non-respons;non-respons;non-respons;non-respons;non-respons;non-respons;non-respons;non-respons;non-respons;non-respons;non-respons;non-respons;non-respons;non-respons;non-respons;non-respons;non-respons;non-respons;non-respons;non-respons;non-respons;non-respons;non-respons;non-respons;non-respons;non-respons;non-respons;non-respons;non-respons;non-respons;non-respons;non-respons;non-respons;non-respons;non-respons;non-respons;non-respons;non-respons;non-respons;non-respons;non-respons;non-respons;non-respons;non-respons;non-respons;non-respons;non-respons;non-respons;non-respons;non-respons;non-respons;non-respons;non-respons;non-respons;non-respons;non-respons;non-respons;non-respons;non-respons;non-respons;non-respons;non-respons;non-respons;non-respons;non-respons;non-respons;non-respons;non-respons;non-respons;non-respons;non-respons;non-respons;non-respons;non-respons;non-respons;non-respons;non-respons;non-respons;non-respons;non-respons;non-respons;non-respons;non-respons;non-respons;non-respons;non-respons;non-respons;non-respons;non-respons;non-respons;non-respons;non-respons;non-respons;non-respons;non-respons;non-respons;non-respons;non-respons;non-respons;non-respons;non-respons;non-respons;non-respons;non-respons;non-respons;non-respons;non-respons;non-respons;non-respons;non-respons;non-respons;non-respons;non-respons;non-respons;non-respons;non-respons;non-respons;non-respons;non-respons;non-respons;non-respons;non-respons;non-respons;non-respons;non-respons;non-respons;non-respons;non-respons;non-respons;non-respons;non-respons;non-respons;non-respons;non-respons;non-respons;non-respons;non-respons;non-respons;non-respons;non-respons;non-respons;non-respons;non-respons;non-respons;non-respons;non-respons;non-respons;non-respons;
Beveren;49473;;Beveren;Ja;niet gekend;niet gekend;niet gekend;niet gekend;;0;;0;;0;;1;;0,05;0,1;1333;niet gekend;16;15;12;63;14;niet gekend;947;56;niet gekend;0;niet gekend;niet gekend;0;0;0;;;;;;;;;;;niet gekend;0;0;0;;0;;0;;0;;niet gekend;niet gekend;niet gekend;niet gekend;niet gekend;niet gekend;niet gekend;niet gekend;niet gekend;niet gekend;niet gekend;niet gekend;niet gekend;niet gekend;niet gekend;niet gekend;niet gekend;niet gekend;niet gekend;niet gekend;niet gekend;niet gekend;niet gekend;niet gekend;niet gekend;niet gekend;niet gekend;niet gekend;niet gekend;niet gekend;niet gekend;;;Neen;;;;;;;;;;;;;;;;;;;;;;;;;;;;;;;;;;;;;;;;;;;;;;;;;;;;;;;;;;;;;;;;;;;;;;;;;;Ja;PZ Waasland Noord;Neen;;;;;;;;;;;;;;;;;;;;;;;;;;;;;;;;;;;;;;;;;Ja;0,5;8;22;7;8;7;0;0;0;;niet gekend;niet gekend;niet gekend;niet gekend;;
Bierbeek;10274;;Bierbeek;non-respons;non-respons;non-respons;non-respons;non-respons;;non-respons;non-respons;non-respons;non-respons;non-respons;non-respons;non-respons;;non-respons;non-respons;non-respons;non-respons;non-respons;non-respons;non-respons;non-respons;non-respons;non-respons;non-respons;non-respons;non-respons;non-respons;non-respons;non-respons;non-respons;non-respons;non-respons;non-respons;non-respons;non-respons;non-respons;non-respons;non-respons;non-respons;non-respons;non-respons;non-respons;non-respons;non-respons;non-respons;non-respons;;non-respons;non-respons;non-respons;non-respons;non-respons;non-respons;non-respons;non-respons;non-respons;non-respons;;non-respons;non-respons;non-respons;non-respons;non-respons;non-respons;non-respons;non-respons;non-respons;non-respons;non-respons;non-respons;non-respons;non-respons;non-respons;non-respons;non-respons;non-respons;non-respons;non-respons;non-respons;non-respons;non-respons;non-respons;non-respons;non-respons;non-respons;non-respons;non-respons;non-respons;non-respons;non-respons;non-respons;non-respons;non-respons;non-respons;non-respons;non-respons;non-respons;non-respons;non-respons;non-respons;non-respons;non-respons;non-respons;non-respons;non-respons;non-respons;non-respons;non-respons;non-respons;non-respons;non-respons;non-respons;non-respons;non-respons;non-respons;non-respons;non-respons;non-respons;non-respons;non-respons;non-respons;non-respons;non-respons;non-respons;non-respons;non-respons;non-respons;non-respons;non-respons;non-respons;non-respons;non-respons;non-respons;non-respons;non-respons;non-respons;non-respons;non-respons;non-respons;non-respons;non-respons;non-respons;non-respons;non-respons;non-respons;non-respons;non-respons;non-respons;non-respons;non-respons;non-respons;non-respons;non-respons;non-respons;non-respons;non-respons;non-respons;non-respons;non-respons;non-respons;non-respons;non-respons;non-respons;non-respons;non-respons;non-respons;non-respons;non-respons;non-respons;non-respons;non-respons;non-respons;non-respons;non-respons;non-respons;non-respons;non-respons;non-respons;non-respons;non-respons;non-respons;non-respons;non-respons;non-respons;non-respons;non-respons;non-respons;non-respons;non-respons;non-respons;non-respons;non-respons;non-respons;non-respons;non-respons;non-respons;non-respons;non-respons;non-respons;non-respons;non-respons;non-respons;non-respons;non-respons;non-respons;non-respons;non-respons;non-respons;non-respons;non-respons;non-respons;non-respons;non-respons;non-respons;non-respons;non-respons;non-respons;non-respons;non-respons;
Bilzen;32454;;Bilzen;Ja;120;250;900;tussen 51 en 100;;0;;0;;0;;1;;0,2;0,2;180;10;5;5;5;5;5;5;130;10;55;10;40;5;0;0;40;4;0;8;5;1;4;3;10;5;;25;0;0;5;;0;;0;;0;;Ja;0;0;0;;0;0,1;0;0;5;10;0;5;5;0;0;2;;3;0;2;2;0;0;;0;;0;0;0;0;;;Neen;;;;;;;;;;;;;;;;;;;;;;;;;;;;;;;;;;;;;;;;;;;;;;;;;;;;;;;;;;;;;;;;;;;;;;;;;;Neen;;;;;;;;;;;;;;;;;;;;;;;;;;;;;;;;;;;;;;;;;;;;;;;;;;;;;;;;;;;
Blankenberge;20399;;Blankenberge;Ja;44;157;497;niet gekend;;0;;0;;0;;1;;0,05;0;10;0;0;2;0;4;3;0;0;1;16;0;8;0;0;8;11;0;0;4;0;4;3;0;0;0;;8;2;0;2;;1;1;0;;0;;Ja;5;0;0;;0;0,5;0;0;20;20;0;20;0;0;0;0;;10;10;niet gekend;13;niet gekend;niet gekend;niet gekend;niet gekend;niet gekend;0;0;niet gekend;niet gekend;;;Neen;;;;;;;;;;;;;;;;;;;;;;;;;;;;;;;;;;;;;;;;;;;;;;;;;;;;;;;;;;;;;;;;;;;;;;;;;;Neen;;;;;;;;;;;;;;;;;;;;;;;;;;;;;;;;;;;;;;;;;;;;;;;;;;;;;;;;;;;
Bocholt;13502;;Bocholt;Ja;47;163;252;niet gekend;;0;;0;;0;;0;;;;;;;;;;;;;;;;;;;;;;;;;;;;;;;;;;;;;;;;;;Neen;;;;;;;;;;;;;;;;;;;;;;;;;;;;;;;;;Neen;;;;;;;;;;;;;;;;;;;;;;;;;;;;;;;;;;;;;;;;;;;;;;;;;;;;;;;;;;;;;;;;;;;;;;;;;;Ja;PZ Carma;Ja;1;niet gekend. ;0,2;1;0;0;0;0;0;1;0;0;0;2;niet gekend;niet gekend;niet gekend;niet gekend;niet gekend;0;;;;;;;;;;;0;2;0;0;0;;0;;0;;Neen;;;;;;;;;;;;;;;;
Boechout;13732;;Boechout;Ja;20;80;200;niet gekend;;0;;0;;0;;1;;0,01;0,01;4;1;0;1;0;1;1;0;0;0;2;0;1;1;0;0;3;0;0;1;0;1;1;0;0;0;;0;1;0;0;;0;;0;;0;;Neen;;;;;;;;;;;;;;;;;;;;;;;;;;;;;;;;;Ja;IGEAN;Neen;;;;;;;;;;;;;;;;;;;;;;;;;;;;;;;;;;;;;;;;;Ja;1;1;0;;niet gekend;niet gekend;niet gekend;13;niet gekend;niet gekend;niet gekend;niet gekend;niet gekend;niet gekend;2;;0;3;0;1;1;0;;0;;1;0;0;0;;Ja;PZ Minos;Neen;;;;;;;;;;;;;;;;;;;;;;;;;;;;;;;;;;;;;;;;;Ja;0;4;2;2;0;0;0;0;0;;0;0;0;0;;
Bonheiden;15317;;Bonheiden;Ja;22;266;853;niet gekend;;0;;0;;0;;1;;0,1;0,1;15;1;1;3;1;3;2;0;1;3;0;0;0;0;0;0;8;2;0;3;0;0;2;0;1;0;;0;0;0;0;;0;;0;;0;;Ja;0;0;0;;0;0;0;0;0;0;0;0;0;0;0;0;;0;0;0;0;0;0;;0;;0;0;0;0;;;Ja;IGEMO;Ja;1;0,1;0;0;0;0;0;0;0;0;0;0;0;14;3;5;6;0;0;5;0;0;3;0;0;1;0;1;0;;0;8;0;1;0;;0;;0;;Ja;2;0;3;0;0,5;0;0;1;20;9;7;4;0;0;7;;0;16;0;9;0;0;;0;;0;0;0;0;;Ja;PZ Bodukap;Neen;;;;;;;;;;;;;;;;;;;;;;;;;;;;;;;;;;;;;;;;;Ja;0,1;5;5;0;3;2;0;0;0;;1;0;2;0;;
Boom;18807;;Boom;Ja;23;74;469;tussen 11 en 50;;1;1;0;;1;1;1;;0,05;0;12;0;1;0;1;1;3;0;4;2;14;2;3;2;3;4;8;0;1;0;1;0;3;0;3;0;;1;3;0;0;;3;3;0;;0;;Ja;1;0;1;;0,2;0,1;0;0,5;28;19;1;16;2;0;0;6;;27;1;6;6;3;0;;0;;0;0;0;0;;;Neen;;;;;;;;;;;;;;;;;;;;;;;;;;;;;;;;;;;;;;;;;;;;;;;;;;;;;;;;;;;;;;;;;;;;;;;;;;Ja;PZ Rupel;Neen;;;;;;;;;;;;;;;;;;;;;;;;;;;;;;;;;;;;;;;;;Neen;;;;;;;;;;;;;;;;
Boortmeerbeek;12945;;Boortmeerbeek;Ja;niet gekend;niet gekend;niet gekend;niet gekend;;0;;0;;0;;0;;;;;;;;;;;;;;;;;;;;;;;;;;;;;;;;;;;;;;;;;;Neen;;;;;;;;;;;;;;;;;;;;;;;;;;;;;;;;;Ja;Interleuven;Ja;2;0,1;0,1;14;0;2;5;3;0;0;0;4;0;30;0;8;2;14;6;24;0;0;18;2;0;1;0;3;0;;2;27;0;1;0;;0;;0;;Neen;;;;;;;;;;;;;;;;;;;;;;;;;;;;;;;Neen;;;;;;;;;;;;;;;;;;;;;;;;;;;;;;;;;;;;;;;;;;;;;;;;;;;;;;;;;;;
Borgloon;11268;;Borgloon;Ja;25;355;500;tussen 1 en 10;;0;;0;;0;;2;;0,05;0,1;6;0;1;2;0;1;1;0;1;0;6;0;5;1;0;0;1;0;0;0;0;0;0;0;1;0;;25;10;0;0;;0;;0;;0;;Ja;1;0;0;;0;0,05;0;0;2;1;0;1;0;0;0;1;;0;1;0;0;0;0;;0;;0;0;0;0;;;Neen;;;;;;;;;;;;;;;;;;;;;;;;;;;;;;;;;;;;;;;;;;;;;;;;;;;;;;;;;;;;;;;;;;;;;;;;;;Ja;PZ Borgloon;Ja;1;0;0,5;8;1;1;0;1;0;0;0;1;4;0;0;0;0;0;0;8;1;1;0;1;0;0;0;1;4;;8;0;0;8;0;;0;;0;;Neen;;;;;;;;;;;;;;;;
Bornem;21603;;Bornem;Ja;niet gekend;niet gekend;niet gekend;tussen 1 en 10;;2;0;0;;0;;1;;0,6;0;35;2;7;2;7;3;7;2;3;2;39;3;22;10;2;2;20;2;1;2;5;1;6;0;3;0;;9;21;0;5;;4;4;0;;0;;Neen;;;;;;;;;;;;;;;;;;;;;;;;;;;;;;;;;Ja;IGEMO;Ja;1;0;0;0;0;0;0;0;0;0;0;0;0;0;0;0;0;0;0;0;0;0;0;0;0;0;0;0;0;;0;0;0;0;0;;0;;0;;Ja;7;0;0;;0,05;0;0;4;5;1;4;0;0;0;6;;0;3;0;1;0;0;;0;;0;0;0;3;;Ja;PZ Klein Brabant;Ja;1;0,5;0,2;21;2;0;2;2;2;4;0;9;0;53;5;21;12;10;5;25;2;0;2;3;1;6;0;11;0;;0;25;0;6;0;;0;;0;;Ja;2;20;70;20;25;25;0;0;0;;25;0;5;2;;
Borsbeek;11225;;Borsbeek;Ja;1;15;40;tussen 1 en 10;;0;;0;;0;;0;;;;;;;;;;;;;;;;;;;;;;;;;;;;;;;;;;;;;;;;;;Neen;;;;;;;;;;;;;;;;;;;;;;;;;;;;;;;;;Ja;IGEAN;Ja;4;niet gekend;niet gekend;2;0;0;0;0;1;0;0;1;0;3;1;2;0;0;0;3;0;0;0;0;1;1;0;1;0;;0;2;0;0;0;;0;;0;;Ja;1;1;niet gekend;;niet gekend;niet gekend;niet gekend;32;niet gekend;niet gekend;niet gekend;niet gekend;niet gekend;niet gekend;niet gekend;;0;13;0;4;1;0;;0;;0;0;0;0;;Neen;;;;;;;;;;;;;;;;;;;;;;;;;;;;;;;;;;;;;;;;;;;;;;;;;;;;;;;;;;;
Boutersem;8381;;Boutersem;Ja;26;69;536;tussen 1 en 10;;0;;0;;1;1;1;;0,1;0;18;1;10;1;0;3;0;1;1;1;7;1;5;0;0;1;3;0;0;0;0;1;0;1;1;0;;0;0;0;0;;0;;0;;0;;Neen;;;;;;;;;;;;;;;;;;;;;;;;;;;;;;;;;Ja;Interleuven;Ja;3;0,1;0,1;5;0;0;1;0;1;0;0;3;0;9;0;4;3;1;1;6;0;0;2;0;1;0;0;3;0;;1;8;0;1;0;;0;;0;;Neen;;;;;;;;;;;;;;;;;;;;;;;;;;;;;;;Ja;PZ Lubbeek;Ja;1;niet gekend;niet gekend;niet gekend;niet gekend;niet gekend;niet gekend;niet gekend;niet gekend;niet gekend;niet gekend;niet gekend;niet gekend;niet gekend;niet gekend;niet gekend;niet gekend;niet gekend;niet gekend;niet gekend;niet gekend;niet gekend;niet gekend;niet gekend;niet gekend;niet gekend;niet gekend;niet gekend;niet gekend;niet gekend;niet gekend;2;niet gekend;niet gekend;3;niet gekend;0;;niet gekend;niet gekend;Neen;;;;;;;;;;;;;;;De ingevoerde gegevens over de politiezone zijn  enkel diegene waar de gemeente een afschrift van ontving. In praktijk zullen dat er veel meer zijn.;
Brakel;14851;;Brakel;Ja;30;181;354;niet gekend;;0;;0;;0;;1;;0;0;niet gekend;niet gekend;niet gekend;niet gekend;niet gekend;niet gekend;niet gekend;niet gekend;niet gekend;niet gekend;0;0;0;0;0;0;0;0;0;0;0;0;0;0;0;0;;0;0;0;0;;0;;0;;0;;Ja;2;0;1;;0,2;0,5;0;0,2;30;14;10;2;2;0;0;0;;0;14;0;3;0;0;;0;;0;1;0;0;;;Neen;;;;;;;;;;;;;;;;;;;;;;;;;;;;;;;;;;;;;;;;;;;;;;;;;;;;;;;;;;;;;;;;;;;;;;;;;;Ja;PZ BRAKEL;Ja;0;0;0;44;0;6;0;0;8;0;0;30;0;2;0;2;0;0;0;0;0;0;0;0;0;0;0;0;0;;0;0;0;44;0;;0;;0;;Ja;0;2;2;0;0;0;0;2;0;;0;0;2;1;;
Brasschaat;38238;;Brasschaat;Ja;40;70;1000;tussen 51 en 100;;1;1;0;;0;;1;;0,2;0,1;8;0;0;1;0;2;1;0;2;2;11;3;4;4;0;0;5;0;0;1;0;0;1;0;1;2;;0;0;0;2;;0;;0;;0;;Ja;4;2;0;;0;0,8;0,1;0,1;70;23;5;8;10;0;0;8;;0;4;0;4;4;0;;0;;0;0;0;0;;;Neen;;;;;;;;;;;;;;;;;;;;;;;;;;;;;;;;;;;;;;;;;;;;;;;;;;;;;;;;;;;;;;;;;;;;;;;;;;Neen;;;;;;;;;;;;;;;;;;;;;;;;;;;;;;;;;;;;;;;;;;;;;;;;;;;;;;;;;;;
Brecht;30130;;Brecht;Ja;niet gekend;niet gekend;niet gekend;niet gekend;;0;;0;;0;;2;;niet gekend;0,2;niet gekend;niet gekend;niet gekend;niet gekend;niet gekend;niet gekend;niet gekend;niet gekend;niet gekend;niet gekend;5;niet gekend;niet gekend;niet gekend;0;0;niet gekend;niet gekend;niet gekend;niet gekend;niet gekend;niet gekend;niet gekend;niet gekend;niet gekend;niet gekend;;niet gekend;niet gekend;niet gekend;niet gekend;;0;;0;;0;;Neen;;;;;;;;;;;;;;;;;;;;;;;;;;;;;;;;;Neen;;;;;;;;;;;;;;;;;;;;;;;;;;;;;;;;;;;;;;;;;;;;;;;;;;;;;;;;;;;;;;;;;;;;;;;;;;Ja;PZ Voorkempen;Ja;2;1,5;0;995;497;11;6;2;399;0;1;79;0;66;5;44;11;6;0;11;5;0;1;2;1;1;0;1;0;;niet gekend;3;0;2;0;;0;;0;;Ja;1,5;53;48;7;28;12;1;0;14;;8;0;7;2;Deze data zijn onvolledig. ;
Bredene;18156;;Bredene;Ja;6;34;269;niet gekend;;0;;0;;0;;0;;;;;;;;;;;;;;;;;;;;;;;;;;;;;;;;;;;;;;;;;;Ja;1;1;0;;0;0,5;0,1;0;25;60;10;25;25;0;0;22;;22;20;0;3;0;0;;0;;0;0;0;0;;;Neen;;;;;;;;;;;;;;;;;;;;;;;;;;;;;;;;;;;;;;;;;;;;;;;;;;;;;;;;;;;;;;;;;;;;;;;;;;Neen;;;;;;;;;;;;;;;;;;;;;;;;;;;;;;;;;;;;;;;;;;;;;;;;;;;;;;;;;;;
Bree;16311;;Bree;Ja;120;300;500;niet gekend;;1;1;0;;0;;1;;0,1;0,1;10;0;1;2;0;4;0;0;3;0;1;0;1;0;0;0;0;0;0;0;0;0;0;0;0;0;;0;0;0;0;;0;;0;;0;;Neen;;;;;;;;;;;;;;;;;;;;;;;;;;;;;;;;;Neen;;;;;;;;;;;;;;;;;;;;;;;;;;;;;;;;;;;;;;;;;;;;;;;;;;;;;;;;;;;;;;;;;;;;;;;;;;Neen;;;;;;;;;;;;;;;;;;;;;;;;;;;;;;;;;;;;;;;;;;;;;;;;;;;;;;;;;;;
Brugge;118478;;Brugge;Ja;277;503;5368;niet gekend;;0;;0;;0;;6;;2;1;130;18;20;13;1;73;0;0;2;3;110;1;58;12;35;4;36;1;9;10;2;9;4;0;0;1;;2;133;0;27;;0;;0;;0;;Ja;5;1;0;;0;5;0,5;1;233;965;95;279;287;304;niet gekend;579;;19;120;0;28;4;0;;0;;0;1;5;0;;;Neen;;;;;;;;;;;;;;;;;;;;;;;;;;;;;;;;;;;;;;;;;;;;;;;;;;;;;;;;;;;;;;;;;;;;;;;;;;Neen;;;;;;;;;;;;;;;;;;;;;;;;;;;;;;;;;;;;;;;;;;;;;;;;;;;;;;;;;;;
Buggenhout;14737;;Buggenhout;Ja;9;niet gekend;niet gekend;niet gekend;;0;;0;;0;;1;;0,1;0;45;0;0;3;3;6;3;1;26;3;20;niet gekend;15;5;0;0;11;0;0;1;3;3;2;0;1;1;;0;4;0;1;;0;;0;;0;;Ja;1;1;0;;0;0,1;0,2;0,2;21;27;niet gekend;21;6;0;0;8;;0;6;0;2;0;0;;0;;0;0;2;0;;;Neen;;;;;;;;;;;;;;;;;;;;;;;;;;;;;;;;;;;;;;;;;;;;;;;;;;;;;;;;;;;;;;;;;;;;;;;;;;Neen;;;;;;;;;;;;;;;;;;;;;;;;;;;;;;;;;;;;;;;;;;;;;;;;;;;;;;;;;;;
Damme;11029;;Damme;Ja;30;250;500;niet gekend;;0;;0;;0;;2;;0,05;0;18;0;3;4;3;3;0;0;4;1;14;0;4;0;10;0;1;0;0;0;0;0;0;0;1;0;;1;0;0;0;;0;;0;;0;;Neen;;;;;;;;;;;;;;;;;;;;;;;;;;;;;;;;;Neen;;;;;;;;;;;;;;;;;;;;;;;;;;;;;;;;;;;;;;;;;;;;;;;;;;;;;;;;;;;;;;;;;;;;;;;;;;Ja;PZ Damme/Knokke-Heist;Ja;1;0,1;0,1;7;0;1;0;1;1;4;0;0;0;7;0;niet gekend;0;0;0;5;0;0;0;1;0;4;0;0;0;;3;0;0;4;0;;0;;2;2;Ja;0,1;4;4;0;4;0;0;0;4;;0;0;4;0;;
De Haan;12736;;De Haan;Ja;niet gekend;niet gekend;niet gekend;tussen 1 en 10;;0;;0;;0;;2;;0;0;9;0;2;0;1;2;1;0;3;0;0;0;0;0;0;0;0;0;0;0;0;0;0;0;0;0;;0;0;0;0;;0;;0;;0;;Neen;;;;;;;;;;;;;;;;;;;;;;;;;;;;;;;;;Ja;WVI;Ja;1;0,05;0;5;0;1;0;0;3;1;0;0;0;4;0;3;1;0;0;1;0;0;0;0;0;1;0;0;0;;0;1;1;0;0;;0;;0;;Ja;0;1;0;0;0,15;0;0;38;31;0;19;12;0;0;16;;3;10;0;1;0;0;;0;;0;0;0;0;;Neen;;;;;;;;;;;;;;;;;;;;;;;;;;;;;;;;;;;;;;;;;;;Neen;;;;;;;;;;;;;;;/;
De Panne;11112;;De Panne;non-respons;non-respons;non-respons;non-respons;non-respons;;non-respons;non-respons;non-respons;non-respons;non-respons;non-respons;non-respons;;non-respons;non-respons;non-respons;non-respons;non-respons;non-respons;non-respons;non-respons;non-respons;non-respons;non-respons;non-respons;non-respons;non-respons;non-respons;non-respons;non-respons;non-respons;non-respons;non-respons;non-respons;non-respons;non-respons;non-respons;non-respons;non-respons;non-respons;non-respons;non-respons;non-respons;non-respons;non-respons;non-respons;;non-respons;non-respons;non-respons;non-respons;non-respons;non-respons;non-respons;non-respons;non-respons;non-respons;;non-respons;non-respons;non-respons;non-respons;non-respons;non-respons;non-respons;non-respons;non-respons;non-respons;non-respons;non-respons;non-respons;non-respons;non-respons;non-respons;non-respons;non-respons;non-respons;non-respons;non-respons;non-respons;non-respons;non-respons;non-respons;non-respons;non-respons;non-respons;non-respons;non-respons;non-respons;non-respons;non-respons;non-respons;non-respons;non-respons;non-respons;non-respons;non-respons;non-respons;non-respons;non-respons;non-respons;non-respons;non-respons;non-respons;non-respons;non-respons;non-respons;non-respons;non-respons;non-respons;non-respons;non-respons;non-respons;non-respons;non-respons;non-respons;non-respons;non-respons;non-respons;non-respons;non-respons;non-respons;non-respons;non-respons;non-respons;non-respons;non-respons;non-respons;non-respons;non-respons;non-respons;non-respons;non-respons;non-respons;non-respons;non-respons;non-respons;non-respons;non-respons;non-respons;non-respons;non-respons;non-respons;non-respons;non-respons;non-respons;non-respons;non-respons;non-respons;non-respons;non-respons;non-respons;non-respons;non-respons;non-respons;non-respons;non-respons;non-respons;non-respons;non-respons;non-respons;non-respons;non-respons;non-respons;non-respons;non-respons;non-respons;non-respons;non-respons;non-respons;non-respons;non-respons;non-respons;non-respons;non-respons;non-respons;non-respons;non-respons;non-respons;non-respons;non-respons;non-respons;non-respons;non-respons;non-respons;non-respons;non-respons;non-respons;non-respons;non-respons;non-respons;non-respons;non-respons;non-respons;non-respons;non-respons;non-respons;non-respons;non-respons;non-respons;non-respons;non-respons;non-respons;non-respons;non-respons;non-respons;non-respons;non-respons;non-respons;non-respons;non-respons;non-respons;non-respons;non-respons;non-respons;non-respons;non-respons;non-respons;non-respons;
De Pinte;11044;;De Pinte;Ja;30;80;650;niet gekend;;0;;0;;0;;1;;0,01;0;40;0;10;5;0;10;0;0;15;0;13;2;10;1;0;0;0;0;0;0;0;0;0;0;0;0;;0;1;0;0;;0;;0;;0;;Neen;;;;;;;;;;;;;;;;;;;;;;;;;;;;;;;Getallen zijn inschattingen, met foutenmarges tot 50% of enkele eenheden;;Ja;VENECO;Neen;;;;;;;;;;;;;;;;;;;;;;;;;;;;;;;;;;;;;;;;;Ja;0;0;2;0,01;0,05;0;0;0;7;0;7;0;0;0;6;;1;6;0;1;0;0;;0;;0;0;0;0;Getallen zijn inschattingen, met foutenmarges tot 50% of enkele eenheden;Ja;PZ Schelde-Leiei;Neen;;;;;;;;;;;;;;;;;;;;;;;;;;;;;;;;;;;;;;;;;Neen;;;;;;;;;;;;;;;;
Deerlijk;12343;;Deerlijk;Ja;106;222;519;niet gekend;;0;;0;;0;;1;;0,05;0;9;0;2;0;0;4;1;0;2;0;11;1;8;2;0;0;3;0;0;0;0;0;1;0;2;0;;2;0;0;0;;0;;0;;0;;Neen;;;;;;;;;;;;;;;;;;;;;;;;;;;;;;;;;Ja;Intercommunale Leiedal;Ja;1;0,02;0,01;0;0;0;0;0;0;0;0;0;0;1;0;1;0;0;0;1;1;0;0;0;0;0;0;0;0;;1;0;0;0;0;;0;;0;;Neen;;;;;;;;;;;;;;;;;;;;;;;;;;;;;;;Ja;PZ Gavers;Neen;;;;;;;;;;;;;;;;;;;;;;;;;;;;;;;;;;;;;;;;;Neen;;;;;;;;;;;;;;;;
Deinze;44316;;Deinze;Neen;0;0;0;niet gekend;;0;;0;;0;;0;;;;;;;;;;;;;;;;;;;;;;;;;;;;;;;;;;;;;;;;;;Ja;0;0;0;;0;0;0;0,1;30;75;10;30;20;10;5;30;;0;5;5;25;10;0;;0;;0;3;0;0;;;Ja;VENECO;Ja;1;0;0;0;0;0;0;0;0;0;0;0;0;0;0;0;0;0;0;0;0;0;0;0;0;0;0;0;0;;0;0;0;0;0;;0;;0;;Ja;0;0;2;0;0,1;0;0;0;10;0;9;1;0;0;9;;0;5;0;4;1;0;;0;;0;0;0;0;Getallen zijn inscl.;Ja;PZ Deinze-Zulte-Lievegem;Neen;;;;;;;;;;;;;;;;;;;;;;;;;;;;;;;;;;;;;;;;;Neen;;;;;;;;;;;;;;;;
Denderleeuw;20769;;Denderleeuw;Ja;3;55;50;niet gekend;;0;;0;;0;;1;;0,001;0,01;17;0;1;3;2;0;5;1;5;0;1;0;1;0;0;0;1;0;0;0;1;0;0;0;0;0;;0;0;0;0;;0;;0;;0;;Neen;;;;;;;;;;;;;;;;;;;;;;;;;;;;;;;;;Ja;SOLVA;Ja;1;0,05;0,05;15;0;0;3;1;0;5;1;5;0;8;2;6;0;0;0;7;0;0;1;1;0;1;1;3;0;;1;4;0;1;0;;0;;0;;Ja;0;0;2;0,25;0,25;0,25;0;40;37;10;18;9;0;0;18;;0;11;0;niet gekend;1;0;;0;;0;1;0;0;;Ja;PZ Denderleeuw/Haaltert;Neen;;;;;;;;;;;;;;;;;;;;;;;;;;;;;;;;;;;;;;;;;Ja;niet gekend;niet gekend;1;0;1;0;0;0;1;;0;0;1;0;;
Dendermonde;46311;;Dendermonde;Ja;53;167;102;tussen 11 en 50;;0;;0;;1;1;2;;0,5;0,1;1062;0;59;5;9;37;3;1;874;74;54;2;51;1;0;0;59;4;3;5;2;5;13;1;26;niet gekend;;3;15;0;2;;0;;0;;1;1;Ja;1;0;0;;0;1;0;0,1;55;64;3;44;0;17;0;13;;0;50;3;24;3;0;;0;;1;2;0;2;;;Neen;;;;;;;;;;;;;;;;;;;;;;;;;;;;;;;;;;;;;;;;;;;;;;;;;;;;;;;;;;;;;;;;;;;;;;;;;;Ja;PZ Dendermonde;Neen;;;;;;;;;;;;;;;;;;;;;;;;;;;;;;;;;;;;;;;;;Ja;niet gekend;niet gekend;6;niet gekend;niet gekend;niet gekend;niet gekend;niet gekend;niet gekend;;niet gekend;niet gekend;niet gekend;niet gekend;;
Dentergem;8705;;Dentergem;Ja;45;75;326;tussen 1 en 10;;0;;0;;0;;0;;;;;;;;;;;;;;;;;;;;;;;;;;;;;;;;;;;;;;;;;;Ja;0;0;0;;0;0;0;0;26;11;0;11;0;0;0;0;;11;6;0;0;5;0;;0;;0;0;0;0;;;Neen;;;;;;;;;;;;;;;;;;;;;;;;;;;;;;;;;;;;;;;;;;;;;;;;;;;;;;;;;;;;;;;;;;;;;;;;;;Ja;PZ MIDOW ;Ja;1;niet gekend;niet gekend;niet gekend;niet gekend;niet gekend;niet gekend;niet gekend;niet gekend;niet gekend;niet gekend;niet gekend;niet gekend;niet gekend;niet gekend;niet gekend;niet gekend;niet gekend;niet gekend;niet gekend;niet gekend;niet gekend;niet gekend;niet gekend;niet gekend;niet gekend;niet gekend;niet gekend;niet gekend;;niet gekend;niet gekend;niet gekend;niet gekend;niet gekend;niet gekend;niet gekend;niet gekend;niet gekend;niet gekend;Ja;niet gekend;niet gekend;niet gekend;niet gekend;niet gekend;niet gekend;niet gekend;niet gekend;niet gekend;;niet gekend;niet gekend;niet gekend;niet gekend;Na navraag bij de politie MIDOW worden de gevraagde gegevens niet concreet geregistreerd en kunnen ze ook niet eenvoudig uitgefilterd worden uit het systeem. ;
Dessel;9684;;Dessel;Ja;niet gekend;niet gekend;niet gekend;niet gekend;;0;;0;;0;;1;;0;0;niet gekend;niet gekend;niet gekend;niet gekend;niet gekend;niet gekend;niet gekend;niet gekend;niet gekend;niet gekend;0;0;0;0;0;0;0;0;0;0;0;0;0;0;0;0;;0;0;0;0;;0;;0;;0;;Neen;;;;;;;;;;;;;;;;;;;;;;;;;;;;;;;;;Ja;IOK;Ja;3;niet gekend;niet gekend;0;0;0;0;0;0;0;0;0;0;8;1;2;5;0;0;2;0;0;0;0;1;1;0;0;0;;0;1;0;1;0;;0;;0;;Ja;3;2;0;0;niet gekend;niet gekend;niet gekend;0;0;0;0;0;0;0;0;;0;0;0;0;0;0;;0;;0;0;0;0;;Neen;;;;;;;;;;;;;;;;;;;;;;;;;;;;;;;;;;;;;;;;;;;;;;;;;;;;;;;;;;;
Destelbergen;18839;;Destelbergen;Ja;21;170;420;niet gekend;;0;;0;;0;;2;;0,1;0,1;19;1;3;3;1;10;0;0;1;0;21;1;8;8;2;2;3;1;0;0;1;0;0;0;1;0;;4;1;0;0;;0;;0;;0;;Neen;;;;;;;;;;;;;;;;;;;;;;;;;;;;;;;;;Ja;VENECO;Ja;1;0;0;0;0;0;0;0;0;0;0;0;0;0;0;0;0;0;0;0;0;0;0;0;0;0;0;0;0;;0;0;0;0;0;;0;;0;;Ja;0;0;2;0,07;0,2;0;0,03;0;49;13;34;2;0;0;30;;2;20;0;15;3;0;;0;;0;1;0;0;;Ja;PZ Regio Rhode en Schelde;Ja;0;0,01;0;3;0;0;0;1;0;2;0;0;0;5;0;3;2;0;0;3;0;0;0;1;0;2;0;0;0;;0;0;0;3;0;;0;;0;;Ja;0,005;1;4;0;2;2;0;0;0;;0;0;2;2;;
Diepenbeek;19230;;Diepenbeek;Ja;20;110;700;niet gekend;;0;;0;;0;;1;;0,1;0,1;15;3;1;1;0;0;1;0;9;0;5;3;2;0;0;0;5;0;0;1;0;0;0;0;4;0;;0;5;0;1;;0;;0;;0;;Ja;2;0;0;;0;0,1;0;0;10;8;1;7;0;0;0;6;;0;6;4;4;0;0;;0;;0;1;0;0;;;Neen;;;;;;;;;;;;;;;;;;;;;;;;;;;;;;;;;;;;;;;;;;;;;;;;;;;;;;;;;;;;;;;;;;;;;;;;;;Neen;;;;;;;;;;;;;;;;;;;;;;;;;;;;;;;;;;;;;;;;;;;;;;;;;;;;;;;;;;;
Diest;24494;;Diest;Ja;135;520;1315;niet gekend;;1;0;0;;1;0;0;;;;;;;;;;;;;;;;;;;;;;;;;;;;;;;;;;;;;;;;;;Neen;;;;;;;;;;;;;;;;;;;;;;;;;;;;;;;;;Ja;InterLeuven;Neen;;;;;;;;;;;;;;;;;;;;;;;;;;;;;;;;;;;;;;;;;Neen;;;;;;;;;;;;;;;;;;;;;;;;;;;;;;;Ja;PZ Demerdal;Neen;;;;;;;;;;;;;;;;;;;;;;;;;;;;;;;;;;;;;;;;;Ja;0;0;3;0;2;1;0;0;0;;0;4;4;1;;
Diksmuide;16920;;Diksmuide;Ja;niet gekend;niet gekend;niet gekend;tussen 11 en 50;;0;;0;;0;;1;;0,1;0;35;0;26;3;3;0;0;1;2;0;25;3;17;5;0;0;17;0;8;3;3;0;0;1;2;0;;3;3;2;1;;1;1;0;;0;;Neen;;;;;;;;;;;;;;;;;;;;;;;;;;;;;;;;;Ja;WVI;Ja;1;0,05;0;5;0;1;1;2;1;0;0;0;0;7;0;5;2;0;0;4;;1;1;2;0;0;0;0;0;;0;2;0;0;1;0;1;0;0;;Ja;0;0;1;0,25;0;0;0;68;38;0;26;12;0;0;20;;3;10;0;6;3;0;;0;;0;0;0;0;;Neen;;;;;;;;;;;;;;;;;;;;;;;;;;;;;;;;;;;;;;;;;;;;;;;;;;;;;;;;;;;
Dilbeek;44075;;Dilbeek;Ja;niet gekend;niet gekend;niet gekend;tussen 51 en 100;;0;;0;;0;;2;;0,1;0;niet gekend;niet gekend;niet gekend;niet gekend;niet gekend;niet gekend;niet gekend;niet gekend;niet gekend;niet gekend;10;1;9;0;0;0;10;0;0;0;5;0;0;0;2;3;;8;2;0;0;;0;;0;;0;;Ja;0;0;3;;0,5;0;0;0;niet gekend;35;niet gekend;35;niet gekend;0;0;35;;0;19;0;16;7;0;;0;;0;0;0;0;;;Ja;Haviland;Ja;2;niet gekend;0;2;0;0;0;0;0;1;0;1;0;2;0;2;0;0;0;2;0;0;0;0;0;1;0;1;0;;0;2;0;0;0;;0;;0;;Neen;;;;;;;;;;;;;;;;;;;;;;;;;;;;;;;Neen;;;;;;;;;;;;;;;;;;;;;;;;;;;;;;;;;;;;;;;;;;;;;;;;;;;;;;;;;;;
Dilsen-Stokkem;20978;;Dilsen-Stokkem;Ja;54;120;525;niet gekend;;0;;0;;0;;1;;0,5;0;198;99;87;3;4;2;0;0;2;1;92;46;10;7;29;0;23;0;7;1;0;1;11;2;0;1;;10;17;0;5;;0;;0;;0;;Ja;0;0;1;;0,1;0;0;0;16;18;2;14;0;0;2;14;;13;2;0;0;0;0;;0;;0;0;0;0;;;Neen;;;;;;;;;;;;;;;;;;;;;;;;;;;;;;;;;;;;;;;;;;;;;;;;;;;;;;;;;;;;;;;;;;;;;;;;;;Ja;PZ Maasland;Neen;;;;;;;;;;;;;;;;;;;;;;;;;;;;;;;;;;;;;;;;;Neen;;;;;;;;;;;;;;;;
Drogenbos;5756;;Drogenbos;Ja;9;31;47;niet gekend;;0;;0;;0;;0;;;;;;;;;;;;;;;;;;;;;;;;;;;;;;;;;;;;;;;;;;Ja;1;0;0;;0;0,05;0;0,05;1;1;0;1;0;0;0;0;;2;2;0;0;0;0;;0;;0;0;0;0;;;Neen;;;;;;;;;;;;;;;;;;;;;;;;;;;;;;;;;;;;;;;;;;;;;;;;;;;;;;;;;;;;;;;;;;;;;;;;;;Neen;;;;;;;;;;;;;;;;;;;;;;;;;;;;;;;;;;;;;;;;;;;;;;;;;;;;;;;;;;;
Duffel;17752;;Duffel;Ja;0;0;0;niet gekend;;0;;0;;0;;2;;0,1;0,1;14;0;1;0;3;4;0;0;2;4;10;0;10;0;0;0;4;0;0;0;2;0;0;0;2;0;;11;2;0;0;;0;;0;;0;;Ja;0;0;2;;0,2;0;0;0;24;14;niet gekend;niet gekend;niet gekend;niet gekend;niet gekend;8;;3;8;0;0;0;0;;0;;0;0;0;0;De klachten betreffende ruimtelijke ordening komen allemaal binnen bij de gemeente maar worden grotendeels doorgegeven aan Igemo ter opvolging.;;Ja;IGEMO;Ja;1;0,2;0;4;0;0;0;0;0;0;0;2;2;7;niet gekend;niet gekend;niet gekend;niet gekend;niet gekend;6;0;0;0;0;0;0;0;5;1;;1;5;0;0;0;;0;;0;;Ja;5;0;2;0,1;0,7;0;0;24;34;niet gekend;niet gekend;niet gekend;niet gekend;niet gekend;30;;0;25;7;7;2;0;;2;2;0;0;0;0;;Ja;PZ Bodukap;Neen;;;;;;;;;;;;;;;;;;;;;;;;;;;;;;;;;;;;;;;;;Ja;0;0;0;0;0;0;0;0;0;0;0;0;0;0;;
Edegem;22377;;Edegem;Neen;18;11;31;tussen 1 en 10;;0;;0;;1;1;0;;;;;;;;;;;;;;;;;;;;;;;;;;;;;;;;;;;;;;;;;;Ja;0;0;0;;;;;1;15;45;15;15;15;0;0;20;;0;1;1;1;1;0;;0;;0;0;0;0;;;Neen;;;;;;;;;;;;;;;;;;;;;;;;;;;;;;;;;;;;;;;;;;;;;;;;;;;;;;;;;;;;;;;;;;;;;;;;;;Ja;PZ HEKLA;Neen;;;;;;;;;;;;;;;;;;;;;;;;;;;;;;;;;;;;;;;;;Neen;;;;;;;;;;;;;;;;
Eeklo;21750;;Eeklo;non-respons;non-respons;non-respons;non-respons;non-respons;;non-respons;non-respons;non-respons;non-respons;non-respons;non-respons;non-respons;;non-respons;non-respons;non-respons;non-respons;non-respons;non-respons;non-respons;non-respons;non-respons;non-respons;non-respons;non-respons;non-respons;non-respons;non-respons;non-respons;non-respons;non-respons;non-respons;non-respons;non-respons;non-respons;non-respons;non-respons;non-respons;non-respons;non-respons;non-respons;non-respons;non-respons;non-respons;non-respons;non-respons;;non-respons;non-respons;non-respons;non-respons;non-respons;non-respons;non-respons;non-respons;non-respons;non-respons;;non-respons;non-respons;non-respons;non-respons;non-respons;non-respons;non-respons;non-respons;non-respons;non-respons;non-respons;non-respons;non-respons;non-respons;non-respons;non-respons;non-respons;non-respons;non-respons;non-respons;non-respons;non-respons;non-respons;non-respons;non-respons;non-respons;non-respons;non-respons;non-respons;non-respons;non-respons;non-respons;non-respons;non-respons;non-respons;non-respons;non-respons;non-respons;non-respons;non-respons;non-respons;non-respons;non-respons;non-respons;non-respons;non-respons;non-respons;non-respons;non-respons;non-respons;non-respons;non-respons;non-respons;non-respons;non-respons;non-respons;non-respons;non-respons;non-respons;non-respons;non-respons;non-respons;non-respons;non-respons;non-respons;non-respons;non-respons;non-respons;non-respons;non-respons;non-respons;non-respons;non-respons;non-respons;non-respons;non-respons;non-respons;non-respons;non-respons;non-respons;non-respons;non-respons;non-respons;non-respons;non-respons;non-respons;non-respons;non-respons;non-respons;non-respons;non-respons;non-respons;non-respons;non-respons;non-respons;non-respons;non-respons;non-respons;non-respons;non-respons;non-respons;non-respons;non-respons;non-respons;non-respons;non-respons;non-respons;non-respons;non-respons;non-respons;non-respons;non-respons;non-respons;non-respons;non-respons;non-respons;non-respons;non-respons;non-respons;non-respons;non-respons;non-respons;non-respons;non-respons;non-respons;non-respons;non-respons;non-respons;non-respons;non-respons;non-respons;non-respons;non-respons;non-respons;non-respons;non-respons;non-respons;non-respons;non-respons;non-respons;non-respons;non-respons;non-respons;non-respons;non-respons;non-respons;non-respons;non-respons;non-respons;non-respons;non-respons;non-respons;non-respons;non-respons;non-respons;non-respons;non-respons;non-respons;non-respons;non-respons;non-respons;
Erpe-Mere;20611;;Erpe-Mere;Ja;25;112;721;niet gekend;;0;;0;;0;;1;;0,05;0,1;337;150;4;5;1;4;23;3;122;25;niet gekend;niet gekend;niet gekend;niet gekend;niet gekend;niet gekend;niet gekend;niet gekend;niet gekend;niet gekend;niet gekend;niet gekend;niet gekend;niet gekend;niet gekend;niet gekend;;niet gekend;niet gekend;niet gekend;niet gekend;;niet gekend;niet gekend;niet gekend;niet gekend;niet gekend;niet gekend;Ja;0;0;0;;0;0;0;0,2;47;16;niet gekend;niet gekend;niet gekend;niet gekend;niet gekend;niet gekend;;niet gekend;niet gekend;niet gekend;niet gekend;niet gekend;niet gekend;niet gekend;niet gekend;niet gekend;niet gekend;niet gekend;niet gekend;niet gekend;;;Ja;SOLVA;Ja;1;0,05;0,01;13;0;0;1;1;0;3;0;7;1;20;3;11;1;2;3;11;0;0;1;1;0;3;0;5;1;;3;8;0;0;0;;0;;0;;Ja;0;0;1;0,1;0;0;0,02;8;23;6;8;2;3;4;19;;3;7;0;1;0;0;;0;;0;0;0;0;;Ja;PZ Erpe-Mere/Lede;Neen;;;;;;;;;;;;;;;;;;;;;;;;;;;;;;;;;;;;;;;;;Ja;niet gekend;niet gekend;niet gekend;niet gekend;niet gekend;niet gekend;niet gekend;niet gekend;niet gekend;;niet gekend;niet gekend;2;niet gekend;"Er worden in de PZ geen cijfergegevens bijgehouden van het aantal VTE's die besteed zijn aan milieu of stedenbouw. 
Wij beschikken ook over geen cijfers met betrekking tot raadgevingen, juridisch advies of aanmaningen.
";
Essen;19325;;Essen;Ja;niet gekend;niet gekend;niet gekend;niet gekend;;0;;0;;0;;3;;0,2;0,2;20;8;2;2;2;4;0;2;0;0;0;0;0;0;0;0;0;0;0;0;0;0;0;0;0;0;;0;0;0;0;;0;;0;;0;;Ja;0;1;0;;0;0;0,2;0;15;15;6;4;2;2;1;6;;0;0;0;6;4;0;;0;;1;1;1;0;;;Ja;IGEAN;Ja;4;niet gekend;niet gekend;9;0;0;1;0;0;5;0;3;0;9;1;8;0;0;0;7;0;0;1;0;0;4;0;2;0;;0;7;0;1;0;;0;;0;;Ja;1;1;0;;;;0,2;13;niet gekend;niet gekend;niet gekend;niet gekend;niet gekend;niet gekend;niet gekend;;0;0;0;4;3;0;;0;;0;0;0;0;;Ja;PZ Grens ;Neen;;;;;;;;;;;;;;;;;;;;;;;;;;;;;;;;;;;;;;;;;Neen;;;;;;;;;;;;;;;;
Evergem;36060;;Evergem;Neen;77;140;3173;niet gekend;;0;;0;;0;;1;;niet gekend;niet gekend;niet gekend;niet gekend;niet gekend;niet gekend;1;1;1;niet gekend;niet gekend;niet gekend;2;niet gekend;niet gekend;niet gekend;0;0;1;niet gekend;niet gekend;1;niet gekend;niet gekend;1;niet gekend;niet gekend;niet gekend;;0;0;0;0;;0;;0;;0;;Neen;;;;;;;;;;;;;;;;;;;;;;;;;;;;;;;;;Ja;VENECO;Neen;;;;;;;;;;;;;;;;;;;;;;;;;;;;;;;;;;;;;;;;;Neen;;;;;;;;;;;;;;;;;;;;;;;;;;;;;;;Ja;PZ Assenede-Evergem;Neen;;;;;;;;;;;;;;;;;;;;;;;;;;;;;;;;;;;;;;;;;Ja;niet gekend;niet gekend;niet gekend;niet gekend;niet gekend;niet gekend;niet gekend;niet gekend;niet gekend;niet gekend;niet gekend;niet gekend;niet gekend;niet gekend;;
Galmaarden;8808;;Galmaarden;non-respons;non-respons;non-respons;non-respons;non-respons;;non-respons;non-respons;non-respons;non-respons;non-respons;non-respons;non-respons;;non-respons;non-respons;non-respons;non-respons;non-respons;non-respons;non-respons;non-respons;non-respons;non-respons;non-respons;non-respons;non-respons;non-respons;non-respons;non-respons;non-respons;non-respons;non-respons;non-respons;non-respons;non-respons;non-respons;non-respons;non-respons;non-respons;non-respons;non-respons;non-respons;non-respons;non-respons;non-respons;non-respons;;non-respons;non-respons;non-respons;non-respons;non-respons;non-respons;non-respons;non-respons;non-respons;non-respons;;non-respons;non-respons;non-respons;non-respons;non-respons;non-respons;non-respons;non-respons;non-respons;non-respons;non-respons;non-respons;non-respons;non-respons;non-respons;non-respons;non-respons;non-respons;non-respons;non-respons;non-respons;non-respons;non-respons;non-respons;non-respons;non-respons;non-respons;non-respons;non-respons;non-respons;non-respons;non-respons;non-respons;non-respons;non-respons;non-respons;non-respons;non-respons;non-respons;non-respons;non-respons;non-respons;non-respons;non-respons;non-respons;non-respons;non-respons;non-respons;non-respons;non-respons;non-respons;non-respons;non-respons;non-respons;non-respons;non-respons;non-respons;non-respons;non-respons;non-respons;non-respons;non-respons;non-respons;non-respons;non-respons;non-respons;non-respons;non-respons;non-respons;non-respons;non-respons;non-respons;non-respons;non-respons;non-respons;non-respons;non-respons;non-respons;non-respons;non-respons;non-respons;non-respons;non-respons;non-respons;non-respons;non-respons;non-respons;non-respons;non-respons;non-respons;non-respons;non-respons;non-respons;non-respons;non-respons;non-respons;non-respons;non-respons;non-respons;non-respons;non-respons;non-respons;non-respons;non-respons;non-respons;non-respons;non-respons;non-respons;non-respons;non-respons;non-respons;non-respons;non-respons;non-respons;non-respons;non-respons;non-respons;non-respons;non-respons;non-respons;non-respons;non-respons;non-respons;non-respons;non-respons;non-respons;non-respons;non-respons;non-respons;non-respons;non-respons;non-respons;non-respons;non-respons;non-respons;non-respons;non-respons;non-respons;non-respons;non-respons;non-respons;non-respons;non-respons;non-respons;non-respons;non-respons;non-respons;non-respons;non-respons;non-respons;non-respons;non-respons;non-respons;non-respons;non-respons;non-respons;non-respons;non-respons;non-respons;non-respons;non-respons;
Gavere;13208;;Gavere;Ja;15;45;150;niet gekend;;0;;0;;0;;1;;0,1;0,1;10;2;2;2;2;0;2;0;0;0;4;1;2;0;1;0;0;0;0;0;0;0;0;0;0;0;;1;0;0;0;;0;;0;;0;;Neen;;;;;;;;;;;;;;;;;;;;;;;;;;;;;;;;;Ja;VENECO;Neen;;;;;;;;;;;;;;;;;;;;;;;;;;;;;;;;;;;;;;;;;Ja;0;0;2;0;0;0;0,005;0;0;0;0;0;0;0;0;;0;0;0;0;0;0;;0;;0;0;0;0;;Neen;;;;;;;;;;;;;;;;;;;;;;;;;;;;;;;;;;;;;;;;;;;;;;;;;;;;;;;;;;;
Geel;41115;;Geel;Neen;100;400;1500;tussen 11 en 50;;0;;0;;0;;1;;0,2;0,1;12;niet gekend;niet gekend;3;niet gekend;5;1;1;1;1;10;3;6;1;0;0;5;0;0;2;0;0;1;1;0;1;;0;3;1;1;;0;;0;;0;;Ja;1;0;0;;0;0,8;0;0,1;150;103;30;41;30;1;1;30;;6;44;2;1;0;0;;0;;1;0;0;0;;;Ja;IOK;Ja;3;niet gekend;niet gekend;3;0;0;0;0;0;1;1;0;1;5;2;1;2;0;0;2;0;0;0;0;0;1;0;0;1;;0;1;0;0;0;;0;;0;;Ja;3;2;0;0;niet gekend;niet gekend;niet gekend;0;0;0;0;0;0;0;0;;0;0;0;0;0;0;;0;;1;0;0;0;;Ja;PZ Geel-Laakdal-Meerhout;Neen;;;;;;;;;;;;;;;;;;;;;;;;;;;;;;;;;;;;;;;;;Neen;;;;;;;;;;;;;;;;
Geetbets;6194;;Geetbets;Ja;15;278;701;niet gekend;;1;1;0;;0;;1;;0,05;0,05;23;0;0;1;4;0;0;1;10;7;39;8;23;8;0;0;46;23;0;1;4;0;0;1;10;7;;3;20;0;13;;0;;0;;0;;Neen;;;;;;;;;;;;;;;;;;;;;;;;;;;;;;;;;Ja;Interleuven;Ja;2;niet gekend;niet gekend;46;23;0;1;4;0;0;1;10;7;29;8;21;0;0;0;46;23;0;1;4;0;0;1;10;7;;3;20;0;13;0;;0;;0;;Ja;2;0;0;niet gekend;niet gekend;0;niet gekend;17;17;0;17;0;0;0;15;;0;10;0;3;1;1;1;0;;0;1;0;0;;Ja;PZ Hageland;Neen;;;;;;;;;;;;;;;;;;;;;;;;;;;;;;;;;;;;;;;;;Neen;;;;;;;;;;;;;;;;
Genk;66943;;Genk;Ja;niet gekend;niet gekend;niet gekend;niet gekend;;0;;0;;0;;2;;0,9;0;61;4;20;3;2;27;1;0;4;0;40;niet gekend;40;niet gekend;0;0;14;0;2;0;4;0;6;0;2;0;;0;14;0;1;;0;;0;;0;;Ja;0;0;0;;0;0;0;0;100;0;0;0;0;0;0;0;;0;0;0;0;0;0;;12;12;0;1;1;0;;;Ja;Intergemeentelijk Samenwerkingsverband Handhaving Ruimte (RO) Midden-Limburg;Neen;;;;;;;;;;;;;;;;;;;;;;;;;;;;;;;;;;;;;;;;;Ja;3;0;0;0;2,5;0;0,1;0;2500;niet-gekend;100;niet-gekend;0;0;0;;3;68;4;10;7;0;;0;;0;0;0;0;;Neen;;;;;;;;;;;;;;;;;;;;;;;;;;;;;;;;;;;;;;;;;;;;;;;;;;;;;;;;;;;
Gent;264677;;Gent;Ja;336;994;4603;meer dan 100;;0;;0;;0;;8;;6,3;1,75;900;0;165;25;5;345;9;0;110;241;773;niet gekend, navolgende of aanvankelijke kunnen we niet splitsen;421;niet gekend, navolgende of aanvankelijke kunnen we niet splitsen;352;niet gekend, navolgende of aanvankelijke kunnen we niet splitsen;niet gekend;niet gekend;niet gekend;niet gekend;niet gekend;niet gekend;niet gekend;niet gekend;niet gekend;niet gekend;;302;358;0;55;;0;;4;4;4;0;Ja;9;2;0;;0;7,4;0,6;4,25;2172;2426;niet gekend, navolgende of aanvankelijke kunnen we niet splitsen;1552;niet gekend, navolgende of aanvankelijke kunnen we niet splitsen;874;niet gekend, navolgende of aanvankelijke kunnen we niet splitsen;niet gekend;;3;549;0;46;0;0;;0;;0;13;0;0;;;Neen;;;;;;;;;;;;;;;;;;;;;;;;;;;;;;;;;;;;;;;;;;;;;;;;;;;;;;;;;;;;;;;;;;;;;;;;;;Neen;;;;;;;;;;;;;;;;;;;;;;;;;;;;;;;;;;;;;;;;;;;;;;;;;;;;;;;;;;;
Geraardsbergen;34281;;Geraardsbergen;Ja;29;172;625;niet gekend;;0;;0;;1;niet gekend;1;;0,1;0;6;1;0;0;3;0;1;0;1;0;8;2;6;0;0;0;6;1;0;0;3;0;1;0;1;0;;0;4;0;0;;1;1;0;;0;;Ja;0;0;1;;0,3;0;0;0;49;65;19;43;3;0;0;49;;0;49;0;9;0;0;;0;;0;0;0;0;;;Neen;;;;;;;;;;;;;;;;;;;;;;;;;;;;;;;;;;;;;;;;;;;;;;;;;;;;;;;;;;;;;;;;;;;;;;;;;;Neen;;;;;;;;;;;;;;;;;;;;;;;;;;;;;;;;;;;;;;;;;;;;;;;;;;;;;;;;;;;
Gingelom;8484;;Gingelom;Ja;13;46;411;niet gekend;;0;;0;;0;;0;;;;;;;;;;;;;;;;;;;;;;;;;;;;;;;;;;;;;;;;;;Ja;1;0;0;;0;0,05;0;0;10;5;2;3;0;0;0;3;;2;;1;1;0;0;;0;;0;0;0;0;;;Neen;;;;;;;;;;;;;;;;;;;;;;;;;;;;;;;;;;;;;;;;;;;;;;;;;;;;;;;;;;;;;;;;;;;;;;;;;;Neen;;;;;;;;;;;;;;;;;;;;;;;;;;;;;;;;;;;;;;;;;;;;;;;;;;;;;;;;;;;
Gistel;12099;;Gistel;Ja;77;260;425;niet gekend;;0;;0;;0;;0;;;;;;;;;;;;;;;;;;;;;;;;;;;;;;;;;;;;;;;;;;Ja;0;0;0;;0;0;0;0;5;5;0;0;5;0;0;0;;2;2;1;0;1;0;;0;;0;0;0;0;;;Neen;;;;;;;;;;;;;;;;;;;;;;;;;;;;;;;;;;;;;;;;;;;;;;;;;;;;;;;;;;;;;;;;;;;;;;;;;;Neen;;;;;;;;;;;;;;;;;;;;;;;;;;;;;;;;;;;;;;;;;;;;;;;;;;;;;;;;;;;
Glabbeek;5341;;Glabbeek;non-respons;non-respons;non-respons;non-respons;non-respons;;non-respons;non-respons;non-respons;non-respons;non-respons;non-respons;non-respons;;non-respons;non-respons;non-respons;non-respons;non-respons;non-respons;non-respons;non-respons;non-respons;non-respons;non-respons;non-respons;non-respons;non-respons;non-respons;non-respons;non-respons;non-respons;non-respons;non-respons;non-respons;non-respons;non-respons;non-respons;non-respons;non-respons;non-respons;non-respons;non-respons;non-respons;non-respons;non-respons;non-respons;;non-respons;non-respons;non-respons;non-respons;non-respons;non-respons;non-respons;non-respons;non-respons;non-respons;;non-respons;non-respons;non-respons;non-respons;non-respons;non-respons;non-respons;non-respons;non-respons;non-respons;non-respons;non-respons;non-respons;non-respons;non-respons;non-respons;non-respons;non-respons;non-respons;non-respons;non-respons;non-respons;non-respons;non-respons;non-respons;non-respons;non-respons;non-respons;non-respons;non-respons;non-respons;non-respons;non-respons;non-respons;non-respons;non-respons;non-respons;non-respons;non-respons;non-respons;non-respons;non-respons;non-respons;non-respons;non-respons;non-respons;non-respons;non-respons;non-respons;non-respons;non-respons;non-respons;non-respons;non-respons;non-respons;non-respons;non-respons;non-respons;non-respons;non-respons;non-respons;non-respons;non-respons;non-respons;non-respons;non-respons;non-respons;non-respons;non-respons;non-respons;non-respons;non-respons;non-respons;non-respons;non-respons;non-respons;non-respons;non-respons;non-respons;non-respons;non-respons;non-respons;non-respons;non-respons;non-respons;non-respons;non-respons;non-respons;non-respons;non-respons;non-respons;non-respons;non-respons;non-respons;non-respons;non-respons;non-respons;non-respons;non-respons;non-respons;non-respons;non-respons;non-respons;non-respons;non-respons;non-respons;non-respons;non-respons;non-respons;non-respons;non-respons;non-respons;non-respons;non-respons;non-respons;non-respons;non-respons;non-respons;non-respons;non-respons;non-respons;non-respons;non-respons;non-respons;non-respons;non-respons;non-respons;non-respons;non-respons;non-respons;non-respons;non-respons;non-respons;non-respons;non-respons;non-respons;non-respons;non-respons;non-respons;non-respons;non-respons;non-respons;non-respons;non-respons;non-respons;non-respons;non-respons;non-respons;non-respons;non-respons;non-respons;non-respons;non-respons;non-respons;non-respons;non-respons;non-respons;non-respons;non-respons;non-respons;non-respons;
Gooik;9386;;Gooik;Ja;18;160;855;niet gekend;;0;;0;;0;;1;;0,03;0;8;0;0;4;0;0;0;1;3;0;15;0;7;7;0;1;8;0;0;4;0;0;0;1;3;0;;0;6;0;1;;0;;0;;0;;Neen;;;;;;;;;;;;;;;;;;;;;;;;;;;;;;;;;Neen;;;;;;;;;;;;;;;;;;;;;;;;;;;;;;;;;;;;;;;;;;;;;;;;;;;;;;;;;;;;;;;;;;;;;;;;;;Ja;PZ Pajottenland;Neen;;;;;;;;;;;;;;;;;;;;;;;;;;;;;;;;;;;;;;;;;Neen;;;;;;;;;;;;;;;;
Grimbergen;38468;;Grimbergen;Ja;22;145;750;niet gekend;;1;niet gekend;0;;0;;0;;;;;;;;;;;;;;;;;;;;;;;;;;;;;;;;;;;;;;;;;;Neen;;;;;;;;;;;;;;;;;;;;;;;;;;;;;;;;;Ja;Haviland;Ja;2;0,2;0;0;0;0;0;0;0;0;0;0;0;18;6;6;3;3;0;8;0;0;0;1;0;6;1;0;0;;0;5;0;3;0;;0;;0;;Ja;0;0;2;;0,1;;0,1;0;4;0;4;0;0;0;2;;0;1;0;1;1;0;;0;;0;0;0;0;;Ja;PZ Grimbergen;Neen;;;;;;;;;;;;;;;;;;;;;;;;;;;;;;;;;;;;;;;;;Ja;0,2;30;30;niet gekend;niet gekend;niet gekend;niet gekend;niet gekend;0;;2;0;7;7;;
Grobbendonk;11441;;Grobbendonk;Ja;37;95;630;niet gekend;;0;;0;;0;;1;;0,1;0,1;79;1;4;2;2;10;15;0;45;0;68;10;13;45;0;0;58;0;3;1;1;8;5;0;40;0;;53;5;0;0;;0;;0;;0;;Ja;0;0;1;;0,1;0,1;0,1;0,1;13;6;2;2;2;0;0;0;;9;4;6;1;0;4;niet gekend;0;;0;0;0;0;;;Neen;;;;;;;;;;;;;;;;;;;;;;;;;;;;;;;;;;;;;;;;;;;;;;;;;;;;;;;;;;;;;;;;;;;;;;;;;;Ja;PZ Neteland;Ja;2;0,1;0,1;149;1;14;1;0;113;1;1;18;0;3;1;1;1;0;0;1;0;0;0;0;0;1;0;0;0;;0;1;0;1;0;;0;;0;;Ja;0,1;6;6;0;6;0;0;0;5;;0;0;5;2;;
Haacht;15261;;Haacht;Ja;niet gekend;niet gekend;niet gekend;niet gekend;;0;;0;;0;;2;;0,1;0;45;1;3;1;0;6;0;1;29;4;0;0;0;0;0;0;0;0;0;0;0;0;0;0;0;0;;0;0;0;0;;0;;0;;0;;Neen;;;;;;;;;;;;;;;;;;;;;;;;;;;;;;;;;Ja;Interleuven;Ja;2;0,1;0,1;1;0;0;0;1;0;0;0;0;0;3;2;1;0;0;0;1;0;0;0;1;0;0;0;0;0;;0;1;0;1;1;0;0;;0;;Neen;;;;;;;;;;;;;;;;;;;;;;;;;;;;;;;Neen;;;;;;;;;;;;;;;;;;;;;;;;;;;;;;;;;;;;;;;;;;;;;;;;;;;;;;;;;;;
Haaltert;18960;;Haaltert;Ja;13;258;1076;niet gekend;;10;10;0;;5;5;0;;;;;;;;;;;;;;;;;;;;;;;;;;;;;;;;;;;;;;;;;;Ja;0;0;0;;0;0;0;0,05;60;101;6;36;36;13;10;10;;15;2;0;6;2;0;;0;;0;0;0;0;De gegevens zijn schattingen.;;Ja;SOLVA;Ja;1;0,075;0,02;15;0;0;1;3;1;7;0;2;1;27;5;13;3;0;6;13;0;0;1;2;0;7;0;2;1;;0;12;0;1;0;;0;;0;;Ja;1;1;1;0,1;0,03;0;0;17;32;9;9;2;5;7;14;;2;13;0;3;0;0;;0;;0;1;0;0;;Ja;PZ Denderleeuw/Haaltert;Neen;;;;;;;;;;;;;;;;;;;;;;;;;;;;;;;;;;;;;;;;;Ja;niet gekend;niet gekend;0;0;0;0;0;0;0;;0;0;0;0;;
Halen;9473;;Halen;Ja;22;70;180;niet gekend;;0;;0;;0;;0;;;;;;;;;;;;;;;;;;;;;;;;;;;;;;;;;;;;;;;;;;Neen;;;;;;;;;;;;;;;;;;;;;;;;;;;;;;;;;Neen;;;;;;;;;;;;;;;;;;;;;;;;;;;;;;;;;;;;;;;;;;;;;;;;;;;;;;;;;;;;;;;;;;;;;;;;;;Ja;PZ Limburg regio hoofdstad;Neen;;;;;;;;;;;;;;;;;;;;;;;;;;;;;;;;;;;;;;;;;Ja;niet gekend;niet gekend;0;0;0;0;0;0;0;;niet gekend;niet gekend;niet gekend;0;;
Halle;41265;;Halle;Neen;6;16;34;niet gekend;;0;;0;;0;;2;;0,1;0,1;203;170;3;1;3;1;4;0;21;0;0;0;0;0;0;0;0;0;0;0;0;0;0;0;0;0;;203;0;0;0;;0;;0;;0;;Ja;1;1;0;;0;0,1;0,1;0,1;108;19;6;6;0;7;0;7;;62;46;0;7;1;0;;0;;0;2;0;0;;;Neen;;;;;;;;;;;;;;;;;;;;;;;;;;;;;;;;;;;;;;;;;;;;;;;;;;;;;;;;;;;;;;;;;;;;;;;;;;Neen;;;;;;;;;;;;;;;;;;;;;;;;;;;;;;;;;;;;;;;;;;;;;;;;;;;;;;;;;;;
Ham;11166;;Ham;Ja;niet gekend;niet gekend;niet gekend;niet gekend;;0;;0;;0;;1;;0,01;0;4;0;0;0;2;1;0;0;0;1;3;1;2;0;0;0;1;0;0;0;0;1;0;0;0;0;;;2;0;0;;0;;0;;0;;Ja;0;0;0;;0;0;0;0,05;6;3;1;1;1;0;0;3;;0;5;0;1;0;0;;0;;0;0;0;0;;;Neen;;;;;;;;;;;;;;;;;;;;;;;;;;;;;;;;;;;;;;;;;;;;;;;;;;;;;;;;;;;;;;;;;;;;;;;;;;Ja;PZ Tessendelo-Ham-Beringen;Neen;;;;;;;;;;;;;;;;;;;;;;;;;;;;;;;;;;;;;;;;;Ja;0,001;2;2;0;2;0;0;0;2;;2;0;1;0;;
Hamme;25130;;Hamme;Ja;25;150;480;tussen 11 en 50;;0;;0;;0;;1;;0,02;0;1;0;0;0;0;0;1;0;0;0;2;2;0;0;0;0;0;0;0;0;0;0;0;0;0;0;;1;0;0;0;;0;;0;;0;;Neen;;;;;;;;;;;;;;;;;;;;;;;;;;;;;;;;;Neen;;;;;;;;;;;;;;;;;;;;;;;;;;;;;;;;;;;;;;;;;;;;;;;;;;;;;;;;;;;;;;;;;;;;;;;;;;Ja;PZ Hamme-Waasmunster;Neen;;;;;;;;;;;;;;;;;;;;;;;;;;;;;;;;;;;;;;;;;Ja;0,2;3;6;0;3;3;0;0;0;;0;0;3;niet gekend;;
Hamont-Achel;14352;;Hamont-Achel;Ja;37;135;221;niet gekend;;0;;0;;0;;1;;0;0,005;21;10;3;0;0;3;2;0;3;0;0;0;0;0;0;0;0;0;0;0;0;0;0;0;0;0;;0;0;0;0;;0;;0;;0;;Ja;0;0;1;;0,005;0;0;0;22;1;1;0;0;0;0;0;;0;0;0;1;0;0;;0;;0;0;0;0;;;Neen;;;;;;;;;;;;;;;;;;;;;;;;;;;;;;;;;;;;;;;;;;;;;;;;;;;;;;;;;;;;;;;;;;;;;;;;;;Ja;PZ HANO ;Ja;1;0,2;0;77;1;19;3;2;3;7;1;37;4;28;1;22;5;0;0;13;1;0;2;0;0;7;1;2;0;;6;10;0;3;0;;0;;0;;Ja;0,1;21;20;0;18;2;0;0;17;;14;0;3;1;;
Harelbeke;29084;;Harelbeke;Ja;95;120;350;tussen 1 en 10;;0;;0;;0;;2;;0,4;0,09;34;0;5;4;0;12;5;2;3;3;19;9;10;0;0;0;17;0;2;2;0;7;3;1;0;2;;0;3;0;4;;1;1;0;;0;;Neen;;;;;;;;;;;;;;;;;;;;;;;;;;;;;;;;;Ja;Intercommunale Leiedal;Ja;1;0,05;0;6;3;0;1;1;0;1;0;0;0;2;0;2;0;0;0;1;1;0;0;0;0;0;0;0;0;;0;1;0;0;0;;0;;0;;Ja;1;0;0;;0,1;0;0;2;2;0;2;0;0;0;2;;0;1;0;0;0;0;;0;;0;1;0;0;;Ja;PZ Gavers;Neen;;;;;;;;;;;;;;;;;;;;;;;;;;;;;;;;;;;;;;;;;Ja;0,1;;niet gekend;niet gekend;niet gekend;niet gekend;niet gekend;niet gekend;3;;12;0;4;0;Aan de hand van de huidig gebruikte systemen is de opvolging volgens deze aangegeven opdeling haast onmogelijk. Er wordt hieromtrent naar een oplossing gewerkt. ;
Hasselt;79450;;Hasselt;non-respons;non-respons;non-respons;non-respons;non-respons;;non-respons;non-respons;non-respons;non-respons;non-respons;non-respons;non-respons;;non-respons;non-respons;non-respons;non-respons;non-respons;non-respons;non-respons;non-respons;non-respons;non-respons;non-respons;non-respons;non-respons;non-respons;non-respons;non-respons;non-respons;non-respons;non-respons;non-respons;non-respons;non-respons;non-respons;non-respons;non-respons;non-respons;non-respons;non-respons;non-respons;non-respons;non-respons;non-respons;non-respons;;non-respons;non-respons;non-respons;non-respons;non-respons;non-respons;non-respons;non-respons;non-respons;non-respons;;non-respons;non-respons;non-respons;non-respons;non-respons;non-respons;non-respons;non-respons;non-respons;non-respons;non-respons;non-respons;non-respons;non-respons;non-respons;non-respons;non-respons;non-respons;non-respons;non-respons;non-respons;non-respons;non-respons;non-respons;non-respons;non-respons;non-respons;non-respons;non-respons;non-respons;non-respons;non-respons;non-respons;non-respons;non-respons;non-respons;non-respons;non-respons;non-respons;non-respons;non-respons;non-respons;non-respons;non-respons;non-respons;non-respons;non-respons;non-respons;non-respons;non-respons;non-respons;non-respons;non-respons;non-respons;non-respons;non-respons;non-respons;non-respons;non-respons;non-respons;non-respons;non-respons;non-respons;non-respons;non-respons;non-respons;non-respons;non-respons;non-respons;non-respons;non-respons;non-respons;non-respons;non-respons;non-respons;non-respons;non-respons;non-respons;non-respons;non-respons;non-respons;non-respons;non-respons;non-respons;non-respons;non-respons;non-respons;non-respons;non-respons;non-respons;non-respons;non-respons;non-respons;non-respons;non-respons;non-respons;non-respons;non-respons;non-respons;non-respons;non-respons;non-respons;non-respons;non-respons;non-respons;non-respons;non-respons;non-respons;non-respons;non-respons;non-respons;non-respons;non-respons;non-respons;non-respons;non-respons;non-respons;non-respons;non-respons;non-respons;non-respons;non-respons;non-respons;non-respons;non-respons;non-respons;non-respons;non-respons;non-respons;non-respons;non-respons;non-respons;non-respons;non-respons;non-respons;non-respons;non-respons;non-respons;non-respons;non-respons;non-respons;non-respons;non-respons;non-respons;non-respons;non-respons;non-respons;non-respons;non-respons;non-respons;non-respons;non-respons;non-respons;non-respons;non-respons;non-respons;non-respons;non-respons;non-respons;non-respons;non-respons;
Hechtel-Eksel;12743;;Hechtel-Eksel;Ja;niet gekend;niet gekend;niet gekend;niet gekend;;0;;0;;0;;1;;0,01;0,01;30;0;2;0;1;0;4;2;8;13;5;0;5;0;0;0;15;0;0;0;1;0;4;1;4;5;;15;5;0;0;;0;;0;;0;;Neen;;;;;;;;;;;;;;;;;;;;;;;;;;;;;;;;;Neen;;;;;;;;;;;;;;;;;;;;;;;;;;;;;;;;;;;;;;;;;;;;;;;;;;;;;;;;;;;;;;;;;;;;;;;;;;Neen;;;;;;;;;;;;;;;;;;;;;;;;;;;;;;;;;;;;;;;;;;;;;;;;;;;;;;;;;;;
Heers;7455;;Heers;Ja;7;niet gekend;niet gekend;tussen 1 en 10;;0;;0;;0;;0;;;;;;;;;;;;;;;;;;;;;;;;;;;;;;;;;;;;;;;;;;Neen;;;;;;;;;;;;;;;;;;;;;;;;;;;;;;;;;Neen;;;;;;;;;;;;;;;;;;;;;;;;;;;;;;;;;;;;;;;;;;;;;;;;;;;;;;;;;;;;;;;;;;;;;;;;;;Ja;PZ Borgloon;Ja;0;0;0,5;13;1;1;0;1;0;0;0;0;10;0;0;0;0;0;0;14;1;1;0;1;0;0;0;1;10;;0;0;0;10;0;;0;;0;;Neen;;;;;;;;;;;;;;;;
Heist-op-den-Berg;43571;;Heist-op-den-Berg;Ja;0;0;0;niet gekend;;0;;0;;0;;1;;1;1;0;0;0;0;0;0;0;0;0;0;0;0;0;0;0;0;0;0;0;0;0;0;0;0;0;0;;0;0;0;0;;0;;0;;0;;Ja;0;0;1;;1;1;1;1;80;0;0;0;0;0;0;0;;1;50;0;25;3;1;1;0;;0;1;2;0;;;Neen;;;;;;;;;;;;;;;;;;;;;;;;;;;;;;;;;;;;;;;;;;;;;;;;;;;;;;;;;;;;;;;;;;;;;;;;;;Neen;;;;;;;;;;;;;;;;;;;;;;;;;;;;;;;;;;;;;;;;;;;neen;;;;;;;;;;;;;;;;
Hemiksem;11792;;Hemiksem;non-respons;non-respons;non-respons;non-respons;non-respons;;non-respons;non-respons;non-respons;non-respons;non-respons;non-respons;non-respons;;non-respons;non-respons;non-respons;non-respons;non-respons;non-respons;non-respons;non-respons;non-respons;non-respons;non-respons;non-respons;non-respons;non-respons;non-respons;non-respons;non-respons;non-respons;non-respons;non-respons;non-respons;non-respons;non-respons;non-respons;non-respons;non-respons;non-respons;non-respons;non-respons;non-respons;non-respons;non-respons;non-respons;;non-respons;non-respons;non-respons;non-respons;non-respons;non-respons;non-respons;non-respons;non-respons;non-respons;;non-respons;non-respons;non-respons;non-respons;non-respons;non-respons;non-respons;non-respons;non-respons;non-respons;non-respons;non-respons;non-respons;non-respons;non-respons;non-respons;non-respons;non-respons;non-respons;non-respons;non-respons;non-respons;non-respons;non-respons;non-respons;non-respons;non-respons;non-respons;non-respons;non-respons;non-respons;non-respons;non-respons;non-respons;non-respons;non-respons;non-respons;non-respons;non-respons;non-respons;non-respons;non-respons;non-respons;non-respons;non-respons;non-respons;non-respons;non-respons;non-respons;non-respons;non-respons;non-respons;non-respons;non-respons;non-respons;non-respons;non-respons;non-respons;non-respons;non-respons;non-respons;non-respons;non-respons;non-respons;non-respons;non-respons;non-respons;non-respons;non-respons;non-respons;non-respons;non-respons;non-respons;non-respons;non-respons;non-respons;non-respons;non-respons;non-respons;non-respons;non-respons;non-respons;non-respons;non-respons;non-respons;non-respons;non-respons;non-respons;non-respons;non-respons;non-respons;non-respons;non-respons;non-respons;non-respons;non-respons;non-respons;non-respons;non-respons;non-respons;non-respons;non-respons;non-respons;non-respons;non-respons;non-respons;non-respons;non-respons;non-respons;non-respons;non-respons;non-respons;non-respons;non-respons;non-respons;non-respons;non-respons;non-respons;non-respons;non-respons;non-respons;non-respons;non-respons;non-respons;non-respons;non-respons;non-respons;non-respons;non-respons;non-respons;non-respons;non-respons;non-respons;non-respons;non-respons;non-respons;non-respons;non-respons;non-respons;non-respons;non-respons;non-respons;non-respons;non-respons;non-respons;non-respons;non-respons;non-respons;non-respons;non-respons;non-respons;non-respons;non-respons;non-respons;non-respons;non-respons;non-respons;non-respons;non-respons;non-respons;non-respons;
Herent;22413;;Herent;Ja;20;110;155;tussen 1 en 10;;1;1;0;;0;;0;;;;;;;;;;;;;;;;;;;;;;;;;;;;;;;;;;;;;;;;;;Ja;1;0;0;;0;;0,8;0;55;44;8;25;6;3;2;21;;5;14;0;5;2;1;1;0;;1;5;0;0;;;Ja;Interleuven;Ja;2;0,1;0,1;20;0;1;6;3;1;3;0;6;0;32;1;13;7;10;1;22;0;1;6;2;1;2;1;9;0;;2;8;0;1;0;;0;;0;;Ja;0;0;0;0;0,2;0;0;11;16;0;3;2;10;1;13;;1;10;0;4;2;0;;0;;0;0;0;0;De gegevens inzake controles zijn vooral gebaseerd op effectieve plaatsbezoeken. De controles van stukken worden niet steeds genoteerd in de database.;Neen;;;;;;;;;;;;;;;;;;;;;;;;;;;;;;;;;;;;;;;;;;;;;;;;;;;;;;;;;;;
Herentals;28427;;Herentals;Ja;niet gekend;niet gekend;niet gekend;meer dan 100;;0;;0;;0;;0;;;;;;;;;;;;;;;;;;;;;;;;;;;;;;;;;;;;;;;;;;Ja;0;0;1;;1;;;0,1;25;40;10;5;4;1;20;niet gekend;;0;32;0;1;1;0;;0;;1;1;1;0;;;Neen;;;;;;;;;;;;;;;;;;;;;;;;;;;;;;;;;;;;;;;;;;;;;;;;;;;;;;;;;;;;;;;;;;;;;;;;;;Ja;PZ Neteland;Ja;2;niet gekend (ca 0,1VTE);niet gekend (ca 0,2 VTE);37;1;1;5;1;4;7;0;15;3;37;niet gekend;niet gekend;niet gekend;niet gekend;niet gekend;niet gekend;niet gekend;niet gekend;niet gekend;niet gekend;niet gekend;niet gekend;niet gekend;niet gekend;niet gekend;;0;5;0;15;3;3;0;;0;;Ja;niet gekend;1;20;niet gekend;niet gekend;niet gekend;niet gekend;niet gekend;niet gekend;;niet gekend;0;21;4;;
Herenthout;9267;;Herenthout;Ja;24;57;232;tussen 1 en 10;;1;1;0;;0;;1;;0,05;0;26;1;1;5;1;2;2;0;8;6;3;0;2;0;0;1;3;1;0;0;1;0;0;0;1;0;;1;1;0;0;;0;;0;;0;;Neen;;;;;;;;;;;;;;;;;;;;;;;;;;;;;;;;;Neen;;;;;;;;;;;;;;;;;;;;;;;;;;;;;;;;;;;;;;;;;;;;;;;;;;;;;;;;;;;;;;;;;;;;;;;;;;Ja;PZ Neteland;Ja;2;0,1;0,1;68;4;3;0;0;53;0;0;8;0;3;0;2;0;0;1;1;0;0;0;0;0;0;0;1;0;;1;0;0;1;0;;0;;1;niet gekend;Ja;0,1;niet gekend;4;0;4;0;0;0;1;;0;0;1;0;;
Herk-de-Stad;12755;;Herk-de-Stad;Ja;37;136;1886;niet gekend;;0;;0;;0;;0;;;;;;;;;;;;;;;;;;;;;;;;;;;;;;;;;;;;;;;;;;Neen;;;;;;;;;;;;;;;;;;;;;;;;;;;;;;;;;Neen;;;;;;;;;;;;;;;;;;;;;;;;;;;;;;;;;;;;;;;;;;;;;;;;;;;;;;;;;;;;;;;;;;;;;;;;;;Neen;;;;;;;;;;;;;;;;;;;;;;;;;;;;;;;;;;;;;;;;;;;;;;;;;;;;;;;;;;;
Herne;6747;;Herne;Ja;10;115;50;niet gekend;;0;;0;;0;;1;;0,1;0;29;18;2;1;2;1;1;0;0;4;4;1;3;0;0;0;4;1;0;1;0;0;1;0;0;1;;25;3;0;0;;0;;0;;1;1;Neen;;;;;;;;;;;;;;;;;;;;;;;;;;;;;;;;;Neen;;;;;;;;;;;;;;;;;;;;;;;;;;;;;;;;;;;;;;;;;;;;;;;;;;;;;;;;;;;;;;;;;;;;;;;;;;Ja;PZ Pajottenland;Neen;;;;;;;;;;;;;;;;;;;;;;;;;;;;;;;;;;;;;;;;;Ja;0,1;niet gekend;niet gekend;niet gekend;niet gekend;niet gekend;niet gekend;niet gekend;niet gekend;niet gekend;niet gekend;niet gekend;niet gekend;niet gekend;;
Herselt;14726;;Herselt;Ja;niet gekend;niet gekend;niet gekend;niet gekend;;0;;0;;0;;1;;0,5;0;niet gekend;niet gekend;niet gekend;niet gekend;niet gekend;niet gekend;niet gekend;niet gekend;niet gekend;niet gekend;niet gekend;niet gekend;niet gekend;niet gekend;niet gekend;niet gekend;niet gekend;niet gekend;niet gekend;niet gekend;niet gekend;niet gekend;niet gekend;niet gekend;niet gekend;niet gekend;;3;12;0;7;;0;;1;0;0;;Ja;0;0;1;;0,5;0;0;0;niet gekend;niet gekend;niet gekend;niet gekend;niet gekend;niet gekend;niet gekend;niet gekend;;2;28;0;14;3;0;;0;;0;1;0;0;;;Ja;IOK;Ja;3;niet gekend;niet gekend;0;0;0;0;0;0;0;0;0;0;5;3;1;1;0;0;1;0;0;0;0;0;0;0;1;0;;0;1;0;0;0;;0;;0;;Ja;3;2;0;0;niet gekend;niet gekend;niet gekend;0;1;0;1;0;0;0;1;;0;0;0;1;0;0;;0;;0;0;0;0;;Ja;PZ Zuiderkempen;Ja;1;niet gekend;niet gekend;niet gekend;niet gekend;niet gekend;niet gekend;niet gekend;niet gekend;niet gekend;niet gekend;niet gekend;niet gekend;niet gekend;niet gekend;niet gekend;niet gekend;niet gekend;niet gekend;niet gekend;niet gekend;niet gekend;niet gekend;niet gekend;niet gekend;niet gekend;niet gekend;niet gekend;niet gekend;;0;0;niet gekend;niet gekend;0;;0;;0;;Ja;niet gekend;niet gekend;niet gekend;niet gekend;niet gekend;niet gekend;niet gekend;niet gekend;niet gekend;;niet gekend;niet gekend;niet gekend;niet gekend;;
Herstappe;79;;Herstappe;non-respons;non-respons;non-respons;non-respons;non-respons;;non-respons;non-respons;non-respons;non-respons;non-respons;non-respons;non-respons;;non-respons;non-respons;non-respons;non-respons;non-respons;non-respons;non-respons;non-respons;non-respons;non-respons;non-respons;non-respons;non-respons;non-respons;non-respons;non-respons;non-respons;non-respons;non-respons;non-respons;non-respons;non-respons;non-respons;non-respons;non-respons;non-respons;non-respons;non-respons;non-respons;non-respons;non-respons;non-respons;non-respons;;non-respons;non-respons;non-respons;non-respons;non-respons;non-respons;non-respons;non-respons;non-respons;non-respons;;non-respons;non-respons;non-respons;non-respons;non-respons;non-respons;non-respons;non-respons;non-respons;non-respons;non-respons;non-respons;non-respons;non-respons;non-respons;non-respons;non-respons;non-respons;non-respons;non-respons;non-respons;non-respons;non-respons;non-respons;non-respons;non-respons;non-respons;non-respons;non-respons;non-respons;non-respons;non-respons;non-respons;non-respons;non-respons;non-respons;non-respons;non-respons;non-respons;non-respons;non-respons;non-respons;non-respons;non-respons;non-respons;non-respons;non-respons;non-respons;non-respons;non-respons;non-respons;non-respons;non-respons;non-respons;non-respons;non-respons;non-respons;non-respons;non-respons;non-respons;non-respons;non-respons;non-respons;non-respons;non-respons;non-respons;non-respons;non-respons;non-respons;non-respons;non-respons;non-respons;non-respons;non-respons;non-respons;non-respons;non-respons;non-respons;non-respons;non-respons;non-respons;non-respons;non-respons;non-respons;non-respons;non-respons;non-respons;non-respons;non-respons;non-respons;non-respons;non-respons;non-respons;non-respons;non-respons;non-respons;non-respons;non-respons;non-respons;non-respons;non-respons;non-respons;non-respons;non-respons;non-respons;non-respons;non-respons;non-respons;non-respons;non-respons;non-respons;non-respons;non-respons;non-respons;non-respons;non-respons;non-respons;non-respons;non-respons;non-respons;non-respons;non-respons;non-respons;non-respons;non-respons;non-respons;non-respons;non-respons;non-respons;non-respons;non-respons;non-respons;non-respons;non-respons;non-respons;non-respons;non-respons;non-respons;non-respons;non-respons;non-respons;non-respons;non-respons;non-respons;non-respons;non-respons;non-respons;non-respons;non-respons;non-respons;non-respons;non-respons;non-respons;non-respons;non-respons;non-respons;non-respons;non-respons;non-respons;non-respons;non-respons;
Herzele;18477;;Herzele;Ja;4;142;627;niet gekend;;0;;0;;0;;2;;0,1;0,1;23;4;6;1;2;3;1;0;4;2;3;0;2;1;0;0;2;0;1;0;1;0;0;0;0;0;;22;1;0;0;;0;;0;;0;;Ja;0;0;0;;0;0;0;0,2;60;11;4;5;2;0;0;2;;2;9;0;0;0;0;;0;;0;0;0;0;;;Neen;;;;;;;;;;;;;;;;;;;;;;;;;;;;;;;;;;;;;;;;;;;;;;;;;;;;;;;;;;;;;;;;;;;;;;;;;;Ja;PZ Zottegem - Herzele - Sint-Lievens-Houtem;Neen;;;;;;;;;;;;;;;;;;;;;;;;;;;;;;;;;;;;;;;;;Ja;0;1;14;4;6;2;0;0;5;;6;0;6;3;Dit zijn de cijfers voor het jaar 2021 vanaf 01/01/2021 tot en met 31/12/2021 opgezocht in ISLP module afhandeling. ;
Heusden-Zolder;34231;;Heusden-Zolder;Ja;51;73;1078;niet gekend;;0;;0;;0;;0;;;;;;;;;;;;;;;;;;;;;;;;;;;;;;;;;;;;;;;;;;Neen;;;;;;;;;;;;;;;;;;;;;;;;;;;;;;;;;Neen;;;;;;;;;;;;;;;;;;;;;;;;;;;;;;;;;;;;;;;;;;;;;;;;;;;;;;;;;;;;;;;;;;;;;;;;;;Ja;PZ Heusden-Zolder;Ja;0;niet gekend;niet gekend;682;0;70;7;0;472;0;0;127;6;682;niet gekend;niet gekend;niet gekend;niet gekend;niet gekend;49;niet gekend;niet gekend;niet gekend;niet gekend;niet gekend;niet gekend;niet gekend;38;niet gekend;;0;0;0;43;0;;0;;0;;Ja;0;7;19;1;15;3;0;0;6;;6;0;6;3;De inzet van VTE's is moeilijk te berekenen. ;
Heuvelland;7989;;Heuvelland;Ja;niet gekend;niet gekend;niet gekend;niet gekend;;1;1;0;;0;;0;;;;;;;;;;;;;;;;;;;;;;;;;;;;;;;;;;;;;;;;;;Neen;;;;;;;;;;;;;;;;;;;;;;;;;;;;;;;;;Neen;;;;;;;;;;;;;;;;;;;;;;;;;;;;;;;;;;;;;;;;;;;;;;;;;;;;;;;;;;;;;;;;;;;;;;;;;;Ja;PZ Arro Ieper;Ja;4;4;0;13;2;2;1;1;2;0;1;3;1;22;2;12;4;2;2;15;2;2;0;3;1;0;2;4;1;;2;10;0;9;0;;0;;0;;Ja;1;3;7;2;3;1;1;0;4;;4;0;0;0;;
Hoegaarden;6812;;Hoegaarden;Ja;20;55;430;niet gekend;;1;0;0;;niet gekend;niet gekend;0;;;;;;;;;;;;;;;;;;;;;;;;;;;;;;;;;;;;;;;;;;Neen;;;;;;;;;;;;;;;;;;;;;;;;;;;;;;;;;Ja;Interleuven;Ja;6;0,1;0;niet gekend;niet gekend;niet gekend;niet gekend;niet gekend;niet gekend;niet gekend;niet gekend;niet gekend;niet gekend;7;0;4;3;0;0;3;0;0;0;0;0;2;0;1;0;;1;3;2;2;0;;0;;0;;Ja;0;0;2;0,1;0;0;0;0;11;3;2;2;2;2;4;;2;3;1;1;1;0;;0;;0;0;1;1;;Ja;PZ Getevallei;Neen;;;;;;;;;;;;;;;;;;;;;;;;;;;;;;;;;;;;;;;;;Neen;;;;;;;;;;;;;;;Milieuhinderklachten rechtstreeks ontvangen door de politiezone niet kunnen invullen in de rapportering;
Hoeilaart;11438;;Hoeilaart;Ja;1;30;120;tussen 1 en 10;;0;;0;;0;;1;;0,05;0;6;0;0;0;1;2;0;0;1;2;3;0;2;1;0;0;0;0;0;0;0;0;0;0;0;0;;0;0;0;0;;0;;0;;0;;Ja;2;0;3;;0,1;0,1;0;0;niet gekend;niet gekend;niet gekend;niet gekend;niet gekend;niet gekend;niet gekend;niet gekend;;niet gekend;niet gekend;niet gekend;niet gekend;niet gekend;niet gekend;niet gekend;niet gekend;niet gekend;niet gekend;niet gekend;niet gekend;niet gekend;;;niet gekend;niet gekend;niet gekend;niet gekend;niet gekend;niet gekend;niet gekend;niet gekend;niet gekend;niet gekend;niet gekend;niet gekend;niet gekend;niet gekend;niet gekend;niet gekend;niet gekend;niet gekend;niet gekend;niet gekend;niet gekend;niet gekend;niet gekend;niet gekend;niet gekend;niet gekend;niet gekend;niet gekend;niet gekend;niet gekend;niet gekend;niet gekend;;niet gekend;niet gekend;niet gekend;niet gekend;niet gekend;niet gekend;niet gekend;niet gekend;niet gekend;niet gekend;niet gekend;niet gekend;niet gekend;niet gekend;niet gekend;niet gekend;niet gekend;niet gekend;niet gekend;niet gekend;niet gekend;niet gekend;niet gekend;niet gekend;niet gekend;niet gekend;;niet gekend;niet gekend;niet gekend;niet gekend;niet gekend;niet gekend;niet gekend;niet gekend;niet gekend;niet gekend;niet gekend;niet gekend;niet gekend;niet gekend;niet gekend;niet gekend;niet gekend;niet gekend;niet gekend;niet gekend;niet gekend;niet gekend;niet gekend;niet gekend;niet gekend;niet gekend;niet gekend;niet gekend;niet gekend;niet gekend;niet gekend;niet gekend;niet gekend;niet gekend;niet gekend;niet gekend;niet gekend;niet gekend;niet gekend;niet gekend;niet gekend;niet gekend;niet gekend;niet gekend;niet gekend;niet gekend;;niet gekend;niet gekend;niet gekend;niet gekend;niet gekend;niet gekend;niet gekend;niet gekend;niet gekend;niet gekend;niet gekend;niet gekend;niet gekend;niet gekend;niet gekend;niet gekend;niet gekend;niet gekend;niet gekend;niet gekend;;niet gekend;niet gekend;niet gekend;niet gekend;;
Hoeselt;9826;;Hoeselt;Ja;niet gekend;niet gekend;niet gekend;niet gekend;;0;;0;;0;;1;;0,1;0,1;11;0;0;2;0;1;1;0;5;2;niet gekend;niet gekend;niet gekend;niet gekend;niet gekend;niet gekend;niet gekend;niet gekend;niet gekend;niet gekend;niet gekend;niet gekend;niet gekend;niet gekend;niet gekend;niet gekend;niet gekend;niet gekend;niet gekend;niet gekend;niet gekend;niet gekend;niet gekend;niet gekend;niet gekend;niet gekend;niet gekend;niet gekend;Ja;0;niet gekend;1;;niet gekend;niet gekend;niet gekend;niet gekend;niet gekend;niet gekend;niet gekend;niet gekend;niet gekend;niet gekend;niet gekend;niet gekend;niet gekend;niet gekend;niet gekend;niet gekend;niet gekend;niet gekend;niet gekend;niet gekend;niet gekend;niet gekend;niet gekend;niet gekend;niet gekend;niet gekend;niet gekend;;Neen;;;;;;;;;;;;;;;;;;;;;;;;;;;;;;;;;;;;;;;;;;;;;;;;;;;;;;;;;;;;;;;;;;;;;;;;;;Ja;PZ Bilzen-Hoeselt-Riemst;Neen;;;;;;;;;;;;;;;;;;;;;;;;;;;;;;;;;;;;;;;;;Neen;;;;;;;;;;;;;;;;
Holsbeek;10111;;Holsbeek;Ja;4;33;197;niet gekend;;0;;0;;0;;1;;0,05;0;3;0;0;1;0;1;1;0;0;0;1;0;1;0;0;0;1;0;0;0;0;1;0;0;0;0;;1;0;0;0;;0;;0;;0;;Neen;;;;;;;;;;;;;;;;;;;;;;;;;;;;;;;;;Ja;Interleuven;Ja;1;0,001;0,001;0;0;0;0;0;0;0;0;0;0;0;0;0;0;0;0;0;0;0;0;0;0;0;0;0;0;;0;0;0;0;0;;0;;0;;Ja;0;0;1;0,01;0;0;niet gekend;0;11;1;8;2;0;0;8;;8;8;0;0;0;0;;0;;niet gekend;0;0;0;0;Ja;PZ Lubbeek;Neen;;;;;;;;;;;;;;;;;;;;;;;;;;;;;;;;;;;;;;;;;Ja;niet gekend;niet gekend;niet gekend;niet gekend;niet gekend;niet gekend;niet gekend;niet gekend;niet gekend;niet gekend;niet gekend;niet gekend;niet gekend;niet gekend;;
Hooglede;10004;;Hooglede;non-respons;non-respons;non-respons;non-respons;non-respons;;non-respons;non-respons;non-respons;non-respons;non-respons;non-respons;non-respons;;non-respons;non-respons;non-respons;non-respons;non-respons;non-respons;non-respons;non-respons;non-respons;non-respons;non-respons;non-respons;non-respons;non-respons;non-respons;non-respons;non-respons;non-respons;non-respons;non-respons;non-respons;non-respons;non-respons;non-respons;non-respons;non-respons;non-respons;non-respons;non-respons;non-respons;non-respons;non-respons;non-respons;;non-respons;non-respons;non-respons;non-respons;non-respons;non-respons;non-respons;non-respons;non-respons;non-respons;;non-respons;non-respons;non-respons;non-respons;non-respons;non-respons;non-respons;non-respons;non-respons;non-respons;non-respons;non-respons;non-respons;non-respons;non-respons;non-respons;non-respons;non-respons;non-respons;non-respons;non-respons;non-respons;non-respons;non-respons;non-respons;non-respons;non-respons;non-respons;non-respons;non-respons;non-respons;non-respons;non-respons;non-respons;non-respons;non-respons;non-respons;non-respons;non-respons;non-respons;non-respons;non-respons;non-respons;non-respons;non-respons;non-respons;non-respons;non-respons;non-respons;non-respons;non-respons;non-respons;non-respons;non-respons;non-respons;non-respons;non-respons;non-respons;non-respons;non-respons;non-respons;non-respons;non-respons;non-respons;non-respons;non-respons;non-respons;non-respons;non-respons;non-respons;non-respons;non-respons;non-respons;non-respons;non-respons;non-respons;non-respons;non-respons;non-respons;non-respons;non-respons;non-respons;non-respons;non-respons;non-respons;non-respons;non-respons;non-respons;non-respons;non-respons;non-respons;non-respons;non-respons;non-respons;non-respons;non-respons;non-respons;non-respons;non-respons;non-respons;non-respons;non-respons;non-respons;non-respons;non-respons;non-respons;non-respons;non-respons;non-respons;non-respons;non-respons;non-respons;non-respons;non-respons;non-respons;non-respons;non-respons;non-respons;non-respons;non-respons;non-respons;non-respons;non-respons;non-respons;non-respons;non-respons;non-respons;non-respons;non-respons;non-respons;non-respons;non-respons;non-respons;non-respons;non-respons;non-respons;non-respons;non-respons;non-respons;non-respons;non-respons;non-respons;non-respons;non-respons;non-respons;non-respons;non-respons;non-respons;non-respons;non-respons;non-respons;non-respons;non-respons;non-respons;non-respons;non-respons;non-respons;non-respons;non-respons;non-respons;non-respons;
Hoogstraten ;21825;;Hoogstraten (DEF);Ja;250;450;niet gekend;niet gekend;;1;1;0;;0;;1;;0,5;0,5;62;0;10;25;1;6;1;4;9;6;70;2;27;11;26;4;37;0;1;29;1;2;0;1;3;0;;15;7;0;0;;0;;0;;0;;Neen;;;;;;;;;;;;;;;;;;;;;;;;;;;;;;;"Het aantal Vlarem inrichtingen (klasse 1, 2, 3) is een schatting. Het is erg complex om uit onze database het correcte aantal per klasse te filteren.
";;Ja;IOK;Ja;3;niet gekend;niet gekend;0;0;0;0;0;0;0;0;0;0;7;1;3;3;0;0;3;0;0;1;0;0;1;1;0;0;;0;0;0;1;0;;0;;0;;Ja;3;2;0;0;niet gekend;niet gekend;niet gekend;0;12;3;5;4;0;0;5;;0;6;0;2;0;0;;0;;0;0;0;0;;Ja;PZ Noorderkempen;Ja;1;niet gekend;0,1;111;0;2;2;0;0;31;1;73;2;niet gekend;niet gekend;116;62;0;0;111;0;2;2;0;0;31;1;73;2;;0;0;0;62;0;;0;;0;;Ja;0,5;40;40;niet gekend;40;niet gekend;0;0;23;;23;0;7;3;;
Horebeke;2023;;Horebeke;non-respons;non-respons;non-respons;non-respons;non-respons;;non-respons;non-respons;non-respons;non-respons;non-respons;non-respons;non-respons;;non-respons;non-respons;non-respons;non-respons;non-respons;non-respons;non-respons;non-respons;non-respons;non-respons;non-respons;non-respons;non-respons;non-respons;non-respons;non-respons;non-respons;non-respons;non-respons;non-respons;non-respons;non-respons;non-respons;non-respons;non-respons;non-respons;non-respons;non-respons;non-respons;non-respons;non-respons;non-respons;non-respons;;non-respons;non-respons;non-respons;non-respons;non-respons;non-respons;non-respons;non-respons;non-respons;non-respons;;non-respons;non-respons;non-respons;non-respons;non-respons;non-respons;non-respons;non-respons;non-respons;non-respons;non-respons;non-respons;non-respons;non-respons;non-respons;non-respons;non-respons;non-respons;non-respons;non-respons;non-respons;non-respons;non-respons;non-respons;non-respons;non-respons;non-respons;non-respons;non-respons;non-respons;non-respons;non-respons;non-respons;non-respons;non-respons;non-respons;non-respons;non-respons;non-respons;non-respons;non-respons;non-respons;non-respons;non-respons;non-respons;non-respons;non-respons;non-respons;non-respons;non-respons;non-respons;non-respons;non-respons;non-respons;non-respons;non-respons;non-respons;non-respons;non-respons;non-respons;non-respons;non-respons;non-respons;non-respons;non-respons;non-respons;non-respons;non-respons;non-respons;non-respons;non-respons;non-respons;non-respons;non-respons;non-respons;non-respons;non-respons;non-respons;non-respons;non-respons;non-respons;non-respons;non-respons;non-respons;non-respons;non-respons;non-respons;non-respons;non-respons;non-respons;non-respons;non-respons;non-respons;non-respons;non-respons;non-respons;non-respons;non-respons;non-respons;non-respons;non-respons;non-respons;non-respons;non-respons;non-respons;non-respons;non-respons;non-respons;non-respons;non-respons;non-respons;non-respons;non-respons;non-respons;non-respons;non-respons;non-respons;non-respons;non-respons;non-respons;non-respons;non-respons;non-respons;non-respons;non-respons;non-respons;non-respons;non-respons;non-respons;non-respons;non-respons;non-respons;non-respons;non-respons;non-respons;non-respons;non-respons;non-respons;non-respons;non-respons;non-respons;non-respons;non-respons;non-respons;non-respons;non-respons;non-respons;non-respons;non-respons;non-respons;non-respons;non-respons;non-respons;non-respons;non-respons;non-respons;non-respons;non-respons;non-respons;non-respons;non-respons;
Houthalen-Helchteren;30815;;Houthalen-Helchteren;Ja;niet gekend;niet gekend;niet gekend;tussen 51 en 100;;0;;0;;0;;3;;0,3;0;110;20;5;5;10;10;25;0;30;5;125;5;30;30;30;30;105;10;0;5;15;5;35;0;35;0;;0;niet gekend ;0;9;;0;;0;;0;;Ja;0;0;0;;0;0;0;0;32;0;0;0;0;0;0;0;;0;0;0;0;0;0;;1;niet gekend;0;1;0;0;;;Ja;Intergemeentelijk Samenwerkingsverband Handhaving Ruimte (RO) Midden-Limburg;Neen;;;;;;;;;;;;;;;;;;;;;;;;;;;;;;;;;;;;;;;;;Ja;3;0;0;0;1,3;0;0;0;47;15;32;0;0;0;32;;0;45;0;5;2;0;;0;;0;0;0;0;;Neen;;;;;;;;;;;;;;;;;;;;;;;;;;;;;;;;;;;;;;;;;;;;;;;;;;;;;;;;;;;
Houthulst;10249;;Houthulst;Ja;55;250;625;tussen 11 en 50;;0;;0;;0;;0;;;;;;;;;;;;;;;;;;;;;;;;;;;;;;;;;;;;;;;;;;Neen;;;;;;;;;;;;;;;;;;;;;;;;;;;;;;;;;Ja;WVI;Ja;1;0,02;0;15;1;2;3;0;3;1;0;1;4;18;0;13;6;0;0;3;0;1;0;1;1;0;0;0;0;;0;2;0;1;0;;0;;0;;Ja;0;0;1;0,08;0,07;0,01;0;29;17;0;12;5;0;0;10;;1;4;0;4;3;0;;0;;0;0;0;0;;Neen;;;;;;;;;;;;;;;;;;;;;;;;;;;;;;;;;;;;;;;;;;;;;;;;;;;;;;;;;;;
Hove;8313;;Hove;Ja;6;24;142;niet gekend;;0;;0;;0;;0;;;;;;;;;;;;;;;;;;;;;;;;;;;;;;;;;;;;;;;;;;Neen;;;;;;;;;;;;;;;;;;;;;;;;;;;;;;;;;Neen;;;;;;;;;;;;;;;;;;;;;;;;;;;;;;;;;;;;;;;;;;;;;;;;;;;;;;;;;;;;;;;;;;;;;;;;;;Ja;PZ HEKLA;Neen;;;;;;;;;;;;;;;;;;;;;;;;;;;;;;;;;;;;;;;;;Neen;;;;;;;;;;;;;;;;
Huldenberg;10018;;Huldenberg;Ja;10;107;643;tussen 51 en 100;;0;;0;;0;;1;;0,05;0,05;11;0;0;2;0;0;2;1;6;0;16;0;13;2;0;1;9;0;0;1;0;0;3;1;4;0;;8;1;0;1;;0;;0;;0;;Neen;;;;;;;;;;;;;;;;;;;;;;;;;;;;;;;;;Ja;Interleuven;Ja;6;0,01;0,01;0;0;0;0;0;0;0;0;0;0;4;0;4;0;0;0;3;0;0;1;0;0;2;0;0;0;;2;1;0;0;0;;0;;0;;Neen;;;;;;;;;;;;;;;;;;;;;;;;;;;;;;;Ja;PZ Vodi;Neen;;;;;;;;;;;;;;;;;;;;;;;;;;;;;;;;;;;;;;;;;Neen;;;;;;;;;;;;;;;;
Hulshout;10566;;Hulshout;Ja;15;44;niet gekend;niet gekend;;1;1;0;;0;;1;;0,1;0;1;0;0;0;0;0;0;0;0;1;0;0;0;0;0;0;1;0;0;0;0;0;0;0;0;1;;1;0;0;0;;0;;0;;0;;Neen;;;;;;;;;;;;;;;;;;;;;;;;;;;;;;;Enkel de klachten gelinkt  aan ingedeelde inrichtingen werden meegenomen in het aantal klachten.;;Ja;IOK;Ja;3;niet gekend;niet gekend;0;0;0;0;0;0;0;0;0;0;3;1;1;1;0;0;1;0;0;1;0;0;0;0;0;0;;0;1;0;0;0;;0;;0;;Ja;3;2;0;0;niet gekend;niet gekend;niet gekend;0;4;0;2;2;0;0;2;;0;2;0;0;0;0;;0;;0;0;0;0;;Ja;PZ ZUIDERKEMPEN;Ja;3;0;0;105;0;11;3;0;72;0;0;19;0;1;0;0;0;1;0;1;0;0;0;0;0;0;0;1;0;;0;0;0;1;0;;0;;0;;Ja;0,1;13;15;0;11;4;0;0;13;;13;0;13;3;;
Ichtegem;14131;;Ichtegem;Ja;niet gekend;niet gekend;niet gekend;niet gekend;;3;3;0;;1;1;1;;0,1;0;5;0;1;0;0;0;1;0;2;1;5;1;4;0;0;0;4;0;0;0;0;0;1;0;1;2;;1;1;0;1;;2;2;0;;0;;Ja;1;0;0;;0;0,1;0;0;4;4;0;4;0;0;0;4;;0;4;0;0;1;4;4;0;;0;0;0;0;;;Neen;;;;;;;;;;;;;;;;;;;;;;;;;;;;;;;;;;;;;;;;;;;;;;;;;;;;;;;;;;;;;;;;;;;;;;;;;;Ja;PZ Kouter;Neen;;;;;;;;;;;;;;;;;;;;;;;;;;;;;;;;;;;;;;;;;Neen;;;;;;;;;;;;;;;;
Ieper;35026;;Ieper;Neen;250;625;1250;niet gekend;;0;;0;;0;;0;;;;;;;;;;;;;;;;;;;;;;;;;;;;;;;;;;;;;;;;;;Ja;0;0;2;;0,4;0;0;0;11;118;10;11;4;79;14;86;;2;81;0;6;2;1;1;0;;0;0;0;0;;;Neen;;;;;;;;;;;;;;;;;;;;;;;;;;;;;;;;;;;;;;;;;;;;;;;;;;;;;;;;;;;;;;;;;;;;;;;;;;Ja;PZ Arro Ieper;Ja;4;4;0;49;2;4;12;4;4;12;5;6;0;135;28;38;19;30;20;52;0;12;7;1;3;12;1;15;1;;0;27;2;30;0;;1;0;0;;Ja;1;8;22;2;8;12;0;0;9;;9;0;3;2;;
Ingelmunster;11280;;Ingelmunster;Ja;22;50;250;tussen 11 en 50;;0;;0;;0;;0;;;;;;;;;;;;;;;;;;;;;;;;;;;;;;;;;;;;;;;;;;Neen;;;;;;;;;;;;;;;;;;;;;;;;;;;;;;;;;Ja;WVI;Ja;1;0,05;0,05;10;0;2;0;0;4;0;1;3;0;13;0;9;1;3;0;4;0;0;0;0;0;2;1;1;0;;0;3;0;3;0;;0;;0;;Ja;1;0;0;0;0,1;0;0,05;22;36;5;17;3;11;0;22;;0;23;0;10;1;0;;0;;1;1;0;0;;Neen;;;;;;;;;;;;;;;;;;;;;;;;;;;;;;;;;;;;;;;;;;;;;;;;;;;;;;;;;;;
Izegem;28795;;Izegem;non-respons;non-respons;non-respons;non-respons;non-respons;;non-respons;non-respons;non-respons;non-respons;non-respons;non-respons;non-respons;;non-respons;non-respons;non-respons;non-respons;non-respons;non-respons;non-respons;non-respons;non-respons;non-respons;non-respons;non-respons;non-respons;non-respons;non-respons;non-respons;non-respons;non-respons;non-respons;non-respons;non-respons;non-respons;non-respons;non-respons;non-respons;non-respons;non-respons;non-respons;non-respons;non-respons;non-respons;non-respons;non-respons;;non-respons;non-respons;non-respons;non-respons;non-respons;non-respons;non-respons;non-respons;non-respons;non-respons;;non-respons;non-respons;non-respons;non-respons;non-respons;non-respons;non-respons;non-respons;non-respons;non-respons;non-respons;non-respons;non-respons;non-respons;non-respons;non-respons;non-respons;non-respons;non-respons;non-respons;non-respons;non-respons;non-respons;non-respons;non-respons;non-respons;non-respons;non-respons;non-respons;non-respons;non-respons;non-respons;non-respons;non-respons;non-respons;non-respons;non-respons;non-respons;non-respons;non-respons;non-respons;non-respons;non-respons;non-respons;non-respons;non-respons;non-respons;non-respons;non-respons;non-respons;non-respons;non-respons;non-respons;non-respons;non-respons;non-respons;non-respons;non-respons;non-respons;non-respons;non-respons;non-respons;non-respons;non-respons;non-respons;non-respons;non-respons;non-respons;non-respons;non-respons;non-respons;non-respons;non-respons;non-respons;non-respons;non-respons;non-respons;non-respons;non-respons;non-respons;non-respons;non-respons;non-respons;non-respons;non-respons;non-respons;non-respons;non-respons;non-respons;non-respons;non-respons;non-respons;non-respons;non-respons;non-respons;non-respons;non-respons;non-respons;non-respons;non-respons;non-respons;non-respons;non-respons;non-respons;non-respons;non-respons;non-respons;non-respons;non-respons;non-respons;non-respons;non-respons;non-respons;non-respons;non-respons;non-respons;non-respons;non-respons;non-respons;non-respons;non-respons;non-respons;non-respons;non-respons;non-respons;non-respons;non-respons;non-respons;non-respons;non-respons;non-respons;non-respons;non-respons;non-respons;non-respons;non-respons;non-respons;non-respons;non-respons;non-respons;non-respons;non-respons;non-respons;non-respons;non-respons;non-respons;non-respons;non-respons;non-respons;non-respons;non-respons;non-respons;non-respons;non-respons;non-respons;non-respons;non-respons;non-respons;non-respons;non-respons;non-respons;
Jabbeke;14217;;Jabbeke;Ja;niet gekend;niet gekend;niet gekend;niet gekend;;0;;0;;0;;1;;0,01;0;0;0;0;0;0;0;0;0;0;0;1;0;0;0;0;0;0;0;0;0;0;0;0;0;0;0;;0;0;0;0;;0;;0;;0;;niet gekend;niet gekend;niet gekend;niet gekend;niet gekend;niet gekend;niet gekend;niet gekend;niet gekend;niet gekend;niet gekend;niet gekend;niet gekend;niet gekend;niet gekend;niet gekend;niet gekend;niet gekend;niet gekend;niet gekend;niet gekend;niet gekend;niet gekend;niet gekend;niet gekend;niet gekend;niet gekend;niet gekend;niet gekend;niet gekend;niet gekend;niet gekend;niet gekend;niet gekend;niet gekend;niet gekend;niet gekend;niet gekend;niet gekend;niet gekend;niet gekend;niet gekend;niet gekend;niet gekend;niet gekend;niet gekend;niet gekend;niet gekend;niet gekend;niet gekend;niet gekend;niet gekend;niet gekend;niet gekend;niet gekend;niet gekend;niet gekend;niet gekend;niet gekend;niet gekend;niet gekend;niet gekend;niet gekend;niet gekend;niet gekend;niet gekend;niet gekend;niet gekend;niet gekend;niet gekend;niet gekend;niet gekend;niet gekend;niet gekend;niet gekend;niet gekend;niet gekend;niet gekend;niet gekend;niet gekend;niet gekend;niet gekend;niet gekend;niet gekend;niet gekend;niet gekend;niet gekend;niet gekend;niet gekend;niet gekend;niet gekend;niet gekend;niet gekend;niet gekend;niet gekend;niet gekend;niet gekend;niet gekend;niet gekend;niet gekend;niet gekend;niet gekend;niet gekend;niet gekend;niet gekend;niet gekend;niet gekend;niet gekend;niet gekend;niet gekend;niet gekend;niet gekend;niet gekend;niet gekend;niet gekend;niet gekend;niet gekend;niet gekend;niet gekend;niet gekend;niet gekend;niet gekend;niet gekend;niet gekend;niet gekend;niet gekend;niet gekend;niet gekend;niet gekend;niet gekend;niet gekend;niet gekend;niet gekend;niet gekend;niet gekend;niet gekend;niet gekend;niet gekend;niet gekend;niet gekend;niet gekend;niet gekend;niet gekend;niet gekend;niet gekend;niet gekend;niet gekend;niet gekend;niet gekend;niet gekend;niet gekend;niet gekend;niet gekend;niet gekend;niet gekend;niet gekend;niet gekend;niet gekend;niet gekend;niet gekend;niet gekend;niet gekend;niet gekend;niet gekend;niet gekend;;
Kalmthout;19178;;Kalmthout;niet gekend;niet gekend;niet gekend;niet gekend;niet gekend;;niet gekend;niet gekend;niet gekend;niet gekend;niet gekend;niet gekend;niet gekend;;niet gekend;niet gekend;niet gekend;niet gekend;niet gekend;niet gekend;niet gekend;niet gekend;niet gekend;niet gekend;niet gekend;niet gekend;niet gekend;niet gekend;niet gekend;niet gekend;niet gekend;niet gekend;niet gekend;niet gekend;niet gekend;niet gekend;niet gekend;niet gekend;niet gekend;niet gekend;niet gekend;niet gekend;niet gekend;niet gekend;niet gekend;niet gekend;niet gekend;;niet gekend;niet gekend;niet gekend;niet gekend;niet gekend;niet gekend;niet gekend;niet gekend;niet gekend;niet gekend;;niet gekend;niet gekend;niet gekend;niet gekend;niet gekend;niet gekend;niet gekend;niet gekend;niet gekend;niet gekend;niet gekend;niet gekend;niet gekend;niet gekend;niet gekend;niet gekend;niet gekend;niet gekend;niet gekend;niet gekend;niet gekend;niet gekend;niet gekend;niet gekend;niet gekend;niet gekend;;;Ja;IGEAN;Ja;4;niet gekend;niet gekend;3;0;0;0;0;0;2;1;0;0;3;0;3;0;0;0;3;0;0;0;0;0;2;1;0;0;;0;2;0;1;1;1;0;;0;;Ja;1;1;0;0;niet gekend;niet gekend;0;9;niet gekend;niet gekend;niet gekend;niet gekend;niet gekend;niet gekend;niet gekend;;0;3;0;0;;0;;0;;0;0;0;;;niet gekend ;niet gekend ;niet gekend ;niet gekend ;niet gekend ;niet gekend ;niet gekend ;niet gekend ;niet gekend ;niet gekend ;niet gekend ;niet gekend ;niet gekend ;niet gekend ;niet gekend ;niet gekend ;niet gekend ;niet gekend ;niet gekend ;niet gekend ;niet gekend ;niet gekend ;niet gekend ;niet gekend ;niet gekend ;niet gekend ;niet gekend ;niet gekend ;niet gekend ;niet gekend ;niet gekend ;niet gekend ;niet gekend ;niet gekend ;niet gekend ;niet gekend ;niet gekend ;niet gekend ;niet gekend ;niet gekend ;niet gekend ;niet gekend ;niet gekend ;niet gekend ;niet gekend ;niet gekend ;niet gekend ;niet gekend ;niet gekend ;niet gekend ;niet gekend ;niet gekend ;niet gekend ;niet gekend ;niet gekend ;niet gekend ;niet gekend ;niet gekend ;;
Kampenhout;12342;;Kampenhout;Ja;15;61;793;niet gekend;;0;;0;;3;niet gekend;1;;0,1;0,1;niet gekend;niet gekend (niet geregistreerd) ;niet gekend (niet geregistreerd) ;niet gekend (niet geregistreerd) ;niet gekend (niet geregistreerd) ;niet gekend (niet geregistreerd) ;niet gekend (niet geregistreerd) ;niet gekend (niet geregistreerd) ;niet gekend (niet geregistreerd) ;niet gekend (niet geregistreerd) ;0;0;0;0;0;0;0;0;0;0;0;0;0;0;0;0;;0;0;0;0;;0;;0;0;0;;Neen;;;;;;;;;;;;;;;;;;;;;;;;;;;;;;;;;Ja;Haviland;Ja;3;0,1;0,1;58;6;1;7;2;0;6;0;0;36;20;3;14;3;0;0;21;5;2;5;2;1;3;1;2;niet gekend;;3;10;2;10;0;;1;1;0;;Ja;0;0;2;0,1;0;0;niet gekend;8;11;1;8;2;0;0;8;;8;0;niet gekend;niet gekend;niet gekend;0;;0;;0;niet gekend;1;niet gekend;;Ja;PZ KASTZE;Neen;;;;;;;;;;;;;;;;;;;;;;;;;;;;;;;;;;;;;;;;;Ja;niet gekend;niet gekend;6;1;4;1;niet gekend;niet gekend;4;;niet gekend;1;niet gekend;niet gekend;;
Kapellen;27427;;Kapellen;Ja;37;195;602;tussen 11 en 50;;0;;1;1;0;;0;;;;;;;;;;;;;;;;;;;;;;;;;;;;;;;;;;;;;;;;;;Neen;;;;;;;;;;;;;;;;;;;;;;;;;;;;;;;;;Ja;IGEAN;Ja;4;niet gekend;niet gekend;11;0;0;11;0;0;0;0;0;0;27;8;11;8;0;0;11;0;0;11;0;0;0;0;0;0;;11;0;0;0;0;;0;;0;;Ja;1;1;0;0;niet gekend;niet gekend;niet gekend;24;niet gekend;niet gekend;niet gekend;niet gekend;niet gekend;niet gekend;niet gekend;;0;4;niet gekend;2;0;0;;0;;niet gekend;0;0;niet gekend;;Ja;PZ Noord;Ja;1;0,1;0,1;574;0;38;7;71;373;4;1;76;4;15;1;10;4;0;0;12;0;0;0;2;2;6;0;1;1;;4;0;niet gekend;3;niet gekend;niet gekend;niet gekend;niet gekend;niet gekend;;Ja;0,4;37;33;0;21;12;niet gekend;niet gekend;9;;4;niet gekend;5;1;"Cijfers zijn bij benadering. Meldingen worden door verschillende diensten behandeld. Meldingen ""milieu"" omvatten eveneens geluidsoverlast, nachtlawaai, sluikstort,... waardoor het aantal meldingen oploopt. ";
Kapelle-op-den-Bos;9604;;Kapelle-op-den-Bos;Neen;5;24;160;niet gekend;;2;0;niet gekend;niet gekend;niet gekend;niet gekend;0;;;;;;;;;;;;;;;;;;;;;;;;;;;;;;;;;;;;;;;;;;Ja;1;0;0;;0;0,05;0;0;37;6;1;5;0;0;0;5;;0;1;0;5;3;0;;0;;0;0;0;0;;;Ja;niet gekend;Ja;2;0,06;0;0;0;0;0;0;0;0;0;0;0;6;3;3;0;niet gekend;niet gekend;3;niet gekend;niet gekend;niet gekend;niet gekend;niet gekend;3;niet gekend;niet gekend;niet gekend;;0;9;niet gekend;6;0;;0;;0;;Neen;;;;;;;;;;;;;;;;;;;;;;;;;;;;;;;Ja;PZ KLM;Neen;;;;;;;;;;;;;;;;;;;;;;;;;;;;;;;;;;;;;;;;;niet gekend;niet gekend;niet gekend;niet gekend;niet gekend;niet gekend;niet gekend;niet gekend;niet gekend;niet gekend;niet gekend;niet gekend;niet gekend;niet gekend;niet gekend;;
Kaprijke;6540;;Kaprijke;Neen;niet gekend;niet gekend;niet gekend;niet gekend;;0;;0;;0;;0;;;;;;;;;;;;;;;;;;;;;;;;;;;;;;;;;;;;;;;;;;Ja;0;0;0;;niet gekend;niet gekend;niet gekend;niet gekend;3;3;0;3;niet gekend;niet gekend;0;niet gekend;;0;0;niet gekend;3;3;0;;0;;0;4;0;niet gekend;;;Ja;VENECO;Neen;;;;;;;;;;;;;;;;;;;;;;;;;;;;;;;;;;;;;;;;;Neen;;;;;;;;;;;;;;;;;;;;;;;;;;;;;;;Ja;PZ Meetjesland;Neen;;;;;;;;;;;;;;;;;;;;;;;;;;;;;;;;;;;;;;;;;Ja;niet gekend;3;6;niet gekend;3;3;niet gekend;niet gekend;niet gekend;;niet gekend;3;3;3;;
Kasterlee;19131;;Kasterlee;Ja;niet gekend;niet gekend;niet gekend;tussen 11 en 50;;0;;0;;0;;0;;;;;;;;;;;;;;;;;;;;;;;;;;;;;;;;;;;;;;;;;;Neen;;;;;;;;;;;;;;;;;;;;;;;;;;;;;;;;;Ja;IOK;Neen;;;;;;;;;;;;;;;;;;;;;;;;;;;;;;;;;;;;;;;;;Ja;3;2;0;0;niet gekend;niet gekend;niet gekend;0;20;1;17;2;0;0;14;;0;18;0;0;0;0;;0;;0;0;0;0;"

";Ja;PZ Regio Turnhout;Ja;3;0,27;0;33;0;5;3;1;1;12;1;8;2;15;0;13;0;2;0;14;0;0;0;0;0;11;0;3;0;;0;10;0;4;0;;0;;0;;Ja;0,23;9;6;0;6;0;0;0;6;;0;0;5;4;;
Keerbergen;13110;;Keerbergen;Ja;niet gekend; niet gekend; niet gekend;niet gekend;;0;;0;;0;;0;;;;;;;;;;;;;;;;;;;;;;;;;;;;;;;;;;;;;;;;;;Neen;;;;;;;;;;;;;;;;;;;;;;;;;;;;;;;;;Ja;Interleuven;Ja;2;0,2;0,1;11;0;0;4;0;2;0;2;3;0;101;2;7;6;36;50;17;1;0;12;0;0;0;1;2;1;;2;16;0;5;0;;0;;0;;Ja;3;0;0;0;0,7;0;0,1;31;34;0;14;6;10;4;17;;2;20;0;1;1;0;;0;;0;0;0;0;Er wordt voor de gemeente Keerbergen reeds jaren ingezet op controles van heraanplanten. De plaatsbezoeken en brieven  die daarmee verband hebben zijn niet opgenomen in de rapportage omdat deze niet onmiddellijk in het handhavingstraject worden opgenomen. De gegevens inzake controles zijn vooral gebaseerd op effectieve plaatsbezoeken. De controles van stukken worden niet steeds genoteerd in de database.;Neen;;;;;;;;;;;;;;;;;;;;;;;;;;;;;;;;;;;;;;;;;;;;;;;;;;;;;;;;;;;
Kinrooi;12256;;Kinrooi;Ja;64;76;835;niet gekend;niet gekend;niet gekend;niet gekend;niet gekend;niet gekend;niet gekend;niet gekend;1;;0,1;0,1;57;0;6;8;3;3;3;2;30;2;18;4;12;2;0;0;10;0;0;4;2;2;1;1;0;0;;14;4;0;0;;0;;0;;0;;Ja;niet gekend;niet gekend;0;;niet gekend;niet gekend;niet gekend;niet gekend;niet gekend;niet gekend;niet gekend;niet gekend;niet gekend;niet gekend;niet gekend;niet gekend;niet gekend;niet gekend;niet gekend;niet gekend;niet gekend;niet gekend;niet gekend;niet gekend;niet gekend;niet gekend;niet gekend;niet gekend;niet gekend;niet gekend;;;Neen;;;;;;;;;;;;;;;;;;;;;;;;;;;;;;;;;;;;;;;;;;;;;;;;;;;;;;;;;;;;;;;;;;;;;;;;;;Ja;PZ Carma ;Neen;;;;;;;;;;;;;;;;;;;;;;;;;;;;;;;;;;;;;;;;;Neen;;;;;;;;;;;;;;;;
Kluisbergen;6793;;Kluisbergen;Ja;40;80;150;tussen 51 en 100;;0;;0;;0;;1;;niet gekend;niet gekend;niet gekend;niet gekend;niet gekend;niet gekend;niet gekend;niet gekend;niet gekend;niet gekend;niet gekend;niet gekend;niet gekend;niet gekend;niet gekend;niet gekend;niet gekend;niet gekend;niet gekend;niet gekend;niet gekend;niet gekend;niet gekend;niet gekend;niet gekend;niet gekend;niet gekend;niet gekend;niet gekend;niet gekend;niet gekend;0;0;;0;;0;;0;;Neen;;;;;;;;;;;;;;;;;;;;;;;;;;;;;;;;;Ja;SOLVA;Ja;1;0,02;0,01;4;0;1;0;0;0;1;0;0;2;3;0;2;1;0;0;2;0;0;0;0;0;1;0;0;1;;0;2;0;0;0;;0;;0;;Ja;0;0;1;0,05;0;0;0,01;7;10;2;6;0;0;2;6;;0;6;0;0;0;0;;0;;0;0;0;0;;Ja;PZ Vlaamse Ardennen;Neen;;;;;;;;;;;;;;;;;;;;;;;;;;;;;;;;;;;;;;;;;Ja;niet gekend;niet gekend;niet gekend;niet gekend;niet gekend;niet gekend;niet gekend;niet gekend;niet gekend;niet gekend;niet gekend;niet gekend;niet gekend;niet gekend;;
Knokke-Heist;32863;;Knokke-Heist;Ja;2;17;149;tussen 11 en 50;;1;1;0;;0;;1;;0,2;0,1;20;3;4;0;1;8;0;3;1;0;26;3;20;3;0;0;12;1;3;0;0;6;0;2;0;0;;12;12;0;0;;0;;0;;0;;Ja;0;0;1;;1;0;0;0;174;225;15;80;40;70;20;50;;15;210;4;4;0;0;;0;;0;3;0;0;;;Neen;;;;;;;;;;;;;;;;;;;;;;;;;;;;;;;;;;;;;;;;;;;;;;;;;;;;;;;;;;;;;;;;;;;;;;;;;;Neen;;;;;;;;;;;;;;;;;;;;;;;;;;;;;;;;;;;;;;;;;;;;;;;;;;;;;;;;;;;
Koekelare;8769;;Koekelare;Ja;112;186;603;niet gekend;;0;;0;;0;;0;;;;;;;;;;;;;;;;;;;;;;;;;;;;;;;;;;;;;;;;;;Neen;;;;;;;;;;;;;;;;;;;;;;;;;;;;;;;;;Ja;WVI;Ja;1;0,01;0;4;0;1;0;0;0;2;0;1;0;5;0;4;1;0;0;1;0;1;0;0;0;0;0;0;0;;0;1;0;0;0;;0;;0;;Ja;0;0;1;0,09;0;0;0;22;18;0;14;4;0;0;14;;1;7;0;6;1;0;;0;;0;0;1;0;;Neen;;;;;;;;;;;;;;;;;;;;;;;;;;;;;;;;;;;;;;;;;;;;;;;;;;;;;;;;;;;
Koksijde;21846;;Koksijde;Ja;11;65;350;niet gekend;;0;;0;;0;;2;;0,05;0;7;0;3;0;1;2;0;0;1;0;11;0;7;4;0;0;1;0;0;0;0;0;0;0;1;0;;1;1;0;0;;0;;0;;0;;Neen;;;;;;;;;;;;;;;;;;;;;;;;;;;;;;;;;Neen;;;;;;;;;;;;;;;;;;;;;;;;;;;;;;;;;;;;;;;;;;;;;;;;;;;;;;;;;;;;;;;;;;;;;;;;;;Ja;PZ Westkust;Ja;2;0,1;0;1;0;0;0;0;1;0;0;0;0;2;0;1;1;0;0;1;0;0;0;0;1;0;0;0;0;;0;3;0;3;0;;0;;0;;Ja;0,2;32;32;0;32;0;0;0;19;;0;5;21;5;;
Kontich;21333;;Kontich;Ja;22;130;383;niet gekend;;0;;0;;0;;2;;0,5;0;47;3;0;7;0;3;20;2;12;0;76;4;37;12;6;17;25;2;0;4;0;2;11;1;6;0;;3;34;0;4;;2;1;0;;0;;Ja;1;0;0;;0;0,5;0;0;70;63;1;15;7;30;10;20;;2;66;0;4;4;0;;0;;0;0;0;0;;;Neen;;;;;;;;;;;;;;;;;;;;;;;;;;;;;;;;;;;;;;;;;;;;;;;;;;;;;;;;;;;;;;;;;;;;;;;;;;Ja;PZ HEKLA;Neen;;;;;;;;;;;;;;;;;;;;;;;;;;;;;;;;;;;;;;;;;Ja;niet gekend;0;8;1;7;0;0;0;2;;7;0;2;0;;
Kortemark;12793;;Kortemark;Ja;112;280;niet gekend;niet gekend;;0;;0;;0;;1;;0,1;0,1;64;3;5;4;0;35;2;1;niet gekend;14;0;0;0;0;0;0;0;0;0;0;0;0;0;0;0;0;;2;0;0;0;;0;;0;;0;;Neen;;;;;;;;;;;;;;;;;;;;;;;;;;;;;;;;;Ja;WVI;Ja;1;0,05;0;9;0;1;0;0;2;6;0;0;0;13;0;9;4;0;0;4;1;0;0;0;0;3;0;0;0;;0;3;0;1;0;;0;;0;;Ja;0;0;1;0,15;0;0;0;19;18;0;12;6;0;0;11;;1;3;0;7;2;0;;0;;0;0;0;0;;Neen;;;;;;;;;;;;;;;;;;;;;;;;;;;;;;;;;;;;;;;;;;;;;;;;;;;;;;;;;;;
Kortenaken;7918;;Kortenaken;Ja;0;0;0;niet gekend;;0;;0;;0;;1;;0,05;0,05;26;5;3;2;2;2;0;2;10;0;11;1;5;5;0;0;2;0;0;0;2;0;0;0;0;0;;25;5;0;0;;0;;0;;0;;Neen;;;;;;;;;;;;;;;;;;;;;;;;;;;;;;;;;Neen;;;;;;;;;;;;;;;;;;;;;;;;;;;;;;;;;;;;;;;;;;;;;;;;;;;;;;;;;;;;;;;;;;;;;;;;;;Neen;;;;;;;;;;;;;;;;;;;;;;;;;;;;;;;;;;;;;;;;;;;;;;;;;;;;;;;;;;;
Kortenberg;20463;;Kortenberg;Ja;12;101;694;niet gekend;;0;;0;;0;;1;;0;0;0;0;0;0;0;0;0;0;0;0;0;0;0;0;0;0;0;0;0;0;0;0;0;0;0;0;;0;0;0;0;;0;;0;;0;;Neen;;;;;;;;;;;;;;;;;;;;;;;;;;;;;;;;;Ja;Interleuven;Ja;2;0,1;0,1;6;0;0;0;1;1;0;1;3;0;10;1;5;1;3;0;5;0;0;0;1;1;1;1;1;0;;0;4;0;1;0;;0;;0;;Ja;2;0;0;0;0,2;0;0;8;25;4;2;0;19;0;8;;1;27;0;8;0;0;;0;;0;0;0;0;De gegevens inzake controles zijn vooral gebaseerd op effectieve plaatsbezoeken. De controles van stukken worden niet steeds genoteerd in de database.;Ja;PZ Herko;Neen;;;;;;;;;;;;;;;;;;;;;;;;;;;;;;;;;;;;;;;;;Neen;;;;;;;;;;;;;;;;
Kortessem;8594;;Kortessem;Ja;niet gekend;niet gekend;niet gekend;niet gekend;;3;3;0;;2;1;0;;;;;;;;;;;;;;;;;;;;;;;;;;;;;;;;;;;;;;;;;;Neen;;;;;;;;;;;;;;;;;;;;;;;;;;;;;;;;;Neen;;;;;;;;;;;;;;;;;;;;;;;;;;;;;;;;;;;;;;;;;;;;;;;;;;;;;;;;;;;;;;;;;;;;;;;;;;Ja;PZ Borgloon;Ja;0;0;0,5;13;0;0;1;0;0;1;0;7;4;0;0;0;0;0;0;0;0;0;0;0;0;0;0;0;0;;niet gekend;0;0;0;0;;0;;0;;Ja;niet gekend;1;2;0;1;1;0;0;1;;niet gekend;1;1;0;;
Kortrijk;77705;;Kortrijk;Ja;200;500;2000;niet gekend;;niet gekend;niet gekend;niet gekend;niet gekend;niet gekend;niet gekend;0;;;;;;;;;;;;;;;;;;;;;;;;;;;;;;;;;;;;;;;;;;Ja;1;0;0;;0;0,5;0;niet gekend;niet gekend;niet gekend;niet gekend;niet gekend;niet gekend;niet gekend;niet gekend;niet gekend;;niet gekend;niet gekend;0;5;2;0;;0;;0;0;0;0;;;Ja;Intercommunale Leiedal;Ja;1;0,1;0;5;3;0;0;0;1;1;0;0;0;4;0;4;0;0;0;2;2;0;0;0;0;0;0;0;0;;2;1;0;0;0;;0;;0;;Ja;1;0;0;0;0,2;0;niet gekend;12;13;1;11;1;0;0;11;;4;6;0;0;0;0;;0;;0;0;0;0;;niet gekend;niet gekend;niet gekend;niet gekend;niet gekend;niet gekend;niet gekend;niet gekend;niet gekend;niet gekend;niet gekend;niet gekend;niet gekend;niet gekend;niet gekend;niet gekend;niet gekend;niet gekend;niet gekend;niet gekend;niet gekend;niet gekend;niet gekend;niet gekend;niet gekend;niet gekend;niet gekend;niet gekend;niet gekend;niet gekend;niet gekend;niet gekend;niet gekend;niet gekend;niet gekend;niet gekend;niet gekend;niet gekend;niet gekend;niet gekend;niet gekend;niet gekend;niet gekend;niet gekend;niet gekend;niet gekend;niet gekend;niet gekend;niet gekend;niet gekend;niet gekend;niet gekend;niet gekend;niet gekend;niet gekend;niet gekend;niet gekend;niet gekend;;
Kraainem;13888;;Kraainem;Ja;14;29;84;niet gekend;;0;;0;;0;;1;;0;0;0;0;0;0;0;0;0;0;0;0;0;0;0;0;0;0;0;0;0;0;0;0;0;0;0;0;;0;0;0;0;;0;;0;;0;;Ja;1;0;0;;0;0,1;0;0;1;6;0;3;3;0;0;1;;0;4;0;1;0;0;;0;;0;1;0;0;;;Neen;;;;;;;;;;;;;;;;;;;;;;;;;;;;;;;;;;;;;;;;;;;;;;;;;;;;;;;;;;;;;;;;;;;;;;;;;;Neen;;;;;;;;;;;;;;;;;;;;;;;;;;;;;;;;;;;;;;;;;;;;;;;;;;;;;;;;;;;
Kruibeke;16965;;Kruibeke;Neen;36;61;341;niet gekend;;0;;0;;0;;1;;0,2;0,1;74;5;10;19;6;5;3;3;16;7;49;7;26;4;10;2;23;0;4;17;0;1;0;0;1;0;;1;4;0;18;;0;;0;;0;;Neen;;;;;;;;;;;;;;;;;;;;;;;;;;;;;;;;;Neen;;;;;;;;;;;;;;;;;;;;;;;;;;;;;;;;;;;;;;;;;;;;;;;;;;;;;;;;;;;;;;;;;;;;;;;;;;Ja;PZ Kruibeke-Temse;Neen;;;;;;;;;;;;;;;;;;;;;;;;;;;;;;;;;;;;;;;;;Ja;0,2;5;5;0;5;0;0;0;0;;5;0;0;0;;
Kruisem;15878;;Kruisem;Ja;54;179;niet gekend;niet gekend;;0;;0;;0;;2;;0,1;0;10;0;0;1;1;3;4;0;1;0;16;1;12;3;0;0;6;0;0;2;1;0;2;0;1;0;;2;3;6;4;;0;;0;;0;;Neen;;;;;;;;;;;;;;;;;;;;;;;;;;;;;;;;;Neen;;;;;;;;;;;;;;;;;;;;;;;;;;;;;;;;;;;;;;;;;;;;;;;;;;;;;;;;;;;;;;;;;;;;;;;;;;Ja;PZ Vlaamse Ardennen;Neen;;;;;;;;;;;;;;;;;;;;;;;;;;;;;;;;;;;;;;;;;Ja;niet gekend;niet gekend ;niet gekend;niet gekend;niet gekend;niet gekend;niet gekend;niet gekend;niet gekend;;niet gekend;niet gekend;niet gekend;neit gekend;Politie maakt andere opdeling. ;
Kuurne;13971;;Kuurne;non-respons;non-respons;non-respons;non-respons;non-respons;;non-respons;non-respons;non-respons;non-respons;non-respons;non-respons;non-respons;;non-respons;non-respons;non-respons;non-respons;non-respons;non-respons;non-respons;non-respons;non-respons;non-respons;non-respons;non-respons;non-respons;non-respons;non-respons;non-respons;non-respons;non-respons;non-respons;non-respons;non-respons;non-respons;non-respons;non-respons;non-respons;non-respons;non-respons;non-respons;non-respons;non-respons;non-respons;non-respons;non-respons;;non-respons;non-respons;non-respons;non-respons;non-respons;non-respons;non-respons;non-respons;non-respons;non-respons;;non-respons;non-respons;non-respons;non-respons;non-respons;non-respons;non-respons;non-respons;non-respons;non-respons;non-respons;non-respons;non-respons;non-respons;non-respons;non-respons;non-respons;non-respons;non-respons;non-respons;non-respons;non-respons;non-respons;non-respons;non-respons;non-respons;non-respons;non-respons;non-respons;non-respons;non-respons;non-respons;non-respons;non-respons;non-respons;non-respons;non-respons;non-respons;non-respons;non-respons;non-respons;non-respons;non-respons;non-respons;non-respons;non-respons;non-respons;non-respons;non-respons;non-respons;non-respons;non-respons;non-respons;non-respons;non-respons;non-respons;non-respons;non-respons;non-respons;non-respons;non-respons;non-respons;non-respons;non-respons;non-respons;non-respons;non-respons;non-respons;non-respons;non-respons;non-respons;non-respons;non-respons;non-respons;non-respons;non-respons;non-respons;non-respons;non-respons;non-respons;non-respons;non-respons;non-respons;non-respons;non-respons;non-respons;non-respons;non-respons;non-respons;non-respons;non-respons;non-respons;non-respons;non-respons;non-respons;non-respons;non-respons;non-respons;non-respons;non-respons;non-respons;non-respons;non-respons;non-respons;non-respons;non-respons;non-respons;non-respons;non-respons;non-respons;non-respons;non-respons;non-respons;non-respons;non-respons;non-respons;non-respons;non-respons;non-respons;non-respons;non-respons;non-respons;non-respons;non-respons;non-respons;non-respons;non-respons;non-respons;non-respons;non-respons;non-respons;non-respons;non-respons;non-respons;non-respons;non-respons;non-respons;non-respons;non-respons;non-respons;non-respons;non-respons;non-respons;non-respons;non-respons;non-respons;non-respons;non-respons;non-respons;non-respons;non-respons;non-respons;non-respons;non-respons;non-respons;non-respons;non-respons;non-respons;non-respons;non-respons;non-respons;
Laakdal;16458;;Laakdal;Ja;25;65;niet gekend;niet gekend;;0;;0;;0;;1;;0,05;0,05;13;0;1;2;0;2;1;1;3;3;0;0;0;0;0;0;0;0;0;0;0;0;0;0;0;0;;0;0;0;0;;0;;0;;0;;Neen;;;;;;;;;;;;;;;;;;;;;;;;;;;;;;;;;Ja;IOK;Ja;3;niet gekend;niet gekend;0;0;0;0;0;0;0;0;0;0;8;2;3;3;0;0;3;0;1;0;2;0;0;0;0;0;;0;1;0;0;0;;0;;0;;Ja;3;2;0;0;niet gekend;niet gekend;niet gekend;0;2;1;1;0;0;0;1;;0;2;0;0;0;0;;0;;0;0;0;0; ;Neen;;;;;;;;;;;;;;;;;;;;;;;;;;;;;;;;;;;;;;;;;;;;;;;;;;;;;;;;;;;
Laarne;12512;;Laarne;Ja;2;5;26;niet gekend;;2;2;0;;0;;0;;;;;;;;;;;;;;;;;;;;;;;;;;;;;;;;;;;;;;;;;;Neen;;;;;;;;;;;;;;;;;;;;;;;;;;;;;;;"Door Omgevingsambtenaar werden 28 klachten met betrekking tot milieu schriftelijk ontvangen, een 50 tal mondeling (vooral zwerfvuil).
23 controles werden uitgevoerd. in samenwerking met politie.";;Neen;;;;;;;;;;;;;;;;;;;;;;;;;;;;;;;;;;;;;;;;;;;;;;;;;;;;;;;;;;;;;;;;;;;;;;;;;;Ja;PZ Wetteren - Laarne - Wichelen;Ja;1;niet gekend;niet gekend;niet gekend;niet gekend;niet gekend;niet gekend;niet gekend;niet gekend;niet gekend;niet gekend;niet gekend;niet gekend;niet gekend;niet gekend;niet gekend;niet gekend;niet gekend;niet gekend;niet gekend;niet gekend;niet gekend;niet gekend;niet gekend;niet gekend;niet gekend;niet gekend;niet gekend;niet gekend;;niet gekend;niet gekend;niet gekend;niet gekend;niet gekend;niet gekend;niet gekend;;niet gekend;;Ja;0;niet gekend;niet gekend;niet gekend;niet gekend;niet gekend;niet gekend;niet gekend;niet gekend;;niet gekend;niet gekend;niet gekend;niet gekend;;
Lanaken;26153;;Lanaken;Ja;29;niet gekend;niet gekend;niet gekend;;0;;0;;0;;1;;0,2;0,1;niet gekend;niet gekend;niet gekend;niet gekend;niet gekend;niet gekend;niet gekend;niet gekend;niet gekend;niet gekend;28;3;12;5;4;4;7;0;0;2;2;0;1;1;1;0;;0;5;0;2;;0;;0;;0;;Ja;1;0;0;;0;0,5;0;0;32;niet gekend;niet gekend;niet gekend;niet gekend;niet gekend;niet gekend;37;;niet gekend;12;0;6;3;0;;0;;0;0;0;0;;;Neen;;;;;;;;;;;;;;;;;;;;;;;;;;;;;;;;;;;;;;;;;;;;;;;;;;;;;;;;;;;;;;;;;;;;;;;;;;Neen;;;;;;;;;;;;;;;;;;;;;;;;;;;;;;;;;;;;;;;;;;;;;;;;;;;;;;;;;;;
Landen;16143;;Landen;Ja;12;80;300;tussen 11 en 50;;1;1;0;;0;;1;;0,2;0,1;144;5;8;30;6;15;10;25;40;5;135;105;10;5;5;10;64;0;0;15;5;10;4;10;20;niet gekend;;20;30;0;1;;1;0;0;;0;;Ja;0;0;1;;0,1;0,1;0;0;4;3;1;2;0;0;0;0;;0;0;0;0;1;0;;0;;0;1;0;0;"De software om correct en vlot het aantal ingedeelde inrichtingen te genereren faalt al eens. Hinder is niet altijd correct uit te drukken in normen of getallen.       
";;Neen;;;;;;;;;;;;;;;;;;;;;;;;;;;;;;;;;;;;;;;;;;;;;;;;;;;;;;;;;;;;;;;;;;;;;;;;;;Ja;PZ Getevallei;Ja;1;0;0;213;0;23;0;0;149;0;3;38;0;0;0;0;0;0;0;8;0;0;0;0;0;0;0;7;1;;0;0;0;8;0;;0;;0;;Ja;0,1;10;5;3;1;1;0;0;1;;2;0;1;1;;
Langemark-Poelkapelle;7924;;Langemark-Poelkapelle;Ja;78;207;310;niet gekend;;niet gekend;niet gekend;niet gekend;niet gekend;niet gekend;niet gekend;0;;;;;;;;;;;;;;;;;;;;;;;;;;;;;;;;;;;;;;;;;;Neen;;;;;;;;;;;;;;;;;;;;;;;;;;;;;;;;;Neen;;;;;;;;;;;;;;;;;;;;;;;;;;;;;;;;;;;;;;;;;;;;;;;;;;;;;;;;;;;;;;;;;;;;;;;;;;Ja;PZ Arro Ieper;Ja;niet gekend;niet gekend;niet gekend;niet gekend;niet gekend;niet gekend;niet gekend;niet gekend;niet gekend;niet gekend;niet gekend;niet gekend;niet gekend;niet gekend;niet gekend;niet gekend;niet gekend;niet gekend;niet gekend;niet gekend;niet gekend;niet gekend;niet gekend;niet gekend;niet gekend;niet gekend;niet gekend;niet gekend;niet gekend;niet gekend;niet gekend;niet gekend;niet gekend;niet gekend;niet gekend;niet gekend;niet gekend;niet gekend;niet gekend;niet gekend;niet gekend;niet gekend;niet gekend;niet gekend;niet gekend;niet gekend;niet gekend;niet gekend;niet gekend;niet gekend;niet gekend;niet gekend;niet gekend;niet gekend;niet gekend;;
Lebbeke;19716;;Lebbeke;Ja;niet gekend;niet gekend;niet gekend;niet gekend;;0;;0;;0;;1;;0,1;1;27;0;4;0;2;3;9;0;8;1;27;0;4;0;0;0;27;0;4;0;2;3;9;0;8;1;;15;11;0;0;;0;;0;;0;;Ja;0;0;0;;0;0;0;0,1;17;17;niet gekend;17;niet gekend;0;0;0;;0;3;4;8;2;niet gekend;niet gekend;niet gekend;niet gekend;0;niet gekend;niet gekend;niet gekend;;;Ja;Dienstverlenende Vereniging DDS;Neen;;;;;;;;;;;;;;;;;;;;;;;;;;;;;;;;;;;;;;;;;Neen;;;;;;;;;;;;;;;;;;;;;;;;;;;;;;Neen;Ja;PZ Lebbeke/Buggenhout;Neen;;;;;;;;;;;;;;;;;;;;;;;;;;;;;;;;;;;;;;;;;Neen;;;;;;;;;;;;;;;;
Lede;19047;;Lede;Ja;6;74;750;niet gekend;;0;;0;;0;;1;;0,01;0,05;6;2;0;0;0;2;niet gekend;0;2;0;0;0;0;0;0;0;0;0;0;0;0;0;0;0;0;0;;0;0;0;0;;0;;0;;0;;Ja;niet gekend;0;0;;niet gekend;niet gekend;niet gekend;niet gekend;niet gekend;niet gekend;niet gekend;niet gekend;niet gekend;0;0;niet gekend;;niet gekend;niet gekend;0;0;0;0;;0;;0;0;0;0;"Het aantal 3e klasse inrichtingen is een raming wegens het ontbreken van een actuele datalijst (stopzettingen 3e kl inrichtingen grotendeels niet gekend; wijzigingen van rubrieken van 3e klasse naar niet ingedeeld; tijdelijke inrichtingen zoals bv. bronbemalingen). 
";;Ja;SOLVA;Ja;1;0,05;0,01;9;0;1;0;0;1;3;0;3;1;13;2;7;1;0;3;7;0;1;0;0;1;2;0;2;1;;1;5;0;0;0;;0;;0;;Ja;0;0;1;0,1;0;0;0,03;14;32;11;10;7;0;4;10;;2;10;0;2;2;0;;0;;0;0;0;0;;Ja;PZ Erpe-Mere/Lede;Neen;;;;;;;;;;;;;;;;;;;;;;;;;;;;;;;;;;;;;;;;;Ja;niet gekend;niet gekend;niet gekend;niet gekend;niet gekend;niet gekend;niet gekend;niet gekend;niet gekend;;niet gekend;niet gekend;4;niet gekend;"Er worden in de PZ geen cijfergegevens bijgehouden van het aantal VTE's die besteed zijn aan milieu of stedenbouw. 
Wij beschikken ook over geen cijfers met betrekking tot raadgevingen, juridisch advies of aanmaningen.
";
Ledegem;9730;;Ledegem;non-respons;non-respons;non-respons;non-respons;non-respons;;non-respons;non-respons;non-respons;non-respons;non-respons;non-respons;non-respons;;non-respons;non-respons;non-respons;non-respons;non-respons;non-respons;non-respons;non-respons;non-respons;non-respons;non-respons;non-respons;non-respons;non-respons;non-respons;non-respons;non-respons;non-respons;non-respons;non-respons;non-respons;non-respons;non-respons;non-respons;non-respons;non-respons;non-respons;non-respons;non-respons;non-respons;non-respons;non-respons;non-respons;;non-respons;non-respons;non-respons;non-respons;non-respons;non-respons;non-respons;non-respons;non-respons;non-respons;;non-respons;non-respons;non-respons;non-respons;non-respons;non-respons;non-respons;non-respons;non-respons;non-respons;non-respons;non-respons;non-respons;non-respons;non-respons;non-respons;non-respons;non-respons;non-respons;non-respons;non-respons;non-respons;non-respons;non-respons;non-respons;non-respons;non-respons;non-respons;non-respons;non-respons;non-respons;non-respons;non-respons;non-respons;non-respons;non-respons;non-respons;non-respons;non-respons;non-respons;non-respons;non-respons;non-respons;non-respons;non-respons;non-respons;non-respons;non-respons;non-respons;non-respons;non-respons;non-respons;non-respons;non-respons;non-respons;non-respons;non-respons;non-respons;non-respons;non-respons;non-respons;non-respons;non-respons;non-respons;non-respons;non-respons;non-respons;non-respons;non-respons;non-respons;non-respons;non-respons;non-respons;non-respons;non-respons;non-respons;non-respons;non-respons;non-respons;non-respons;non-respons;non-respons;non-respons;non-respons;non-respons;non-respons;non-respons;non-respons;non-respons;non-respons;non-respons;non-respons;non-respons;non-respons;non-respons;non-respons;non-respons;non-respons;non-respons;non-respons;non-respons;non-respons;non-respons;non-respons;non-respons;non-respons;non-respons;non-respons;non-respons;non-respons;non-respons;non-respons;non-respons;non-respons;non-respons;non-respons;non-respons;non-respons;non-respons;non-respons;non-respons;non-respons;non-respons;non-respons;non-respons;non-respons;non-respons;non-respons;non-respons;non-respons;non-respons;non-respons;non-respons;non-respons;non-respons;non-respons;non-respons;non-respons;non-respons;non-respons;non-respons;non-respons;non-respons;non-respons;non-respons;non-respons;non-respons;non-respons;non-respons;non-respons;non-respons;non-respons;non-respons;non-respons;non-respons;non-respons;non-respons;non-respons;non-respons;non-respons;non-respons;
Lendelede;5798;;Lendelede;non-respons;non-respons;non-respons;non-respons;non-respons;;non-respons;non-respons;non-respons;non-respons;non-respons;non-respons;non-respons;;non-respons;non-respons;non-respons;non-respons;non-respons;non-respons;non-respons;non-respons;non-respons;non-respons;non-respons;non-respons;non-respons;non-respons;non-respons;non-respons;non-respons;non-respons;non-respons;non-respons;non-respons;non-respons;non-respons;non-respons;non-respons;non-respons;non-respons;non-respons;non-respons;non-respons;non-respons;non-respons;non-respons;;non-respons;non-respons;non-respons;non-respons;non-respons;non-respons;non-respons;non-respons;non-respons;non-respons;;non-respons;non-respons;non-respons;non-respons;non-respons;non-respons;non-respons;non-respons;non-respons;non-respons;non-respons;non-respons;non-respons;non-respons;non-respons;non-respons;non-respons;non-respons;non-respons;non-respons;non-respons;non-respons;non-respons;non-respons;non-respons;non-respons;non-respons;non-respons;non-respons;non-respons;non-respons;non-respons;non-respons;non-respons;non-respons;non-respons;non-respons;non-respons;non-respons;non-respons;non-respons;non-respons;non-respons;non-respons;non-respons;non-respons;non-respons;non-respons;non-respons;non-respons;non-respons;non-respons;non-respons;non-respons;non-respons;non-respons;non-respons;non-respons;non-respons;non-respons;non-respons;non-respons;non-respons;non-respons;non-respons;non-respons;non-respons;non-respons;non-respons;non-respons;non-respons;non-respons;non-respons;non-respons;non-respons;non-respons;non-respons;non-respons;non-respons;non-respons;non-respons;non-respons;non-respons;non-respons;non-respons;non-respons;non-respons;non-respons;non-respons;non-respons;non-respons;non-respons;non-respons;non-respons;non-respons;non-respons;non-respons;non-respons;non-respons;non-respons;non-respons;non-respons;non-respons;non-respons;non-respons;non-respons;non-respons;non-respons;non-respons;non-respons;non-respons;non-respons;non-respons;non-respons;non-respons;non-respons;non-respons;non-respons;non-respons;non-respons;non-respons;non-respons;non-respons;non-respons;non-respons;non-respons;non-respons;non-respons;non-respons;non-respons;non-respons;non-respons;non-respons;non-respons;non-respons;non-respons;non-respons;non-respons;non-respons;non-respons;non-respons;non-respons;non-respons;non-respons;non-respons;non-respons;non-respons;non-respons;non-respons;non-respons;non-respons;non-respons;non-respons;non-respons;non-respons;non-respons;non-respons;non-respons;non-respons;non-respons;non-respons;
Lennik;9302;;Lennik;non-respons;non-respons;non-respons;non-respons;non-respons;;non-respons;non-respons;non-respons;non-respons;non-respons;non-respons;non-respons;;non-respons;non-respons;non-respons;non-respons;non-respons;non-respons;non-respons;non-respons;non-respons;non-respons;non-respons;non-respons;non-respons;non-respons;non-respons;non-respons;non-respons;non-respons;non-respons;non-respons;non-respons;non-respons;non-respons;non-respons;non-respons;non-respons;non-respons;non-respons;non-respons;non-respons;non-respons;non-respons;non-respons;;non-respons;non-respons;non-respons;non-respons;non-respons;non-respons;non-respons;non-respons;non-respons;non-respons;;non-respons;non-respons;non-respons;non-respons;non-respons;non-respons;non-respons;non-respons;non-respons;non-respons;non-respons;non-respons;non-respons;non-respons;non-respons;non-respons;non-respons;non-respons;non-respons;non-respons;non-respons;non-respons;non-respons;non-respons;non-respons;non-respons;non-respons;non-respons;non-respons;non-respons;non-respons;non-respons;non-respons;non-respons;non-respons;non-respons;non-respons;non-respons;non-respons;non-respons;non-respons;non-respons;non-respons;non-respons;non-respons;non-respons;non-respons;non-respons;non-respons;non-respons;non-respons;non-respons;non-respons;non-respons;non-respons;non-respons;non-respons;non-respons;non-respons;non-respons;non-respons;non-respons;non-respons;non-respons;non-respons;non-respons;non-respons;non-respons;non-respons;non-respons;non-respons;non-respons;non-respons;non-respons;non-respons;non-respons;non-respons;non-respons;non-respons;non-respons;non-respons;non-respons;non-respons;non-respons;non-respons;non-respons;non-respons;non-respons;non-respons;non-respons;non-respons;non-respons;non-respons;non-respons;non-respons;non-respons;non-respons;non-respons;non-respons;non-respons;non-respons;non-respons;non-respons;non-respons;non-respons;non-respons;non-respons;non-respons;non-respons;non-respons;non-respons;non-respons;non-respons;non-respons;non-respons;non-respons;non-respons;non-respons;non-respons;non-respons;non-respons;non-respons;non-respons;non-respons;non-respons;non-respons;non-respons;non-respons;non-respons;non-respons;non-respons;non-respons;non-respons;non-respons;non-respons;non-respons;non-respons;non-respons;non-respons;non-respons;non-respons;non-respons;non-respons;non-respons;non-respons;non-respons;non-respons;non-respons;non-respons;non-respons;non-respons;non-respons;non-respons;non-respons;non-respons;non-respons;non-respons;non-respons;non-respons;non-respons;non-respons;
Leopoldsburg;16101;;Leopoldsburg;Ja;10;50;100;niet gekend;;0;;0;;0;;1;;0,05;0;12;0;2;1;0;1;3;0;3;2;2;1;1;0;0;0;2;0;0;0;0;0;1;0;1;0;;0;4;0;1;;0;;0;;0;;Neen;;;;;;;;;;;;;;;;;;;;;;;;;;;;;;;;;Neen;;;;;;;;;;;;;;;;;;;;;;;;;;;;;;;;;;;;;;;;;;;;;;;;;;;;;;;;;;;;;;;;;;;;;;;;;;Neen;;;;;;;;;;;;;;;;;;;;;;;;;;;;;;;;;;;;;;;;;;;;;;;;;;;;;;;;;;;
Leuven;102122;;Leuven;Ja;70;340;3120;niet gekend;;0;;0;;0;;5;;1,5;0;41;0;3;0;3;11;0;0;0;24;82;3;36;43;0;0;20;0;0;0;0;8;1;0;0;11;;15;19;0;1;;0;;0;;0;;Ja;2;0;0;;0;1;0;1;480;157;niet gekend;niet gekend;niet gekend;niet gekend;niet gekend;niet gekend;;0;345;0;6;1;0;;niet gekend;niet gekend;niet gekend;3;0;niet gekend;;;Neen;;;;;;;;;;;;;;;;;;;;;;;;;;;;;;;;;;;;;;;;;;;;;;;;;;;;;;;;;;;;;;;;;;;;;;;;;;Neen;;;;;;;;;;;;;;;;;;;;;;;;;;;;;;;;;;;;;;;;;;;;;;;;;;;;;;;;;;;
Lichtervelde;9017;;Lichtervelde;Ja;70;120;250;tussen 11 en 50;;0;;0;;0;;0;;;;;;;;;;;;;;;;;;;;;;;;;;;;;;;;;;;;;;;;;;Neen;;;;;;;;;;;;;;;;;;;;;;;;;;;;;;;;;Ja;WVI;Ja;1;0,05;0,05;7;0;1;1;0;2;0;0;2;1;17;0;11;0;6;0;6;0;0;1;0;0;2;2;1;0;;0;3;0;0;0;;1;1;0;;Ja;0;0;1;0,05;0,04;0,01;0,05;12;36;6;19;2;9;0;15;;0;6;0;3;0;0;;0;;0;0;0;0;;Neen;;;;;;;;;;;;;;;;;;;;;;;;;;;;;;;;;;;;;;;;;;;;;;;;;;;;;;;;;;;
Liedekerke;13651;;Liedekerke;Ja;15;59;260;tussen 11 en 50;;0;;0;;0;;2;;0,35;0,5;115;0;4;5;2;6;2;0;90;6;133;10;83;40;0;0;95;0;1;3;2;2;2;0;80;5;;50;10;0;0;;0;;0;;0;;Neen;;;;;;;;;;;;;;;;;;;;;;;;;;;;;;;;;Neen;;;;;;;;;;;;;;;;;;;;;;;;;;;;;;;;;;;;;;;;;;;;;;;;;;;;;;;;;;;;;;;;;;;;;;;;;;Ja;PZ TARL;Neen;;;;;;;;;;;;;;;;;;;;;;;;;;;;;;;;;;;;;;;;;Neen;;;;;;;;;;;;;;;;
Lier;37292;;Lier;Ja;50;200;400;niet gekend;;0;;0;;0;;1;;0,2;0,1;22;0;1;3;2;4;3;0;6;3;13;niet gekend;niet gekend;niet gekend;niet gekend;niet gekend;niet gekend;niet gekend;niet gekend;niet gekend;niet gekend;niet gekend;niet gekend;niet gekend;niet gekend;niet gekend;;1;5;0;3;;1;1;0;;0;;Ja;1;0;0;;0;0,3;0;0,1;72;33;niet gekend;niet gekend;niet gekend;niet gekend;niet gekend;niet gekend;;6;30;0;2;0;0;;0;;0;niet gekend;0;niet gekend;Geen zekerheid over correctheid van de cijfers,;;Ja;IGEMO;Ja;2;0,2;0,1;7;niet gekend;niet gekend;niet gekend;niet gekend;niet gekend;niet gekend;niet gekend;niet gekend;niet gekend;10;niet gekend;niet gekend;niet gekend;niet gekend;niet gekend;niet gekend;niet gekend;niet gekend;niet gekend;niet gekend;niet gekend;niet gekend;niet gekend;niet gekend;niet gekend;;0;10;3;2;1;niet gekend;0;;0;;Ja;4;0;1;0,05;0,4;0;0,05;16;31;niet gekend;niet gekend;niet gekend;niet gekend;niet gekend;niet gekend;;0;14;niet gekend;9;niet gekend;0;;1;niet gekend;0;0;0;0;;Ja;PZ Lier;Neen;;;;;;;;;;;;;;;;;;;;;;;;;;;;;;;;;;;;;;;;;Ja;niet gekend;niet gekend;1;1;0;0;0;0;0;;0;0;0;0;;
Lierde;6699;;Lierde;Neen;6;91;217;niet gekend;;0;;0;;0;;0;;;;;;;;;;;;;;;;;;;;;;;;;;;;;;;;;;;;;;;;;;Neen;;;;;;;;;;;;;;;;;;;;;;;;;;;;;;;;;Ja;SOLVA;Ja;1;0,05;0,01;19;0;0;3;0;1;5;1;7;2;20;3;12;3;0;2;14;0;0;2;0;0;3;1;7;1;;1;8;0;0;0;;0;;0;;Ja;0;0;1;0,1;0;0;0,02;14;26;7;12;2;0;5;12;;1;6;0;2;0;0;;0;;1;0;0;0;;Ja;PZ Geraardsbergen-Lierde;Neen;;;;;;;;;;;;;;;;;;;;;;;;;;;;;;;;;;;;;;;;;Neen;;;;;;;;;;;;;;;;
Lievegem;26642;;Lievegem;Ja;80;240;570;niet gekend;;0;;0;;0;;3;;0,15;0,05;41;0;4;9;5;6;3;0;4;10;26;0;25;1;0;0;23;0;1;7;4;0;0;0;3;8;;3;10;0;3;;0;;0;;0;;Ja;1;0;2;;0,15;0,05;0;0;32;11;0;11;0;0;0;11;;6;24;0;0;0;0;;0;;0;1;0;0;;;Ja;VENECO;Ja;1;0,04;0;0;0;0;0;0;0;0;0;0;0;1;1;0;0;0;0;0;0;0;0;0;0;0;0;0;0;;0;0;0;0;0;;0;;0;;Ja;0;0;2;0,03;0,08;0;0,01;0;10;1;8;1;0;0;8;;1;4;0;2;0;0;;0;;0;1;0;0;Getallen zijn inschattingen, met foutenmarges tot 50% of enkele eenheden;Ja;PZ Deinze-Zulte-Lievegem;Neen;;;;;;;;;;;;;;;;;;;;;;;;;;;;;;;;;;;;;;;;;Ja;niet gekend;niet gekend;niet gekend;niet gekend;niet gekend;niet gekend;niet gekend;niet gekend;niet gekend;;0;0;0;0;Het aantal controles en klachten kan niet worden bijgehouden, gezien de vele kanalen waarop deze binnenkomen. ;
Lille;16668;;Lille;Ja;50;150;500;tussen 51 en 100;;1;1;1;0;0;;0;;;;;;;;;;;;;;;;;;;;;;;;;;;;;;;;;;;;;;;;;;Ja;1;0;0;;niet gekend;niet gekend;niet gekend;0;175;30;niet gekend;niet gekend;niet gekend;niet gekend;niet gekend;0;;0;10;0;0;0;0;;0;;0;0;0;0;;;Ja;IOK;Ja;3;niet gekend;niet gekend;0;0;0;0;0;0;0;0;0;0;0;0;0;0;0;0;0;0;0;0;0;0;0;0;0;0;;0;0;0;0;0;;0;;0;;Ja;3;2;0;0;niet gekend;niet gekend;niet gekend;0;15;0;14;1;0;0;14;;0;15;14;7;0;0;;0;;2;0;0;0;;Ja;PZ Regio Turnhout;Ja;3;0;0;0;0;0;0;0;0;0;0;0;0;0;0;0;0;0;0;niet gekend;0;0;0;0;0;0;0;0;0;;0;0;0;0;0;;0;;0;;Ja;0;0;0;0;0;0;0;0;0;0;0;0;0;0;;
Linkebeek;4716;;Linkebeek;Neen;4;10;13;niet gekend;;0;;0;;0;;0;;;;;;;;;;;;;;;;;;;;;;;;;;;;;;;;;;;;;;;;;;Neen;;;;;;;;;;;;;;;;;;;;;;;;;;;;;;;;;Ja;Haviland;Neen;;;;;;;;;;;;;;;;;;;;;;;;;;;;;;;;;;;;;;;;;Ja;2;0;0;0;0,033;0;0;2;2;0;2;0;0;0;2;;0;0;0;2;1;0;;0;;0;0;0;0;;Neen;;;;;;;;;;;;;;;;;;;;;;;;;;;;;;;;;;;;;;;;;;;;;;;;;;;;;;;;;;;
Lint;8545;;Lint;Neen;2;9;16;niet gekend;;0;;0;;0;;0;;;;;;;;;;;;;;;;;;;;;;;;;;;;;;;;;;;;;;;;;;Neen;;;;;;;;;;;;;;;;;;;;;;;;;;;;;;;;;Neen;;;;;;;;;;;;;;;;;;;;;;;;;;;;;;;;;;;;;;;;;;;;;;;;;;;;;;;;;;;;;;;;;;;;;;;;;;Ja;PZ HEKLA;Neen;;;;;;;;;;;;;;;;;;;;;;;;;;;;;;;;;;;;;;;;;Neen;;;;;;;;;;;;;;;;
Linter;7273;;Linter;Neen;10;50;50;niet gekend;;0;;0;;0;;1;;0,1;0,1;10;0;1;1;1;1;0;1;2;3;2;0;2;0;0;0;3;0;0;0;1;1;0;0;1;0;;3;0;0;0;;0;;0;;0;;Neen;;;;;;;;;;;;;;;;;;;;;;;;;;;;;;;;;Ja;Interleuven ;Ja;1;0,1;0,1;0;0;0;0;0;0;0;0;0;0;2;0;2;0;0;0;2;0;0;1;0;1;0;0;0;0;;2;0;0;0;0;;0;;0;;Neen;;;;;;;;;;;;;;;;;;;;;;;;;;;;;;neen;Ja;PZ Getevallei;Ja;1;0,1;0,1;1;0;0;0;0;1;0;0;0;0;2;0;1;1;0;0;1;0;0;0;0;1;0;0;0;0;;1;0;0;0;0;;0;;0;;Neen;;;;;;;;;;;;;;;;
Lochristi;22887;;Lochristi;Ja;65;450;1000;niet gekend;;0;;0;;0;;1;;0,001;0,05;niet gekend;niet gekend;niet gekend;niet gekend;niet gekend;niet gekend;niet gekend;niet gekend;niet gekend;niet gekend;0;0;0;0;0;0;0;0;0;0;0;0;0;0;0;0;;0;0;0;0;;0;;0;;0;;Neen;;;;;;;;;;;;;;;;;;;;;;;;;;;;;;;Omwille van personeelsgebrek is een accurate registratie van de klachten niet mogelijk geweest. ;;Ja;VENECO;Ja;1;0,11;0,01;0;0;0;0;0;0;0;0;0;0;2;0;2;0;0;0;2;0;0;0;0;0;1;0;1;0;;0;7;0;2;0;;0;;0;;Ja;0;0;2;0,06;0,1;0;0,01;0;14;5;9;0;0;0;11;;0;8;0;4;1;0;;1;0;0;2;0;0;Getallen zijn inschattingen, met foutenmarges tot 50% of enkele eenheden;Neen;;;;;;;;;;;;;;;;;;;;;;;;;;;;;;;;;;;;;;;;;;;;;;;;;;;;;;;;;;;
Lokeren;42688;;Lokeren;non-respons;non-respons;non-respons;non-respons;non-respons;;non-respons;non-respons;non-respons;non-respons;non-respons;non-respons;non-respons;;non-respons;non-respons;non-respons;non-respons;non-respons;non-respons;non-respons;non-respons;non-respons;non-respons;non-respons;non-respons;non-respons;non-respons;non-respons;non-respons;non-respons;non-respons;non-respons;non-respons;non-respons;non-respons;non-respons;non-respons;non-respons;non-respons;non-respons;non-respons;non-respons;non-respons;non-respons;non-respons;non-respons;;non-respons;non-respons;non-respons;non-respons;non-respons;non-respons;non-respons;non-respons;non-respons;non-respons;;non-respons;non-respons;non-respons;non-respons;non-respons;non-respons;non-respons;non-respons;non-respons;non-respons;non-respons;non-respons;non-respons;non-respons;non-respons;non-respons;non-respons;non-respons;non-respons;non-respons;non-respons;non-respons;non-respons;non-respons;non-respons;non-respons;non-respons;non-respons;non-respons;non-respons;non-respons;non-respons;non-respons;non-respons;non-respons;non-respons;non-respons;non-respons;non-respons;non-respons;non-respons;non-respons;non-respons;non-respons;non-respons;non-respons;non-respons;non-respons;non-respons;non-respons;non-respons;non-respons;non-respons;non-respons;non-respons;non-respons;non-respons;non-respons;non-respons;non-respons;non-respons;non-respons;non-respons;non-respons;non-respons;non-respons;non-respons;non-respons;non-respons;non-respons;non-respons;non-respons;non-respons;non-respons;non-respons;non-respons;non-respons;non-respons;non-respons;non-respons;non-respons;non-respons;non-respons;non-respons;non-respons;non-respons;non-respons;non-respons;non-respons;non-respons;non-respons;non-respons;non-respons;non-respons;non-respons;non-respons;non-respons;non-respons;non-respons;non-respons;non-respons;non-respons;non-respons;non-respons;non-respons;non-respons;non-respons;non-respons;non-respons;non-respons;non-respons;non-respons;non-respons;non-respons;non-respons;non-respons;non-respons;non-respons;non-respons;non-respons;non-respons;non-respons;non-respons;non-respons;non-respons;non-respons;non-respons;non-respons;non-respons;non-respons;non-respons;non-respons;non-respons;non-respons;non-respons;non-respons;non-respons;non-respons;non-respons;non-respons;non-respons;non-respons;non-respons;non-respons;non-respons;non-respons;non-respons;non-respons;non-respons;non-respons;non-respons;non-respons;non-respons;non-respons;non-respons;non-respons;non-respons;non-respons;non-respons;non-respons;non-respons;
Lommel;34371;;Lommel;Ja;niet gekend;niet gekend;niet gekend;niet gekend;;niet gekend;niet gekend;niet gekend;niet gekend;niet gekend;niet gekend;0;;;;;;;;;;;;;;;;;;;;;;;;;;;;;;;;;;;;;;;;;;Ja;1;0;1;;1;0,5;0;niet gekend;48;niet gekend;niet gekend;niet gekend;niet gekend;0;0;24;;3;20;1;4;1;0;;0;;0;4;0;0;;;Neen;;;;;;;;;;;;;;;;;;;;;;;;;;;;;;;;;;;;;;;;;;;;;;;;;;;;;;;;;;;;;;;;;;;;;;;;;;Neen;;;;;;;;;;;;;;;;;;;;;;;;;;;;;;;;;;;;;;;;;;;;;;;;;;;;;;;;;;;
Londerzeel;19104;;Londerzeel;non-respons;non-respons;non-respons;non-respons;non-respons;;non-respons;non-respons;non-respons;non-respons;non-respons;non-respons;non-respons;;non-respons;non-respons;non-respons;non-respons;non-respons;non-respons;non-respons;non-respons;non-respons;non-respons;non-respons;non-respons;non-respons;non-respons;non-respons;non-respons;non-respons;non-respons;non-respons;non-respons;non-respons;non-respons;non-respons;non-respons;non-respons;non-respons;non-respons;non-respons;non-respons;non-respons;non-respons;non-respons;non-respons;;non-respons;non-respons;non-respons;non-respons;non-respons;non-respons;non-respons;non-respons;non-respons;non-respons;;non-respons;non-respons;non-respons;non-respons;non-respons;non-respons;non-respons;non-respons;non-respons;non-respons;non-respons;non-respons;non-respons;non-respons;non-respons;non-respons;non-respons;non-respons;non-respons;non-respons;non-respons;non-respons;non-respons;non-respons;non-respons;non-respons;non-respons;non-respons;non-respons;non-respons;non-respons;non-respons;non-respons;non-respons;non-respons;non-respons;non-respons;non-respons;non-respons;non-respons;non-respons;non-respons;non-respons;non-respons;non-respons;non-respons;non-respons;non-respons;non-respons;non-respons;non-respons;non-respons;non-respons;non-respons;non-respons;non-respons;non-respons;non-respons;non-respons;non-respons;non-respons;non-respons;non-respons;non-respons;non-respons;non-respons;non-respons;non-respons;non-respons;non-respons;non-respons;non-respons;non-respons;non-respons;non-respons;non-respons;non-respons;non-respons;non-respons;non-respons;non-respons;non-respons;non-respons;non-respons;non-respons;non-respons;non-respons;non-respons;non-respons;non-respons;non-respons;non-respons;non-respons;non-respons;non-respons;non-respons;non-respons;non-respons;non-respons;non-respons;non-respons;non-respons;non-respons;non-respons;non-respons;non-respons;non-respons;non-respons;non-respons;non-respons;non-respons;non-respons;non-respons;non-respons;non-respons;non-respons;non-respons;non-respons;non-respons;non-respons;non-respons;non-respons;non-respons;non-respons;non-respons;non-respons;non-respons;non-respons;non-respons;non-respons;non-respons;non-respons;non-respons;non-respons;non-respons;non-respons;non-respons;non-respons;non-respons;non-respons;non-respons;non-respons;non-respons;non-respons;non-respons;non-respons;non-respons;non-respons;non-respons;non-respons;non-respons;non-respons;non-respons;non-respons;non-respons;non-respons;non-respons;non-respons;non-respons;non-respons;non-respons;
Lo-Reninge;3217;;Lo-Reninge;Ja;niet gekend;niet gekend;niet gekend;niet gekend;;0;;0;;0;;0;;;;;;;;;;;;;;;;;;;;;;;;;;;;;;;;;;;;;;;;;;Neen;;;;;;;;;;;;;;;;;;;;;;;;;;;;;;;;;Ja;WVI;Ja;1;0,01;0;2;0;0;0;0;1;1;0;0;0;3;0;2;1;0;0;1;0;0;0;0;0;0;0;0;1;;0;1;0;0;0;;0;;0;;Ja;0;0;1;0,04;0;0;0;7;9;0;6;3;0;0;6;;1;2;0;3;1;0;;0;;0;0;0;0;;Neen;;;;;;;;;;;;;;;;;;;;;;;;;;;;;;;;;;;;;;;;;;;;;;;;;;;;;;;;;;;
Lubbeek;14779;;Lubbeek;Ja;20;92;933;niet gekend;;1;0;0;;0;;0;;;;;;;;;;;;;;;;;;;;;;;;;;;;;;;;;;;;;;;;;;Neen;;;;;;;;;;;;;;;;;;;;;;;;;;;;;;;;;Ja;Interleuven;Ja;2;0,1;0,1;14;0;0;4;4;0;2;0;4;0;23;3;10;2;6;2;16;0;0;6;5;0;2;0;3;0;;1;15;0;5;0;;0;;0;;Ja;0;0;0;0;0,1;0;0;20;6;0;5;1;0;0;0;;0;4;0;0;0;0;;0;;0;0;0;0;De gegevens inzake controles zijn vooral gebaseerd op effectieve plaatsbezoeken. De controles van stukken worden niet steeds genoteerd in de database.;Ja;PZ Lubbeek;Neen;;;;;;;;;;;;;;;;;;;;;;;;;;;;;;;;;;;;;;;;;Neen;;;;;;;;;;;;;;;;
Lummen;15164;;Lummen;Ja;52;139;638;niet gekend;;0;;0;;0;;0;;;;;;;;;;;;;;;;;;;;;;;;;;;;;;;;;;;;;;;;;;Neen;;;;;;;;;;;;;;;;;;;;;;;;;;;;;;;;;Neen;;;;;;;;;;;;;;;;;;;;;;;;;;;;;;;;;;;;;;;;;;;;;;;;;;;;;;;;;;;;;;;;;;;;;;;;;;Ja;PZ Limburg Regio Hoofdstad;Ja;1;niet gekend;0;0;0;0;0;0;0;0;0;0;0;5;niet gekend;niet gekend;niet gekend;niet gekend;niet gekend;niet gekend;niet gekend;niet gekend;niet gekend;niet gekend;niet gekend;niet gekend;niet gekend;niet gekend;niet gekend;;niet gekend;niet gekend;niet gekend;5;0;;0;;0;;Neen;;;;;;;;;;;;;;;;
Maarkedal;6384;;Maarkedal;Ja;niet gekend;niet gekend;niet gekend;niet gekend;;0;;0;;0;;1;;0,05;0,2;niet gekend;niet gekend;niet gekend;niet gekend;niet gekend;niet gekend;niet gekend;niet gekend;niet gekend;niet gekend;niet gekend;niet gekend;niet gekend;niet gekend;niet gekend;niet gekend;;niet gekend;niet gekend;niet gekend;niet gekend;niet gekend;niet gekend;niet gekend;niet gekend;niet gekend;;niet gekend;niet gekend;0;0;;0;;0;;0;;Neen;;;;;;;;;;;;;;;;;;;;;;;;;;;;;;;;;Ja;SOLVA;Ja;1;0,75;0,25;8;0;0;2;1;1;3;0;0;1;20;8;4;3;0;5;11;1;0;2;1;1;1;1;3;1;;3;8;0;0;0;;0;;0;;Ja;0;0;1;0,1;0;0;0,03;14;29;9;11;3;0;6;11;;1;8;0;2;2;0;;0;;0;0;0;0;;Ja;PZ Vlaamse Ardennen;Ja;niet gekend;niet gekend;niet gekend;17;niet gekend;niet gekend;niet gekend;niet gekend;niet gekend;niet gekend;niet gekend;17;niet gekend;17;niet gekend;17;niet gekend;niet gekend;niet gekend;17;niet gekend;niet gekend;niet gekend;niet gekend;niet gekend;niet gekend;niet gekend;17;niet gekend;;niet gekend;niet gekend;niet gekend;2;0;;0;;0;;Ja;niet gekend;niet gekend;niet gekend;niet gekend;niet gekend;niet gekend;0;0;niet gekend;;niet gekend;0;niet gekend;niet gekend;;
Maaseik;25504;;Maaseik;Ja;131;403;1202;niet gekend;;0;;0;;0;;1;;0,1;0,1;107;27;1;8;2;6;19;2;34;8;1;0;1;0;0;0;0;0;0;0;0;0;0;0;0;0;;1;1;0;0;;0;;0;;0;;Neen;;;;;;;;;;;;;;;;;;;;;;;;;;;;;;;;;Neen;;;;;;;;;;;;;;;;;;;;;;;;;;;;;;;;;;;;;;;;;;;;;;;;;;;;;;;;;;;;;;;;;;;;;;;;;;Ja;PZ Maasland;Neen;;;;;;;;;;;;;;;;;;;;;;;;;;;;;;;;;;;;;;;;;Ja;1;3;3;niet gekend, niet apart geregistreerd in voorgaande jaar;3;niet apart geregistreerd;0;0;3;;3;3;4;0;;
Maasmechelen;39360;;Maasmechelen;Ja;64;125;150;tussen 11 en 50;;0;;0;;0;;1;;0,1;0;261;0;92;3;1;3;0;1;128;33;18;1;10;7;0;0;8;0;3;1;1;1;1;0;1;0;;0;12;0;2;;2;2;0;;0;;Ja;1;0;0;;0;1;0;0;48;69;1;48;4;11;5;33;;18;23;0;2;1;0;;0;;1;0;0;0;;;Neen;;;;;;;;;;;;;;;;;;;;;;;;;;;;;;;;;;;;;;;;;;;;;;;;;;;;;;;;;;;;;;;;;;;;;;;;;;Neen;;;;;;;;;;;;;;;;;;;;;;;;;;;;;;;;;;;;;;;;;;;;;;;;;;;;;;;;;;;
Machelen;16120;;Machelen;Ja;40;128;215;niet gekend;;0;;0;;0;;0;;;;;;;;;;;;;;;;;;;;;;;;;;;;;;;;;;;;;;;;;;Ja;0;0;2;;niet gekend;0,1;0;0,1;10;5;0;5;0;0;0;5;;10;10;2;1;0;0;;0;;0;0;0;0;;;Neen;;;;;;;;;;;;;;;;;;;;;;;;;;;;;;;;;;;;;;;;;;;;;;;;;;;;;;;;;;;;;;;;;;;;;;;;;;Ja;PZ VIMA;Neen;;;;;;;;;;;;;;;;;;;;;;;;;;;;;;;;;;;;;;;;;Neen;;;;;;;;;;;;;;;;
Maldegem;24382;;Maldegem;Ja;99;277;242;niet gekend;;0;;0;;0;;1;;0,001;0,001;3;0;0;1;0;1;1;0;0;0;1;0;1;0;0;0;1;0;0;0;0;1;0;0;0;0;;1;0;0;0;;0;;0;;0;;Neen;;;;;;;;;;;;;;;;;;;;;;;;;;;;;;;;;Neen;;;;;;;;;;;;;;;;;;;;;;;;;;;;;;;;;;;;;;;;;;;;;;;;;;;;;;;;;;;;;;;;;;;;;;;;;;Ja;PZ Maldegem;Ja;0;0;1;196;0;0;2;51;37;53;2;51;0;9;2;0;niet gekend;7;niet gekend;niet gekend;niet gekend;niet gekend;niet gekend;niet gekend;niet gekend;niet gekend;niet gekend;niet gekend;niet gekend;;niet gekend;niet gekend;niet gekend;niet gekend;niet gekend;niet gekend;niet gekend;niet gekend;niet gekend;niet gekend;Ja;1;49;60;22;16;niet gekend;0;22;14;;10;14;14;4;;
Malle;15747;;Malle;Ja;niet gekend;niet gekend;niet gekend;tussen 11 en 50;;1;0;0;;0;;1;;0,04;0;16;0;3;1;1;7;0;1;2;1;5;1;4;0;0;0;2;0;0;0;1;1;0;0;0;0;;1;1;0;1;;0;;0;;0;;Neen;;;;;;;;;;;;;;;;;;;;;;;;;;;;;;;;;Ja;IGEAN;Neen;;;;;;;;;;;;;;;;;;;;;;;;;;;;;;;;;;;;;;;;;Neen;;;;;;;;;;;;;;;;;;;;;;;;;;;;;;;Neen;;;;;;;;;;;;;;;;;;;;;;;;;;;;;;;;;;;;;;;;;;;;;;;;;;;;;;;;;;;
Mechelen;86917;;Mechelen;Ja;75;603;1832;tussen 11 en 50;;0;;2;1;0;;4;;1;0;niet gekend ;niet gekend ;niet gekend ;niet gekend ;niet gekend ;niet gekend ;niet gekend ;niet gekend ;niet gekend ;niet gekend ;61;10;38;9;3;1;35;0;0;4;1;7;6;2;13;2;;32;2;1;2;;0;;0;;0;;Ja;2;0;1;;0,8;0,4;0,4;1;562;443;0;147;86;168;42;84;;42;160;0;91;5;0;;0;;1;1;1;0;;;Neen;;;;;;;;;;;;;;;;;;;;;;;;;;;;;;;;;;;;;;;;;;;;;;;;;;;;;;;;;;;;;;;;;;;;;;;;;;Neen;;;;;;;;;;;;;;;;;;;;;;;;;;;;;;;;;;;;;;;;;;;;;;;;;;;;;;;;;;;
Meerhout;10257;;Meerhout;Ja;32;54;205;tussen 51 en 100;;0;;0;;0;;1;;0,05;0;11;1;1;3;1;2;1;0;2;0;0;0;0;0;0;0;0;0;0;0;0;0;0;0;0;0;;0;0;0;0;;0;;0;;0;;Neen;;;;;;;;;;;;;;;;;;;;;;;;;;;;;;;;;Ja;IOK;Ja;3;niet gekend;niet gekend;5;0;0;0;2;1;1;0;1;0;10;5;3;1;0;1;3;0;0;1;1;0;0;0;1;0;;0;1;0;0;0;;0;;0;;Ja;3;2;0;0;niet gekend;niet gekend;niet gekend;0;1;1;0;0;0;0;0;;0;0;0;0;0;0;;0;;0;0;0;0;;Ja;PZ Geel-Laakdal-Meerhout;Neen;;;;;;;;;;;;;;;;;;;;;;;;;;;;;;;;;;;;;;;;;Neen;;;;;;;;;;;;;;;;
Meise;19952;;Meise;Ja;11;87;243;tussen 11 en 50;;0;;0;;0;;1;;0,1;0,02;117;0;4;8;0;33;1;59;6;6;16;1;11;4;0;0;7;0;1;1;1;0;4;0;0;0;;4;3;0;1;;0;;0;;0;;Ja;0;0;0;;0;0;0;0,2;30;35;2;30;3;0;0;24;;30;24;0;0;0;0;;0;;0;0;0;0;;;Neen;;;;;;;;;;;;;;;;;;;;;;;;;;;;;;;;;;;;;;;;;;;;;;;;;;;;;;;;;;;;;;;;;;;;;;;;;;Ja;PZ KLM;niet gekend;niet gekend;niet gekend;niet gekend;niet gekend;niet gekend;niet gekend;niet gekend;niet gekend;niet gekend;niet gekend;niet gekend;niet gekend;niet gekend;niet gekend;niet gekend;niet gekend;niet gekend;niet gekend;niet gekend;niet gekend;niet gekend;niet gekend;niet gekend;niet gekend;niet gekend;niet gekend;niet gekend;niet gekend;niet gekend;niet gekend;niet gekend;niet gekend;niet gekend;niet gekend;niet gekend;niet gekend;niet gekend;niet gekend;niet gekend;niet gekend;Ja;niet gekend;niet gekend;niet gekend;niet gekend;niet gekend;niet gekend;niet gekend;niet gekend;niet gekend;niet gekend;niet gekend;niet gekend;niet gekend;0;;
Melle;11883;;Melle;niet gekend;niet gekend;niet gekend;niet gekend;niet gekend;;niet gekend;niet gekend;niet gekend;niet gekend;niet gekend;niet gekend;niet gekend;;niet gekend;niet gekend;niet gekend;niet gekend;niet gekend;niet gekend;niet gekend;niet gekend;niet gekend;niet gekend;niet gekend;niet gekend;niet gekend;niet gekend;niet gekend;niet gekend;niet gekend;niet gekend;niet gekend;niet gekend;niet gekend;niet gekend;niet gekend;niet gekend;niet gekend;niet gekend;niet gekend;niet gekend;niet gekend;niet gekend;niet gekend;niet gekend;niet gekend;;niet gekend;niet gekend;niet gekend;niet gekend;niet gekend;niet gekend;Neen;;;;;;;;;;;;;;;;;;;;;;;;;;;;;;;;;Ja;VENECO;Ja;1;0;niet gekend;0;0;0;0;0;0;0;0;0;0;0;0;0;0;0;0;0;0;0;0;0;0;0;0;0;0;;0;0;0;0;0;;0;;0;;Ja;0;0;1;0;0;0;0;0;0;0;0;0;0;0;0;;0;0;0;0;niet gekend;0;;0;;0;0;0;0;;Ja;PZ Regio Rhode en Schelde;Neen;;;;;;;;;;;;;;;;;;;;;;;;;;;;;;;;;;;;;;;;;Ja;12;1;6;niet gekend;3;niet gekend;2;1;3;;niet gekend;niet gekend;3;niet gekend;;
Menen;33931;;Menen;Ja;44;niet gekend;niet gekend;niet gekend;;0;;0;;0;;0;;;;;;;;;;;;;;;;;;;;;;;;;;;;;;;;;;;;;;;;;;Neen;;;;;;;;;;;;;;;;;;;;;;;;;;;;;;;;;Neen;;;;;;;;;;;;;;;;;;;;;;;;;;;;;;;;;;;;;;;;;;;;;;;;;;;;;;;;;;;;;;;;;;;;;;;;;;Ja;PZ Grensleie;Ja;3;0,45;1,05;801;niet gekend;50;6;91;397;niet gekend;niet gekend;niet gekend;257;1518;niet gekend;1518;niet gekend;niet gekend;niet gekend;74;niet gekend;5;niet gekend;niet gekend;8;niet gekend;niet gekend;25;36;;niet gekend;25;niet gekend;niet gekend;3;niet gekend;0;;0;;Ja;1,5;47;68;0;47;niet gekend;0;0;39;;29;niet gekend ;10;8;;
Merchtem;17485;;Merchtem;Ja;niet gekend;niet gekend;niet gekend;tussen 11 en 50;;0;;0;;0;;0;;;;;;;;;;;;;;;;;;;;;;;;;;;;;;;;;;;;;;;;;;Neen;;;;;;;;;;;;;;;;;;;;;;;;;;;;;;;;;Neen;;;;;;;;;;;;;;;;;;;;;;;;;;;;;;;;;;;;;;;;;;;;;;;;;;;;;;;;;;;;;;;;;;;;;;;;;;Ja;PZ AMOW;Ja;1;0,5;0;140;0;15;0;4;83;2;12;24;0;118;2;110;6;0;0;59;0;7;0;0;26;1;5;20;0;;0;0;0;2;0;0;0;;0;;Ja;0,5;6;11;6;3;2;0;0;3;;4;0;3;0;;
Merelbeke;24891;;Merelbeke;Neen;26;320;1515;niet gekend;;0;;0;;0;;2;;0,05;0,05;12;0;0;2;0;8;2;0;0;0;4;1;3;0;0;0;1;0;0;0;0;1;0;0;0;0;;3;0;0;0;;0;;0;;0;;Neen;;;;;;;;;;;;;;;;;;;;;;;;;;;;;;;;;Ja;VENECO;Neen;;;;;;;;;;;;;;;;;;;;;;;;;;;;;;;;;;;;;;;;;Ja;0;0;2;0,23;0,1;0;0,03;0;33;7;26;0;0;0;17;;1;37;0;9;2;0;;0;;0;1;0;0;;Neen;;;;;;;;;;;;;;;;;;;;;;;;;;;;;;;;;;;;;;;;;;;;;;;;;;;;;;;;;;;
Merksplas;8679;;Merksplas;Ja;niet gekend;niet gekend;niet gekend;tussen 1 en 10;;0;;0;;0;;1;;0,05;0,01;21;0;2;3;1;3;3;0;5;4;21;0;21;0;0;0;12;0;0;3;0;0;2;0;4;3;;9;1;0;0;;0;;0;;0;;Neen;;;;;;;;;;;;;;;;;;;;;;;;;;;;;;;;;Ja;IOK;Ja;3;niet gekend;niet gekend;1;0;0;0;0;0;1;0;0;0;1;0;1;0;0;0;1;0;0;0;0;0;1;0;0;0;;0;1;0;1;0;;0;;0;;Ja;3;2;0;0;niet gekend;niet gekend;niet gekend;0;0;0;0;0;0;0;0;;0;0;0;0;0;0;;0;;0;0;0;0;;Ja;PZ Noorderkempen;Neen;;;;;;;;;;;;;;;;;;;;;;;;;;;;;;;;;;;;;;;;;Neen;;;;;;;;;;;;;;;Wij mochten geen gegevens ontvangen van de PZ Noorderkempen.;
Mesen;1056;;Mesen;non-respons;non-respons;non-respons;non-respons;non-respons;;non-respons;non-respons;non-respons;non-respons;non-respons;non-respons;non-respons;;non-respons;non-respons;non-respons;non-respons;non-respons;non-respons;non-respons;non-respons;non-respons;non-respons;non-respons;non-respons;non-respons;non-respons;non-respons;non-respons;non-respons;non-respons;non-respons;non-respons;non-respons;non-respons;non-respons;non-respons;non-respons;non-respons;non-respons;non-respons;non-respons;non-respons;non-respons;non-respons;non-respons;;non-respons;non-respons;non-respons;non-respons;non-respons;non-respons;non-respons;non-respons;non-respons;non-respons;;non-respons;non-respons;non-respons;non-respons;non-respons;non-respons;non-respons;non-respons;non-respons;non-respons;non-respons;non-respons;non-respons;non-respons;non-respons;non-respons;non-respons;non-respons;non-respons;non-respons;non-respons;non-respons;non-respons;non-respons;non-respons;non-respons;non-respons;non-respons;non-respons;non-respons;non-respons;non-respons;non-respons;non-respons;non-respons;non-respons;non-respons;non-respons;non-respons;non-respons;non-respons;non-respons;non-respons;non-respons;non-respons;non-respons;non-respons;non-respons;non-respons;non-respons;non-respons;non-respons;non-respons;non-respons;non-respons;non-respons;non-respons;non-respons;non-respons;non-respons;non-respons;non-respons;non-respons;non-respons;non-respons;non-respons;non-respons;non-respons;non-respons;non-respons;non-respons;non-respons;non-respons;non-respons;non-respons;non-respons;non-respons;non-respons;non-respons;non-respons;non-respons;non-respons;non-respons;non-respons;non-respons;non-respons;non-respons;non-respons;non-respons;non-respons;non-respons;non-respons;non-respons;non-respons;non-respons;non-respons;non-respons;non-respons;non-respons;non-respons;non-respons;non-respons;non-respons;non-respons;non-respons;non-respons;non-respons;non-respons;non-respons;non-respons;non-respons;non-respons;non-respons;non-respons;non-respons;non-respons;non-respons;non-respons;non-respons;non-respons;non-respons;non-respons;non-respons;non-respons;non-respons;non-respons;non-respons;non-respons;non-respons;non-respons;non-respons;non-respons;non-respons;non-respons;non-respons;non-respons;non-respons;non-respons;non-respons;non-respons;non-respons;non-respons;non-respons;non-respons;non-respons;non-respons;non-respons;non-respons;non-respons;non-respons;non-respons;non-respons;non-respons;non-respons;non-respons;non-respons;non-respons;non-respons;non-respons;non-respons;non-respons;
Meulebeke;11007;;Meulebeke;Ja;40;100;300;tussen 11 en 50;;0;;0;;0;;0;;;;;;;;;;;;;;;;;;;;;;;;;;;;;;;;;;;;;;;;;;Neen;;;;;;;;;;;;;;;;;;;;;;;;;;;;;;;;;Ja;WVI;Ja;1;0,1;0,05;15;0;5;0;1;4;2;0;1;2;28;4;12;0;12;0;3;0;0;0;1;0;2;0;0;0;;0;1;0;1;0;;0;;0;;Ja;0;0;1;0,1;0;0;0,05;13;22;0;15;1;6;0;9;;0;2;0;4;1;0;;0;;0;1;0;0;;Neen;;;;;;;;;;;;;;;;;;;;;;;;;;;;;;;;;;;;;;;;;;;;;;;;;;;;;;;;;;;
Middelkerke;19719;;Middelkerke;Ja;26;61;167;niet gekend;;0;;0;;0;;0;;;;;;;;;;;;;;;;;;;;;;;;;;;;;;;;;;;;;;;;;;Neen;;;;;;;;;;;;;;;;;;;;;;;;;;;;;;;;;Neen;;;;;;;;;;;;;;;;;;;;;;;;;;;;;;;;;;;;;;;;;;;;;;;;;;;;;;;;;;;;;;;;;;;;;;;;;;Ja;PZ Middelkerke;Ja;1;0,1;0,1;0;0;0;0;0;0;0;0;0;0;0;0;0;0;0;0;0;0;0;0;0;0;0;0;0;0;;0;0;0;0;0;0;0;;0;;Neen;;;;;;;;;;;;;;;;
Moerbeke;6677;;Moerbeke;Ja;niet gekend;niet gekend;niet gekend;tussen 11 en 50;;0;;0;;0;;0;;;;;;;;;;;;;;;;;;;;;;;;;;;;;;;;;;;;;;;;;;Neen;;;;;;;;;;;;;;;;;;;;;;;;;;;;;;;;;Ja;Intergemeentelijke milieudienst IDM;Ja;1;0,1;0;23;0;0;2;0;3;2;2;12;2;18;0;11;3;3;1;13;0;0;3;0;0;1;2;5;2;;1;20;0;0;0;;0;;0;;Neen;;;;;;;;;;;;;;;;;;;;;;;;;;;;;;;Neen;;;;;;;;;;;;;;;;;;;;;;;;;;;;;;;;;;;;;;;;;;;;;;;;;;;;;;;;;;;
Mol;37567;;Mol;Neen;niet gekend;niet gekend;niet gekend;niet gekend;;niet gekend;niet gekend;niet gekend;niet gekend;niet gekend;niet gekend;niet gekend;niet gekend;niet gekend;niet gekend;niet gekend;niet gekend;niet gekend;niet gekend;niet gekend;niet gekend;niet gekend;niet gekend;niet gekend;niet gekend;niet gekend;niet gekend;niet gekend;niet gekend;niet gekend;niet gekend;niet gekend;niet gekend;niet gekend;niet gekend;niet gekend;niet gekend;niet gekend;niet gekend;niet gekend;niet gekend;niet gekend;niet gekend;niet gekend;niet gekend;niet gekend;niet gekend;niet gekend;niet gekend;niet gekend;niet gekend;niet gekend;niet gekend;Ja;2;0;0;;0;1,2;0;niet gekend;41;120;35;35;25;15;10;25;;niet gekend;8;0;2;0;0;;0;;0;1;0;0;;;Ja;IOK;Ja;3;niet gekend;niet gekend;niet gekend;niet gekend;niet gekend;niet gekend;niet gekend;niet gekend;niet gekend;niet gekend;niet gekend;niet gekend;niet gekend;niet gekend;niet gekend;niet gekend;niet gekend;niet gekend;niet gekend;niet gekend;niet gekend;niet gekend;niet gekend;niet gekend;niet gekend;niet gekend;niet gekend;niet gekend;niet gekend;niet gekend;niet gekend;niet gekend;niet gekend;niet gekend;niet gekend;niet gekend;niet gekend;niet gekend;niet gekend;niet gekend;niet gekend;niet gekend;niet gekend;niet gekend;niet gekend;niet gekend;niet gekend;niet gekend;niet gekend;niet gekend;niet gekend;niet gekend;niet gekend;niet gekend;niet gekend;niet gekend;niet gekend;niet gekend;niet gekend;niet gekend;niet gekend;niet gekend;niet gekend;niet gekend;niet gekend;niet gekend;niet gekend;niet gekend;niet gekend;niet gekend;niet gekend;;niet gekend;niet gekend;niet gekend;niet gekend;niet gekend;niet gekend;niet gekend;niet gekend;niet gekend;niet gekend;niet gekend;niet gekend;niet gekend;niet gekend;niet gekend;niet gekend;niet gekend;niet gekend;niet gekend;niet gekend;niet gekend;niet gekend;niet gekend;niet gekend;niet gekend;niet gekend;niet gekend;niet gekend;niet gekend;niet gekend;;niet gekend;niet gekend;niet gekend;niet gekend;niet gekend;niet gekend;niet gekend;niet gekend;niet gekend;niet gekend;niet gekend;niet gekend;niet gekend;niet gekend;niet gekend;niet gekend;niet gekend;niet gekend;niet gekend;niet gekend;;niet gekend;niet gekend;niet gekend;niet gekend;;
Moorslede;11374;;Moorslede;Ja;niet gekend;niet gekend;niet gekend;niet gekend;;0;;0;;0;;0;;;;;;;;;;;;;;;;;;;;;;;;;;;;;;;;;;;;;;;;;;Neen;;;;;;;;;;;;;;;;;;;;;;;;;;;;;;;;;Neen;;;;;;;;;;;;;;;;;;;;;;;;;;;;;;;;;;;;;;;;;;;;;;;;;;;;;;;;;;;;;;;;;;;;;;;;;;Ja;PZ Arro Ieper;Ja;4;4;0;10;0;0;1;2;2;1;0;4;0;57;10;15;24;6;2;31;0;2;3;5;1;11;1;8;0;;1;9;0;8;2;1;1;1;0;;Ja;1;5;33;2;6;20;1;4;8;;8;0;6;4;;
Mortsel;26181;;Mortsel;Ja;14;45;97;niet gekend;;0;;0;;0;;1;;0,05;0,02;3;0;0;0;1;1;1;0;0;0;2;0;2;0;0;0;0;0;0;0;0;0;0;0;0;0;;1;0;0;0;;0;;0;;0;;Neen;;;;;;;;;;;;;;;;;;;;;;;;;;;;;;;;;Ja;IGEAN;Neen;;;;;;;;;;;;;;;;;;;;;;;;;;;;;;;;;;;;;;;;;Ja;3;1;0;0;0,05;0,05;0;0;0;0;0;0;0;0;0;;0;0;0;0;0;0;;0;;0;0;0;0;;Neen;;;;;;;;;;;;;;;;;;;;;;;;;;;;;;;;;;;;;;;;;;;;;;;;;;;;;;;;;;;
Nazareth;12010;;Nazareth;Ja;71;166;215;niet gekend;;0;;0;;0;;1;;0,1;0,1;11;0;2;1;0;3;1;1;3;0;10;2;6;2;0;0;5;0;1;1;0;2;1;0;0;0;;7;5;0;1;;0;;0;;0;;Ja;0;0;1;;0,01;0;0;0;15;7;0;7;0;0;0;5;;5;0;0;0;0;0;;0;;0;0;0;0;Schatting, ook vaak informele raadgevingen;;Ja;VENECO;Ja;2;0;0;0;0;0;0;0;0;0;0;0;0;0;0;0;0;0;0;0;0;0;0;0;0;0;0;0;0;;0;0;0;0;0;;0;;0;;Ja;0;0;2;0,13;0,08;0;0;0;14;7;7;0;0;0;7;;0;6;0;7;0;0;;0;;0;2;0;0;Getallen zijn inschattingen, met foutmarges tot 50% of enkele eenheden;Ja;PZ Schelde-Leiei;Neen;;;;;;;;;;;;;;;;;;;;;;;;;;;;;;;;;;;;;;;;;Neen;;;;;;;;;;;;;;;;
Niel;10581;;Niel;Ja;5;20;35;tussen 1 en 10;;0;;0;;0;;0;;;;;;;;;;;;;;;;;;;;;;;;;;;;;;;;;;;;;;;;;;Neen;;;;;;;;;;;;;;;;;;;;;;;;;;;;;;;;;Ja;IGEAN;Ja;4;niet gekend;niet gekend;0;0;0;0;0;0;0;0;0;0;0;0;0;0;0;0;0;0;0;0;0;0;0;0;0;0;;0;0;0;0;0;;0;;0;;Neen;;;;;;;;;;;;;;;;;;;;;;;;;;;;;;;Ja;PZ Rupel;Neen;;;;;;;;;;;;;;;;;;;;;;;;;;;;;;;;;;;;;;;;;Ja;niet gekend;niet gekend;niet gekend;niet gekend;niet gekend;niet gekend;niet gekend;niet gekend;niet gekend;;niet gekend;niet gekend;niet gekend;niet gekend;;
Nieuwerkerken;7026;;Nieuwerkerken;Ja;12;niet gekend;niet gekend;niet gekend;;0;;0;;0;;0;;;;;;;;;;;;;;;;;;;;;;;;;;;;;;;;;;;;;;;;;;Ja;1;0;0;;0;0,2;0;0,2;10;23;5;10;8;0;0;9;;20;7;0;5;0;0;;0;;1;1;0;0;;;Neen;;;;;;;;;;;;;;;;;;;;;;;;;;;;;;;;;;;;;;;;;;;;;;;;;;;;;;;;;;;;;;;;;;;;;;;;;;Ja;PZ Nieuwerkerken - Gingelom - Sint-Truiden;Ja;1;0,3;0,2;niet gekend;0;0;0;0;0;0;0;niet gekend;niet gekend;0;0;0;0;0;0;0;0;0;0;0;0;0;0;0;0;;0;0;0;0;0;;0;;0;;Ja;0,2;0;23;5;10;8;0;0;9;;0;niet gekend;niet gekend;niet gekend;;
Nieuwpoort ;11485;;Nieuwpoort (DE);Ja;23;162;niet gekend;niet gekend;;0;;0;;0;;1;;0,2;0;12;4;2;2;0;0;2;1;1;0;13;2;4;3;2;2;12;2;2;2;2;0;1;1;2;0;;1;4;0;0;;0;;1;1;0;;Neen;;;;;;;;;;;;;;;;;;;;;;;;;;;;;;;de klasse 2 verleende vergunningen dienen nog gecontroleerd worden op vervallen vergunningen;;Neen;;;;;;;;;;;;;;;;;;;;;;;;;;;;;;;;;;;;;;;;;;;;;;;;;;;;;;;;;;;;;;;;;;;;;;;;;;Ja;PZ Westkust;Ja;2;0,2;0,2;15;4;4;2;2;0;0;2;1;0;13;4;2;2;3;2;12;2;2;2;2;0;1;1;2;0;;1;4;0;0;0;;0;;0;;Ja;niet gekend;niet gekend;niet gekend;niet gekend;niet gekend;niet gekend;niet gekend;niet gekend;niet gekend;;niet gekend;niet gekend;3;3;;
Nijlen;23251;;Nijlen;Ja;20;100;410;niet gekend;;0;;0;;0;;0;;;;;;;;;;;;;;;;;;;;;;;;;;;;;;;;;;;;;;;;;;Neen;;;;;;;;;;;;;;;;;;;;;;;;;;;;;;;;;Ja;IOK;Ja;3;niet gekend;niet gekend;niet gekend;niet gekend;niet gekend;niet gekend;niet gekend;niet gekend;niet gekend;niet gekend;niet gekend;niet gekend;7;2;3;2;0;0;3;0;1;0;0;0;1;0;1;0;;0;1;0;0;0;;0;;0;;Ja;3;2;0;0;niet gekend;niet gekend;niet gekend;0;24;6;10;8;0;0;6;;0;7;0;2;0;0;;0;;0;0;0;0;;Neen;;;;;;;;;;;;;;;;;;;;;;;;;;;;;;;;;;;;;;;;;;;;;;;;;;;;;;;;;;;
Ninove;39619;;Ninove;Ja;47;159;niet gekend;niet gekend;;0;;0;;0;;1;;0,1;0,1;33;2;5;8;0;6;4;0;7;1;36;0;36;0;0;0;0;0;0;0;0;0;0;0;0;0;;0;10;0;0;;0;;0;;0;;Ja;1;0;0;;0;0,5;0;0;83;51;5;35;5;3;3;20;;15;40;0;6;2;0;;0;;0;0;0;0;;;Ja;SOLVA;Ja;1;0,15;0,04;7;0;0;0;0;0;2;0;2;3;4;0;4;0;0;0;3;0;0;0;0;0;0;0;2;1;;0;2;0;0;0;;0;;0;;Ja;0;0;2;0,2;0,2;0,2;0,04;24;26;0;21;5;0;0;13;;1;6;0;4;3;0;;0;;0;0;1;0;;Ja;PZ Ninove;Neen;;;;;;;;;;;;;;;;;;;;;;;;;;;;;;;;;;;;;;;;;Ja;niet gekend;niet gekend;niet gekend;niet gekend;niet gekend;niet gekend;niet gekend;niet gekend;niet gekend;;niet gekend;niet gekend;niet gekend;niet gekend;;
Olen;12576;;Olen;Ja;88;150;700;tussen 51 en 100;;0;;0;;0;;0;;;;;;;;;;;;;;;;;;;;;;;;;;;;;;;;;;;;;;;;;;Neen;;;;;;;;;;;;;;;;;;;;;;;;;;;;;;;;;Neen;;;;;;;;;;;;;;;;;;;;;;;;;;;;;;;;;;;;;;;;;;;;;;;;;;;;;;;;;;;;;;;;;;;;;;;;;;Ja;PZ Neteland;Ja;2;niet gekend;niet gekend;6;2;1;0;1;1;1;0;0;0;20;5;5;10;0;0;16;niet gekend;niet gekend;0;niet gekend;niet gekend;niet gekend;0;0;0;;8;6;3;0;0;;0;;0;;Neen;;;;;;;;;;;;;;;;
Oostende;71489;;Oostende;Ja;0;0;0;niet gekend;;0;;0;;0;;0;;;;;;;;;;;;;;;;;;;;;;;;;;;;;;;;;;;;;;;;;;Ja;0;0;2;;1,5;0;0;0;44;79;0;29;0;50;0;55;;10;38;0;30;4;0;;1;niet gekend;0;0;0;0;Op heden beschikt onze dienst nog niet over een meldingenregistratiesysteem. Bijgevolg zijn niet alle klachten vermeldt. De 44 vermeldde klachten slaat op het aantal klachten waar navolgend een dossier voor werd aangevat bij de dienst. ;;Neen;;;;;;;;;;;;;;;;;;;;;;;;;;;;;;;;;;;;;;;;;;;;;;;;;;;;;;;;;;;;;;;;;;;;;;;;;;Ja;PZ Oostende;Ja;niet gekend;niet gekend;niet gekend;niet gekend;niet gekend;niet gekend;niet gekend;niet gekend;niet gekend;niet gekend;niet gekend;niet gekend;niet gekend;niet gekend;niet gekend;niet gekend;niet gekend;niet gekend;niet gekend;niet gekend;niet gekend;niet gekend;niet gekend;niet gekend;niet gekend;niet gekend;niet gekend;niet gekend;niet gekend;;niet gekend;niet gekend;niet gekend;niet gekend;niet gekend;niet gekend;niet gekend;niet gekend;niet gekend;niet gekend;Neen;;;;;;;;;;;;;;;;
Oosterzele;13821;;Oosterzele;niet gekend;niet gekend;niet gekend;niet gekend;niet gekend;;0;;0;;0;;niet gekend;;niet gekend;niet gekend;niet gekend;niet gekend;niet gekend;niet gekend;niet gekend;niet gekend;niet gekend;niet gekend;niet gekend;niet gekend;niet gekend;niet gekend;niet gekend;niet gekend;niet gekend;niet gekend;niet gekend;niet gekend;niet gekend;niet gekend;niet gekend;niet gekend;niet gekend;niet gekend;niet gekend;niet gekend;niet gekend;niet gekend;niet gekend;niet gekend;niet gekend;;niet gekend;niet gekend;niet gekend;niet gekend;niet gekend;niet gekend;Ja;1;0;1;;0,2;0,2;0,2;0,1;10;9;4;niet gekend;0;3;2;0;;0;1;5;5;3;0;;0;;0;0;0;;;;Ja;SOLVA;niet gekend;niet gekend;niet gekend;niet gekend;niet gekend;niet gekend;niet gekend;niet gekend;niet gekend;niet gekend;niet gekend;niet gekend;niet gekend;niet gekend;niet gekend;niet gekend;niet gekend;niet gekend;niet gekend;niet gekend;niet gekend;niet gekend;niet gekend;niet gekend;niet gekend;niet gekend;niet gekend;niet gekend;niet gekend;niet gekend;niet gekend;niet gekend;niet gekend;niet gekend;niet gekend;niet gekend;niet gekend;niet gekend;niet gekend;niet gekend;niet gekend;Ja;0;0;2;niet gekend;niet gekend;niet gekend;niet gekend;niet gekend;niet gekend;niet gekend;niet gekend;niet gekend;niet gekend;niet gekend;niet gekend;niet gekend;niet gekend;niet gekend;niet gekend;niet gekend;niet gekend;niet gekend;niet gekend;niet gekend;niet gekend;niet gekend;niet gekend;niet gekend;niet gekend;niet gekend;niet gekend;niet gekend;niet gekend;niet gekend;niet gekend;niet gekend;niet gekend;niet gekend;niet gekend;niet gekend;niet gekend;niet gekend;niet gekend;niet gekend;niet gekend;niet gekend;niet gekend;niet gekend;niet gekend;niet gekend;niet gekend;niet gekend;niet gekend;niet gekend;niet gekend;niet gekend;niet gekend;niet gekend;niet gekend;niet gekend;niet gekend;niet gekend;niet gekend;niet gekend;niet gekend;niet gekend;niet gekend;niet gekend;niet gekend;niet gekend;niet gekend;niet gekend;niet gekend;niet gekend;niet gekend;niet gekend;niet gekend;niet gekend;niet gekend;niet gekend;niet gekend;niet gekend;niet gekend;niet gekend;niet gekend;niet gekend;niet gekend;niet gekend;;
Oostkamp;24002;;Oostkamp;Ja;125;450;niet gekend;niet gekend;;1;1;0;;0;;1;;0,1;0,1;36;2;2;2;4;12;8;0;6;0;16;2;10;4;0;0;8;0;0;0;2;4;2;0;0;0;;8;1;0;0;;0;;0;;0;;Neen;;;;;;;;;;;;;;;;;;;;;;;;;;;;;;;;;Ja;WVI;Neen;;;;;;;;;;;;;;;;;;;;;;;;;;;;;;;;;;;;;;;;;Ja;0;0;1;0,4;0;0;0;6;14;0;6;8;0;0;12;;1;17;0;0;0;0;;0;;0;0;0;0;0;Ja;PZ HET HOUTSCHE;Ja;1;1;1;326;1;8;3;0;239;0;1;70;4;niet gekend;niet gekend;niet gekend;niet gekend;niet gekend;niet gekend;niet gekend;niet gekend;niet gekend;niet gekend;niet gekend;niet gekend;niet gekend;niet gekend;niet gekend;niet gekend;;niet gekend;niet gekend;0;10;0;;0;;0;;Ja;2;11;niet gekend;niet gekend;niet gekend;niet gekend;niet gekend;niet gekend;niet gekend;;0;0;10;0;;
Oostrozebeke;7961;;Oostrozebeke;Neen;15;50;450;niet gekend;;0;;0;;0;;0;;;;;;;;;;;;;;;;;;;;;;;;;;;;;;;;;;;;;;;;;;Neen;;;;;;;;;;;;;;;;;;;;;;;;;;;;;;;;;Ja;WVI;Ja;1;0,05;0,1;3;1;0;0;1;1;0;0;0;0;7;1;5;1;0;0;2;1;0;0;1;0;0;0;0;0;;0;1;0;1;1;1;0;;0;;Ja;0;0;1;0,15;0,1;0,05;0,1;13;27;5;13;0;9;0;13;;0;10;0;8;1;0;;0;;1;0;0;0;;Neen;;;;;;;;;;;;;;;;;;;;;;;;;;;;;;;;;;;;;;;;;;;;;;;;;;;;;;;;;;;
Opwijk;14830;;Opwijk;Ja;6;60;371;niet gekend;;0;;0;;0;;1;;0,1;0;48;0;5;2;11;4;0;0;6;20;10;0;5;5;0;0;5;0;0;0;0;1;0;0;2;2;;0;3;0;5;;8;6;0;;0;;Ja;1;0;0;;0,05;0;0;0,05;12;15;1;12;0;2;0;4;;0;3;0;1;2;0;;0;;0;0;0;0;;;Neen;;;;;;;;;;;;;;;;;;;;;;;;;;;;;;;;;;;;;;;;;;;;;;;;;;;;;;;;;;;;;;;;;;;;;;;;;;Ja;PZ AMOW;Ja;1;0,5;0,5;29;0;3;1;1;0;0;0;24;0;28;0;26;2;0;0;27;0;1;1;1;0;0;0;24;0;;0;0;0;20;0;;0;;0;;Ja;0,5;3;5;0;3;2;0;0;2;;0;0;2;1;;
Oudenaarde;31830;;Oudenaarde;Ja;niet gekend;niet gekend;niet gekend;niet gekend;;2;2;0;;0;;2;;0,05;0;7;1;0;0;2;1;0;0;3;0;7;1;5;1;0;0;6;1;0;0;2;0;0;0;3;0;;0;1;0;3;;4;3;0;;0;;Neen;;;;;;;;;;;;;;;;;;;;;;;;;;;;;;;;;Ja;SOLVA;Ja;1;0,075;0,2;9;0;0;0;4;1;1;0;3;0;13;2;8;3;0;0;6;0;0;0;4;0;0;0;2;0;;0;5;0;0;0;;0;;0;;Ja;0;0;2;0;0;0,15;0,04;26;39;4;25;9;1;0;20;;1;18;0;3;1;0;;0;;0;0;0;0;;Ja;PZ Vlaamse Ardennen;Neen;;;;;;;;;;;;;;;;;;;;;;;;;;;;;;;;;;;;;;;;;Neen;;;;;;;;;;;;;;;;
Oudenburg;9713;;Oudenburg;Ja;73;178;532;niet gekend;;0;;0;;0;;1;;0,05;0,05;9;0;0;0;2;0;0;0;3;4;14;0;7;7;0;0;5;0;0;1;2;0;0;0;0;2;;0;5;0;0;;0;;0;;0;;Neen;;;;;;;;;;;;;;;;;;;;;;;;;;;;;;;;;Neen;;;;;;;;;;;;;;;;;;;;;;;;;;;;;;;;;;;;;;;;;;;;;;;;;;;;;;;;;;;;;;;;;;;;;;;;;;Ja;PZ Kouter;Neen;;;;;;;;;;;;;;;;;;;;;;;;;;;;;;;;;;;;;;;;;Ja;0,05;6;27;15;6;6;0;0;0;;6;0;4;2;;
Oud-Heverlee;11463;;Oud-Heverlee;Neen;niet gekend;niet gekend;niet gekend;niet gekend;;0;;0;;0;;0;;;;;;;;;;;;;;;;;;;;;;;;;;;;;;;;;;;;;;;;;;Neen;;;;;;;;;;;;;;;;;;;;;;;;;;;;;;;;;Ja;Interleuven;Ja;4;0,09;0,09;4;0;1;2;0;0;0;0;1;0;4;0;4;0;0;0;3;0;1;1;0;0;0;0;1;0;;4;0;0;0;0;;0;;0;;Neen;;;;;;;;;;;;;;;;;;;;;;;;;;;;;;;Neen;;;;;;;;;;;;;;;;;;;;;;;;;;;;;;;;;;;;;;;;;;;;;;;;;;;;;;;;;;;
Oudsbergen ;23597;;Oudsbergen (DE);Ja;niet gekend;niet gekend;niet gekend;tussen 11 en 50;;0;;0;;0;;0;;;;;;;;;;;;;;;;;;;;;;;;;;;;;;;;;;;;;;;;;;Ja;0;0;0;;0;0;0;0;250;0;0;0;0;0;0;0;;0;0;0;0;0;0;;5;niet gekend;0;2;0;0;;;Ja;Intergemeentelijk Samenwerkingsverband Handhaving Ruimte (RO) Midden-Limburg;Neen;;;;;;;;;;;;;;;;;;;;;;;;;;;;;;;;;;;;;;;;;Ja;2;0;0;0;1,1;0;0;0;1030;niet-gekend;250;niet-gekend;0;0;62;;3;49;0;9;4;0;;0;;0;0;0;0;;Neen;;;;;;;;;;;;;;;;;;;;;;;;;;;;;;;;;;;;;;;;;;;;;;;;;;;;;;;;;;;
Oud-Turnhout;14385;;Oud-Turnhout;Ja;41;67;468;tussen 11 en 50;;0;;0;;0;;0;;;;;;;;;;;;;;;;;;;;;;;;;;;;;;;;;;;;;;;;;;Neen;;;;;;;;;;;;;;;;;;;;;;;;;;;;;;;;;Ja;IOK;Neen;;;;;;;;;;;;;;;;;;;;;;;;;;;;;;;;;;;;;;;;;Ja;3;2;0;0;niet gekend;niet gekend;niet gekend;0;5;0;4;1;0;0;4;;0;4;0;0;0;0;;0;;0;0;0;0;;Ja;PZ Regio Turnhout;Ja;3;0,06;0;10;0;0;0;0;2;4;1;2;1;4;0;4;0;0;0;4;0;0;0;0;0;2;0;2;0;;0;0;0;0;0;;0;;0;;Ja;0,08;7;7;0;5;2;0;0;5;;0;0;3;1;;
Overijse;25885;;Overijse;Neen;14;85;942;niet gekend;;0;;0;;0;;1;;0,1;0,1;53;0;4;2;3;3;1;1;8;31;53;0;51;2;0;0;3;0;0;0;1;0;0;0;2;0;;0;3;0;0;;0;;0;;1;1;niet gekend;niet gekend;niet gekend;niet gekend;niet gekend;niet gekend;niet gekend;niet gekend;niet gekend;niet gekend;niet gekend;niet gekend;niet gekend;niet gekend;niet gekend;niet gekend;niet gekend;niet gekend;niet gekend;niet gekend;niet gekend;niet gekend;niet gekend;niet gekend;niet gekend;niet gekend;niet gekend;niet gekend;niet gekend;niet gekend;niet gekend;;;niet gekend;niet gekend;niet gekend;niet gekend;niet gekend;niet gekend;niet gekend;niet gekend;niet gekend;niet gekend;niet gekend;niet gekend;niet gekend;niet gekend;niet gekend;niet gekend;niet gekend;niet gekend;niet gekend;niet gekend;niet gekend;niet gekend;niet gekend;niet gekend;niet gekend;niet gekend;niet gekend;niet gekend;niet gekend;niet gekend;niet gekend;niet gekend;niet gekend;niet gekend;niet gekend;niet gekend;niet gekend;niet gekend;niet gekend;niet gekend;niet gekend;niet gekend;niet gekend;niet gekend;niet gekend;niet gekend;niet gekend;niet gekend;niet gekend;niet gekend;niet gekend;niet gekend;niet gekend;niet gekend;niet gekend;niet gekend;niet gekend;niet gekend;niet gekend;niet gekend;niet gekend;niet gekend;niet gekend;niet gekend;niet gekend;niet gekend;niet gekend;niet gekend;niet gekend;niet gekend;niet gekend;niet gekend;niet gekend;;niet gekend;niet gekend;niet gekend;niet gekend;niet gekend;niet gekend;niet gekend;niet gekend;niet gekend;niet gekend;niet gekend;niet gekend;niet gekend;niet gekend;niet gekend;niet gekend;niet gekend;niet gekend;niet gekend;niet gekend;niet gekend;niet gekend;niet gekend;niet gekend;niet gekend;niet gekend;niet gekend;niet gekend;niet gekend;niet gekend;niet gekend;niet gekend;;niet gekend;niet gekend;niet gekend;niet gekend;niet gekend;niet gekend;niet gekend;niet gekend;niet gekend;niet gekend;niet gekend;niet gekend;niet gekend;niet gekend;niet gekend;niet gekend;niet gekend;niet gekend;niet gekend;niet gekend;;niet gekend;niet gekend;niet gekend;niet gekend;;
Peer;16437;;Peer;Ja;86;348;586;niet gekend;;0;;0;;0;;1;;0,4;0,1;41;0;9;3;2;5;6;4;6;6;37;17;15;5;0;0;21;0;0;4;1;1;6;3;4;2;;9;2;0;3;;0;;0;;0;;Ja;1;0;0;;0;0,4;0;0,1;38;56;19;27;10;0;0;37;;4;10;0;5;0;0;;0;;0;1;0;0;;;Neen;;;;;;;;;;;;;;;;;;;;;;;;;;;;;;;;;;;;;;;;;;;;;;;;;;;;;;;;;;;;;;;;;;;;;;;;;;Ja;PZ Kempenland;Neen;;;;;;;;;;;;;;;;;;;;;;;;;;;;;;;;;;;;;;;;;Ja;0;8;10;2;8;0;0;0;0;;0;0;2;0;;
Pelt;33589;;Pelt;non-respons;non-respons;non-respons;non-respons;non-respons;;non-respons;non-respons;non-respons;non-respons;non-respons;non-respons;non-respons;;non-respons;non-respons;non-respons;non-respons;non-respons;non-respons;non-respons;non-respons;non-respons;non-respons;non-respons;non-respons;non-respons;non-respons;non-respons;non-respons;non-respons;non-respons;non-respons;non-respons;non-respons;non-respons;non-respons;non-respons;non-respons;non-respons;non-respons;non-respons;non-respons;non-respons;non-respons;non-respons;non-respons;;non-respons;non-respons;non-respons;non-respons;non-respons;non-respons;non-respons;non-respons;non-respons;non-respons;;non-respons;non-respons;non-respons;non-respons;non-respons;non-respons;non-respons;non-respons;non-respons;non-respons;non-respons;non-respons;non-respons;non-respons;non-respons;non-respons;non-respons;non-respons;non-respons;non-respons;non-respons;non-respons;non-respons;non-respons;non-respons;non-respons;non-respons;non-respons;non-respons;non-respons;non-respons;non-respons;non-respons;non-respons;non-respons;non-respons;non-respons;non-respons;non-respons;non-respons;non-respons;non-respons;non-respons;non-respons;non-respons;non-respons;non-respons;non-respons;non-respons;non-respons;non-respons;non-respons;non-respons;non-respons;non-respons;non-respons;non-respons;non-respons;non-respons;non-respons;non-respons;non-respons;non-respons;non-respons;non-respons;non-respons;non-respons;non-respons;non-respons;non-respons;non-respons;non-respons;non-respons;non-respons;non-respons;non-respons;non-respons;non-respons;non-respons;non-respons;non-respons;non-respons;non-respons;non-respons;non-respons;non-respons;non-respons;non-respons;non-respons;non-respons;non-respons;non-respons;non-respons;non-respons;non-respons;non-respons;non-respons;non-respons;non-respons;non-respons;non-respons;non-respons;non-respons;non-respons;non-respons;non-respons;non-respons;non-respons;non-respons;non-respons;non-respons;non-respons;non-respons;non-respons;non-respons;non-respons;non-respons;non-respons;non-respons;non-respons;non-respons;non-respons;non-respons;non-respons;non-respons;non-respons;non-respons;non-respons;non-respons;non-respons;non-respons;non-respons;non-respons;non-respons;non-respons;non-respons;non-respons;non-respons;non-respons;non-respons;non-respons;non-respons;non-respons;non-respons;non-respons;non-respons;non-respons;non-respons;non-respons;non-respons;non-respons;non-respons;non-respons;non-respons;non-respons;non-respons;non-respons;non-respons;non-respons;non-respons;non-respons;
Pepingen;4508;;Pepingen;non-respons;non-respons;non-respons;non-respons;non-respons;;non-respons;non-respons;non-respons;non-respons;non-respons;non-respons;non-respons;;non-respons;non-respons;non-respons;non-respons;non-respons;non-respons;non-respons;non-respons;non-respons;non-respons;non-respons;non-respons;non-respons;non-respons;non-respons;non-respons;non-respons;non-respons;non-respons;non-respons;non-respons;non-respons;non-respons;non-respons;non-respons;non-respons;non-respons;non-respons;non-respons;non-respons;non-respons;non-respons;non-respons;;non-respons;non-respons;non-respons;non-respons;non-respons;non-respons;non-respons;non-respons;non-respons;non-respons;;non-respons;non-respons;non-respons;non-respons;non-respons;non-respons;non-respons;non-respons;non-respons;non-respons;non-respons;non-respons;non-respons;non-respons;non-respons;non-respons;non-respons;non-respons;non-respons;non-respons;non-respons;non-respons;non-respons;non-respons;non-respons;non-respons;non-respons;non-respons;non-respons;non-respons;non-respons;non-respons;non-respons;non-respons;non-respons;non-respons;non-respons;non-respons;non-respons;non-respons;non-respons;non-respons;non-respons;non-respons;non-respons;non-respons;non-respons;non-respons;non-respons;non-respons;non-respons;non-respons;non-respons;non-respons;non-respons;non-respons;non-respons;non-respons;non-respons;non-respons;non-respons;non-respons;non-respons;non-respons;non-respons;non-respons;non-respons;non-respons;non-respons;non-respons;non-respons;non-respons;non-respons;non-respons;non-respons;non-respons;non-respons;non-respons;non-respons;non-respons;non-respons;non-respons;non-respons;non-respons;non-respons;non-respons;non-respons;non-respons;non-respons;non-respons;non-respons;non-respons;non-respons;non-respons;non-respons;non-respons;non-respons;non-respons;non-respons;non-respons;non-respons;non-respons;non-respons;non-respons;non-respons;non-respons;non-respons;non-respons;non-respons;non-respons;non-respons;non-respons;non-respons;non-respons;non-respons;non-respons;non-respons;non-respons;non-respons;non-respons;non-respons;non-respons;non-respons;non-respons;non-respons;non-respons;non-respons;non-respons;non-respons;non-respons;non-respons;non-respons;non-respons;non-respons;non-respons;non-respons;non-respons;non-respons;non-respons;non-respons;non-respons;non-respons;non-respons;non-respons;non-respons;non-respons;non-respons;non-respons;non-respons;non-respons;non-respons;non-respons;non-respons;non-respons;non-respons;non-respons;non-respons;non-respons;non-respons;non-respons;non-respons;
Pittem;6791;;Pittem;Ja;77;80;300;tussen 11 en 50;;0;;0;;0;;0;;;;;;;;;;;;;;;;;;;;;;;;;;;;;;;;;;;;;;;;;;Neen;;;;;;;;;;;;;;;;;;;;;;;;;;;;;;;;;Ja;WVI;Ja;1;0,05;0,05;11;0;2;3;0;4;0;0;2;0;16;0;11;1;3;1;4;0;0;2;0;0;1;0;1;0;;0;2;0;1;0;;0;;0;;Ja;0;0;1;0,1;0;0;0,05;8;29;6;16;1;6;0;12;;0;5;0;4;1;0;;0;;0;0;0;0;;Neen;;;;;;;;;;;;;;;;;;;;;;;;;;;;;;;;;;;;;;;;;;;;;;;;;;;;;;;;;;;
Poperinge;19777;;Poperinge;Ja;137;356;1121;tussen 11 en 50;;0;;0;;0;;1;;0;0;4;0;2;1;0;0;1;0;0;0;0;0;0;0;0;0;0;0;0;0;0;0;0;0;0;0;;0;0;0;0;;0;;0;;0;;Ja;0;0;0;;0;0;0;0;5;0;0;0;0;0;0;0;;0;3;0;0;0;0;;0;0;0;0;0;0;;;Neen;;;;;;;;;;;;;;;;;;;;;;;;;;;;;;;;;;;;;;;;;;;;;;;;;;;;;;;;;;;;;;;;;;;;;;;;;;Ja;PZ Arro Ieper;Ja;4;4;0;22;0;3;3;2;2;6;1;5;0;57;15;19;11;10;2;30;0;5;2;2;1;11;1;8;0;;1;13;1;12;2;2;0;;0;;Ja;1;6;16;2;10;4;0;0;8;;8;0;3;1;;
Putte;18391;;Putte;Ja;25;niet gekend;niet gekend;niet gekend;;0;;0;;0;;1;;0,05;0,05;4;0;0;1;0;0;2;0;0;1;24;7;10;0;5;2;22;0;0;1;0;0;3;0;2;16;;3;21;0;1;;0;;0;;0;;Ja;1;0;0;;0;0,05;0;0,05;18;30;5;25;10;0;0;18;;0;18;0;0;2;0;;0;;0;0;0;0;;;Ja;IGEMO;Ja;1;0,1;0;3;0;0;0;0;0;2;0;1;0;6;6;0;0;0;0;0;0;0;0;0;0;0;0;0;0;;0;3;0;3;0;;1;1;0;;Ja;6;0;1;0;0,1;0;0;8;2;2;0;0;0;0;5;;0;3;0;4;0;0;;2;2;2;0;0;0;;Neen;;;;;;;;;;;;;;;;;;;;;;;;;;;;;;;;;;;;;;;;;;;;;;;;;;;;;;;;;;;
Puurs-Sint-Amands;26306;;Puurs-Sint-Amands;Ja;niet gekend;niet gekend;niet gekend;tussen 11 en 50;;0;;0;;0;;2;;0,1;0,1;25;5;2;2;0;1;0;0;11;4;70;16;15;8;27;4;10;0;0;0;1;0;0;0;8;1;;0;10;0;3;;2;1;0;;0;;Ja;0;0;0;;0;0;0;0,05;7;0;0;0;0;0;0;0;;0;0;0;0;0;0;;0;;0;0;0;0;;;Neen;;;;;;;;;;;;;;;;;;;;;;;;;;;;;;;;;;;;;;;;;;;;;;;;;;;;;;;;;;;;;;;;;;;;;;;;;;Ja;PZ Klein Brabant;Ja;1;0,5;0,2;15;1;0;2;3;1;3;0;5;0;55;5;15;10;15;10;20;2;0;2;3;1;5;0;7;0;;0;20;0;3;0;;0;;0;;Ja;0,7;30;70;20;30;20;0;0;0;;30;0;7;2;;
Ranst;19353;;Ranst;Ja;niet gekend;niet gekend;niet gekend;niet gekend;;1;1;0;;0;;0;;;;;;;;;;;;;;;;;;;;;;;;;;;;;;;;;;;;;;;;;;Neen;;;;;;;;;;;;;;;;;;;;;;;;;;;;;;;;;Ja;IGEAN;Ja;4;niet gekend;niet gekend;1;0;0;0;0;0;0;0;0;1;1;0;1;0;0;0;1;0;0;0;0;0;0;0;0;1;;0;0;0;1;0;;0;;0;;Ja;1;1;0;0;niet gekend;niet gekend;niet gekend;8;niet gekend;niet gekend;niet gekend;niet gekend;niet gekend;niet gekend;niet gekend;;niet gekend;niet gekend;niet gekend;1;0;niet gekend;niet gekend;niet gekend;niet gekend;niet gekend;0;0;niet gekend;;Ja;PZ ZaRa ;Ja;1;niet gekend;0,3;593;0;108;68;72;245;2;17;69;12;629;6;593;15;12;3;45;0;0;0;2;0;2;0;37;4;;0;1;0;41;0;;0;;0;;Ja;0,3;50;103;7;50;39;7;0;31;;6;0;31;4;;
Ravels;15265;;Ravels;Ja;200;270;1200;niet gekend;;0;;0;;0;;1;;0,1;0,1;50;0;5;1;1;19;1;2;21;0;1;0;1;0;0;0;0;0;0;0;0;0;0;0;0;0;;1;0;0;0;;0;;0;;0;;Neen;;;;;;;;;;;;;;;;;;;;;;;;;;;;;;;/;;Ja;IOK;Ja;3;niet gekend;niet gekend;0;0;0;0;0;0;0;0;0;0;5;0;1;4;0;0;1;0;0;0;0;0;1;0;0;0;;0;2;0;0;0;;0;;0;;Ja;3;2;0;0;niet gekend;niet gekend;niet gekend;0;0;0;0;0;0;0;0;;0;0;0;0;0;0;;0;;0;0;0;0;;Ja;PZ Kempen Noord-Oost;Ja;niet gekend;niet gekend;niet gekend;niet gekend;niet gekend;niet gekend;niet gekend;niet gekend;niet gekend;niet gekend;niet gekend;niet gekend;niet gekend;niet gekend;niet gekend;niet gekend;niet gekend;niet gekend;niet gekend;niet gekend;niet gekend;niet gekend;niet gekend;niet gekend;niet gekend;niet gekend;niet gekend;niet gekend;niet gekend;;niet gekend;niet gekend;niet gekend;niet gekend;niet gekend;niet gekend;niet gekend;niet gekend;niet gekend;niet gekend;Ja;niet gekend;niet gekend;niet gekend;niet gekend;niet gekend;niet gekend;niet gekend;niet gekend;niet gekend;;niet gekend;niet gekend;niet gekend;niet gekend;;
Retie;11655;;Retie;Ja;niet gekend;niet gekend;niet gekend;niet gekend;;0;;0;;0;;1;;0,1;0,1;niet gekend;niet gekend;niet gekend;niet gekend;niet gekend;niet gekend;niet gekend;niet gekend;niet gekend;niet gekend;niet gekend;niet gekend;niet gekend;niet gekend;niet gekend;niet gekend;niet gekend;niet gekend;niet gekend;niet gekend;niet gekend;niet gekend;niet gekend;niet gekend;niet gekend;niet gekend;;0;11;niet gekend;niet gekend;;0;;0;;0;;Neen;;;;;;;;;;;;;;;;;;;;;;;;;;;;;;;;;Ja;IOK;Ja;3;niet gekend;niet gekend;0;0;0;0;0;0;0;0;0;0;1;1;0;0;0;0;0;0;0;0;0;0;0;0;0;0;;0;0;0;0;0;;0;;0;;Ja;0;0;2;1;0;0;0;0;0;0;0;0;0;0;0;;0;0;0;0;0;0;;0;;0;0;0;0;;Ja;PZ Kempen Noord-Oost;Ja;1;1;1;4;0;1;0;0;0;0;1;1;1;niet gekend;niet gekend;niet gekend;niet gekend;niet gekend;niet gekend ;niet gekend;niet gekend;niet gekend;niet gekend;niet gekend;niet gekend;niet gekend;niet gekend;niet gekend;niet gekend;;0;0;niet gekend;niet gekend;0;;0;;0;;Neen;;;;;;;;;;;;;;;;
Riemst;16774;;Riemst;Ja;niet gekend ;niet gekend ;niet gekend ;niet gekend;;0;;0;;0;;1;;0,1;0;22;0;2;2;1;4;6;1;2;4;11;0;8;3;0;0;7;0;0;1;0;1;1;0;2;2;;3;8;0;0;;0;;0;;2;2;niet gekend;niet gekend;niet gekend;niet gekend;niet gekend;niet gekend;niet gekend;niet gekend;niet gekend;niet gekend;niet gekend;niet gekend;niet gekend;niet gekend;niet gekend;niet gekend;niet gekend;niet gekend;niet gekend;niet gekend;niet gekend;niet gekend;niet gekend;niet gekend;niet gekend;niet gekend;niet gekend;niet gekend;niet gekend;niet gekend;niet gekend;niet gekend;niet gekend;niet gekend;niet gekend;niet gekend;niet gekend;niet gekend;niet gekend;niet gekend;niet gekend;niet gekend;niet gekend;niet gekend;niet gekend;niet gekend;niet gekend;niet gekend;niet gekend;niet gekend;niet gekend;niet gekend;niet gekend;niet gekend;niet gekend;niet gekend;niet gekend;niet gekend;niet gekend;niet gekend;niet gekend;niet gekend;niet gekend;niet gekend;niet gekend;niet gekend;niet gekend;niet gekend;niet gekend;niet gekend;niet gekend;niet gekend;niet gekend;niet gekend;niet gekend;niet gekend;niet gekend;niet gekend;niet gekend;niet gekend;niet gekend;niet gekend;niet gekend;niet gekend;niet gekend;niet gekend;niet gekend;niet gekend;niet gekend;niet gekend;niet gekend;niet gekend;niet gekend;niet gekend;niet gekend;niet gekend;niet gekend;niet gekend;niet gekend;niet gekend;niet gekend;niet gekend;niet gekend;niet gekend;niet gekend;niet gekend;niet gekend;niet gekend;niet gekend;niet gekend;niet gekend;niet gekend;niet gekend;niet gekend;niet gekend;niet gekend;niet gekend;niet gekend;niet gekend;niet gekend;niet gekend;niet gekend;niet gekend;niet gekend;niet gekend;niet gekend;niet gekend;niet gekend;niet gekend;niet gekend;niet gekend;niet gekend;niet gekend;niet gekend;niet gekend;niet gekend;niet gekend;niet gekend;niet gekend;niet gekend;niet gekend;niet gekend;niet gekend;niet gekend;niet gekend;niet gekend;niet gekend;niet gekend;niet gekend;niet gekend;niet gekend;niet gekend;niet gekend;niet gekend;niet gekend;niet gekend;niet gekend;niet gekend;niet gekend;niet gekend;niet gekend;niet gekend;niet gekend;niet gekend;niet gekend;;
Rijkevorsel;12319;;Rijkevorsel;niet gekend;niet gekend;niet gekend;niet gekend;niet gekend;;niet gekend;niet gekend;niet gekend;niet gekend;niet gekend;niet gekend;niet gekend;;niet gekend;niet gekend;niet gekend;niet gekend;niet gekend;niet gekend;niet gekend;niet gekend;niet gekend;niet gekend;niet gekend;niet gekend;niet gekend;niet gekend;niet gekend;niet gekend;niet gekend;niet gekend;niet gekend;niet gekend;niet gekend;niet gekend;niet gekend;niet gekend;niet gekend;niet gekend;niet gekend;niet gekend;;niet gekend;niet gekend;niet gekend;niet gekend;;niet gekend;niet gekend;niet gekend;niet gekend;niet gekend;niet gekend;niet gekend;niet gekend;niet gekend;niet gekend;;niet gekend;niet gekend;niet gekend;niet gekend;niet gekend;niet gekend;niet gekend;niet gekend;niet gekend;niet gekend;niet gekend;niet gekend;niet gekend;niet gekend;niet gekend;niet gekend;niet gekend;niet gekend;niet gekend;niet gekend;niet gekend;niet gekend;niet gekend;niet gekend;niet gekend;niet gekend;niet gekend;niet gekend;Ja;niet gekend;Ja;niet gekend;niet gekend;niet gekend;niet gekend;niet gekend;niet gekend;niet gekend;niet gekend;niet gekend;niet gekend;niet gekend;niet gekend;niet gekend;niet gekend;niet gekend;niet gekend;niet gekend;niet gekend;niet gekend;niet gekend;niet gekend;niet gekend;niet gekend;niet gekend;niet gekend;niet gekend;niet gekend;niet gekend;niet gekend;niet gekend;niet gekend;niet gekend;niet gekend;niet gekend;niet gekend;niet gekend;niet gekend;niet gekend;niet gekend;niet gekend;niet gekend;niet gekend;niet gekend;niet gekend;niet gekend;niet gekend;niet gekend;niet gekend;niet gekend;niet gekend;niet gekend;niet gekend;niet gekend;niet gekend;niet gekend;niet gekend;niet gekend;niet gekend;niet gekend;niet gekend;niet gekend;niet gekend;niet gekend;niet gekend;niet gekend;niet gekend;niet gekend;niet gekend;niet gekend;niet gekend;;Ja;niet gekend;niet gekend;niet gekend;niet gekend;niet gekend;niet gekend;niet gekend;niet gekend;niet gekend;niet gekend;niet gekend;niet gekend;niet gekend;niet gekend;niet gekend;niet gekend;niet gekend;niet gekend;niet gekend;niet gekend;niet gekend;niet gekend;niet gekend;niet gekend;niet gekend;niet gekend;niet gekend;niet gekend;niet gekend;niet gekend;niet gekend;niet gekend;niet gekend;niet gekend;niet gekend;niet gekend;niet gekend;niet gekend;niet gekend;niet gekend;niet gekend;niet gekend;niet gekend;niet gekend;niet gekend;niet gekend;niet gekend;niet gekend;niet gekend;niet gekend;niet gekend;niet gekend;niet gekend;niet gekend;niet gekend;niet gekend;niet gekend;;
Roeselare;64382;;Roeselare;Ja;niet gekend;niet gekend;niet gekend;niet gekend;;1;1;0;;0;;3;;0,3;0;249;0;195;6;2;17;13;0;11;5;101;9;68;niet gekend;33;niet gekend;76;0;23;2;1;14;24;0;12;0;;16;10;0;9;;1;1;0;;0;;Neen;;;;;;;;;;;;;;;;;;;;;;;;;;;;;;;;;Neen;;;;;;;;;;;;;;;;;;;;;;;;;;;;;;;;;;;;;;;;;;;;;;;;;;;;;;;;;;;;;;;;;;;;;;;;;;Ja;PZ RIHO;Ja;2;0,2;0,1;niet gekend;niet gekend;niet gekend;niet gekend;niet gekend;niet gekend;niet gekend;niet gekend;niet gekend;niet gekend;niet gekend;niet gekend;niet gekend;niet gekend;niet gekend;niet gekend;niet gekend;niet gekend;niet gekend;niet gekend;niet gekend;niet gekend;niet gekend;niet gekend;niet gekend;niet gekend;niet gekend;niet gekend;niet gekend;niet gekend;niet gekend;niet gekend;niet gekend;niet gekend;niet gekend;niet gekend;niet gekend;Ja;0,2;85;73;niet gekend;niet gekend;niet gekend;niet gekend;niet gekend;niet gekend;niet gekend;niet gekend;niet gekend;18;niet gekend;;
Ronse;26693;;Ronse;Ja;30;70;niet gekend;niet gekend;;0;;0;;0;;1;;0,0001;0;0;0;0;0;0;0;0;0;0;0;0;0;0;0;0;0;0;0;0;0;0;0;0;0;0;0;;0;0;0;0;;0;;0;;0;;Neen;;;;;;;;;;;;;;;;;;;;;;;;;;;;;;;;;Ja;SOLVA;Ja;1;0,05;0,01;1;0;0;0;0;0;0;0;1;0;11;10;1;0;0;0;1;0;0;0;0;0;0;0;1;0;;0;7;0;0;0;;0;;0;;Ja;0;0;2;0,05;0;0;0,01;11;15;2;12;1;0;0;9;;0;4;0;1;0;0;;0;;0;1;0;0;;Ja;PZ Ronse;Neen;;;;;;;;;;;;;;;;;;;;;;;;;;;;;;;;;;;;;;;;;Neen;;;;;;;;;;;;;;;/;
Roosdaal;11732;;Roosdaal;Ja;3;31;271;niet gekend;;0;;0;;0;;1;;0,01;0,01;niet gekend;niet gekend;niet gekend;niet gekend;niet gekend;niet gekend;niet gekend;niet gekend;niet gekend;niet gekend;11;niet gekend;niet gekend;niet gekend;niet gekend;niet gekend;11;0;0;10;0;0;1;0;0;0;;0;0;0;10;;0;;0;;0;;Ja;0;0;2;;0,01;0;0;0;niet gekend;0;0;0;0;0;0;0;;0;12;0;3;0;0;;0;;0;0;0;0;;;Ja;Haviland;Ja;1;0;0;0;0;0;0;0;0;0;0;0;0;0;0;0;0;0;0;0;0;0;0;0;0;0;0;0;0;;0;0;0;0;0;;0;;0;;Neen;;;;;;;;;;;;;;;;;;;;;;;;;;;;;;;Neen;;;;;;;;;;;;;;;;;;;;;;;;;;;;;;;;;;;;;;;;;;;;;;;;;;;;;;;;;;;
Rotselaar;17293;;Rotselaar;Ja;niet gekend;niet gekend;niet gekend;niet gekend;;0;;0;;0;;0;;;;;;;;;;;;;;;;;;;;;;;;;;;;;;;;;;;;;;;;;;Neen;;;;;;;;;;;;;;;;;;;;;;;;;;;;;;;;;Ja;Interleuven;Ja;3;0,1;0,1;5;0;0;2;0;1;1;0;1;0;13;0;3;1;5;4;4;0;0;2;0;0;1;0;1;0;;0;3;0;1;0;;0;;0;;Ja;2;0;0;0;0,4;0;0;38;74;7;38;19;7;3;29;;1;36;0;3;1;0;;0;;0;0;0;0;;Neen;;;;;;;;;;;;;;;;;;;;;;;;;;;;;;;;;;;;;;;;;;;;;;;;;;;;;;;;;;;
Ruiselede;5439;;Ruiselede;Ja;65;80;250;tussen 11 en 50;;0;;0;;0;;0;;;;;;;;;;;;;;;;;;;;;;;;;;;;;;;;;;;;;;;;;;Neen;;;;;;;;;;;;;;;;;;;;;;;;;;;;;;;;;Ja;WVI;Ja;1;0,01;0,01;6;0;3;0;0;2;1;0;0;0;9;1;6;1;1;0;2;0;0;0;0;0;1;0;1;0;;0;0;0;1;0;;0;;0;;Ja;0;0;1;0,015;0;0;0,05;6;25;10;12;0;3;0;10;;0;12;0;0;0;0;;0;;0;0;0;0;;Neen;;;;;;;;;;;;;;;;;;;;;;;;;;;;;;;;;;;;;;;;;;;;;;;;;;;;;;;;;;;
Rumst;15256;;Rumst;Ja;23;50;200;tussen 11 en 50;;0;;1;0;0;;1;;0,08;0;25;2;7;2;0;5;2;0;5;2;19;5;6;2;4;2;9;2;0;1;0;0;5;0;1;0;;3;3;0;10;;1;0;0;;0;;Ja;1;0;0;;0;0,01;0;0,1;24;2;niet gekend;niet gekend;niet gekend;niet gekend;niet gekend;2;;2;0;0;1;0;0;;0;;0;0;0;0;;;Ja;IGEAN;Neen;;;;;;;;;;;;;;;;;;;;;;;;;;;;;;;;;;;;;;;;;Ja;1;1;0;0;niet gekend;niet gekend;niet gekend;0;niet gekend;niet gekend;niet gekend;niet gekend;niet gekend;niet gekend;0;;niet gekend;0;0;0;0;0;;0;;0;0;0;0;;Ja;PZ Rupel;Neen;;;;;;;;;;;;;;;;;;;;;;;;;;;;;;;;;;;;;;;;;Ja;niet gekend;niet gekend;9;0;9;0;0;0;9;;0;0;9;niet gekend;;
Schelle;8691;;Schelle;niet gekend;niet gekend;niet gekend;niet gekend;niet gekend;;niet gekend;niet gekend;niet gekend;niet gekend;niet gekend;niet gekend;niet gekend;;niet gekend;niet gekend;niet gekend;niet gekend;niet gekend;niet gekend;niet gekend;niet gekend;niet gekend;niet gekend;niet gekend;niet gekend;niet gekend;niet gekend;niet gekend;niet gekend;niet gekend;niet gekend;niet gekend;niet gekend;niet gekend;niet gekend;niet gekend;niet gekend;niet gekend;niet gekend;niet gekend;niet gekend;niet gekend;niet gekend;niet gekend;niet gekend;niet gekend;;niet gekend;niet gekend;niet gekend;niet gekend;niet gekend;niet gekend;niet gekend;niet gekend;niet gekend;niet gekend;;niet gekend;niet gekend;niet gekend;niet gekend;niet gekend;niet gekend;niet gekend;niet gekend;niet gekend;niet gekend;niet gekend;niet gekend;niet gekend;niet gekend;niet gekend;niet gekend;niet gekend;niet gekend;niet gekend;niet gekend;niet gekend;niet gekend;niet gekend;niet gekend;niet gekend;niet gekend;niet gekend;niet gekend;Ja;IGEAN;Ja;4;niet gekend;niet gekend;1;0;0;1;0;0;0;0;0;0;1;0;1;0;0;0;0;0;0;0;0;0;0;0;0;0;;0;0;0;0;0;;0;;0;;Ja;1;1;0;0;niet gekend;niet gekend;niet gekend;niet gekend;niet gekend;niet gekend;niet gekend;niet gekend;niet gekend;niet gekend;niet gekend;;niet gekend;0;0;3;2;0;;0;;0;0;0;niet gekend;;niet gekend;niet gekend;niet gekend;niet gekend;niet gekend;niet gekend;niet gekend;niet gekend;niet gekend;niet gekend;niet gekend;niet gekend;niet gekend;niet gekend;niet gekend;niet gekend;niet gekend;niet gekend;niet gekend;niet gekend;niet gekend;niet gekend;niet gekend;niet gekend;niet gekend;niet gekend;niet gekend;niet gekend;niet gekend;niet gekend;niet gekend;niet gekend;niet gekend;niet gekend;niet gekend;niet gekend;niet gekend;niet gekend;niet gekend;niet gekend;niet gekend;niet gekend;niet gekend;niet gekend;niet gekend;niet gekend;niet gekend;niet gekend;niet gekend;niet gekend;niet gekend;niet gekend;niet gekend;niet gekend;niet gekend;niet gekend;niet gekend;niet gekend;;
Scherpenheuvel-Zichem;23346;;Scherpenheuvel-Zichem;Ja;niet gekend;niet gekend;niet gekend;niet gekend;;0;;0;;0;;0;;;;;;;;;;;;;;;;;;;;;;;;;;;;;;;;;;;;;;;;;;Neen;;;;;;;;;;;;;;;;;;;;;;;;;;;;;;;;;Ja;Interleuven;Ja;2;0,1;0,1;10;0;0;1;3;0;0;1;5;0;23;2;9;7;4;1;12;0;0;1;2;0;1;1;7;0;;0;7;0;2;0;;0;;0;;Neen;;;;;;;;;;;;;;;;;;;;;;;;;;;;;;De gegevens inzake controles zijn vooral gebaseerd op effectieve plaatsbezoeken. De controles van stukken worden niet steeds genoteerd in de database.;Ja;PZ Demerdal;Neen;;;;;;;;;;;;;;;;;;;;;;;;;;;;;;;;;;;;;;;;;Ja;niet gekend;niet gekend;14;niet gekend;niet gekend;niet gekend;niet gekend;niet gekend;niet gekend;;niet gekend;niet gekend;niet gekend;niet gekend;;
Schilde;20031;;Schilde;Ja;1;30;109;tussen 11 en 50;;0;;0;;0;;1;;niet gekend;0,25;36;niet gekend;2;15;9;6;niet gekend;0;niet gekend;4;24;niet gekend;niet gekend;10;niet gekend;niet gekend;niet gekend;niet gekend;niet gekend;niet gekend;niet gekend;niet gekend;niet gekend;niet gekend;niet gekend;niet gekend;;niet gekend;niet gekend;0;0;;0;;0;;0;;Ja;0;0;0;;0;0;0;1;131;286;30;131;100;25;niet gekend;89;;niet gekend;niet gekend;niet gekend;10;2;0;;niet gekend;niet gekend;0;0;0;0;De gemeente beschikt niet over een bruikbaar programma waar alle gevraagd info kan gehaald worden. ;;Ja;IGEAN;Neen;;;;;;;;;;;;;;;;;;;;;;;;;;;;;;;;;;;;;;;;;Ja;1;1;2;niet gekend;niet gekend;niet gekend;niet gekend;6;6;0;0;6;0;0;6;;0;0;6;6;2;0;;0;;0;0;0;0;;Ja;PZ Voorkempen;Ja;2;1,5;0;980;491;5;niet gekend;0;431;0;1;49;3;8;2;3;0;3;0;5;2;0;1;0;0;1;0;1;0;;0;1;0;5;0;;0;;0;;Ja;1,5;37;39;1;37;1;0;0;21;;2;0;21;0;De data (behalve klachten) zijn onvolledig. ;
Schoten;34158;;Schoten;Ja;57;126;2500;meer dan 100;;6;5;0;;1;1;1;;0,1;0,6;608;197;207;20;3;52;74;0;55;0;68;5;63;niet gekend;0;0;11;1;0;2;2;0;2;0;4;0;;98;59;0;11;;0;;0;;1;1;Ja;0;0;0;;0;0;0;0,1;60;3;0;0;0;0;0;0;;963;2;0;0;0;0;;0;;0;0;0;0;;;Ja;IGEAN;Neen;;;;;;;;;;;;;;;;;;;;;;;;;;;;;;;;;;;;;;;;;Ja;2;0;1;0;niet gekend;niet gekend;niet gekend;9;niet gekend;niet gekend;niet gekend;niet gekend;0;niet gekend;0;;0;3;niet gekend;1;0;0;;0;;0;0;0;0;0;Neen;;;;;;;;;;;;;;;;;;;;;;;;;;;;;;;;;;;;;;;;;;;;;;;;;;;;;;;;;;;
Sint-Genesius-Rode;18622;;Sint-Genesius-Rode;niet gekend;2;35;niet gekend;niet gekend;;0;;0;;0;;1;;niet gekend;niet gekend;niet gekend;niet gekend;niet gekend;niet gekend;niet gekend;niet gekend;niet gekend;niet gekend;niet gekend;niet gekend;niet gekend;niet gekend;niet gekend;niet gekend;niet gekend;niet gekend;niet gekend;niet gekend;niet gekend;niet gekend;niet gekend;niet gekend;niet gekend;niet gekend;niet gekend;niet gekend;niet gekend;niet gekend;niet gekend;0;0;;0;;0;;niet gekend;niet gekend;Neen;;;;;;;;;;;;;;;;;;;;;;;;;;;;;;;;;Neen;;;;;;;;;;;;;;;;;;;;;;;;;;;;;;;;;;;;;;;;;;;;;;;;;;;;;;;;;;;;;;;;;;;;;;;;;;Neen;;;;;;;;;;;;;;;;;;;;;;;;;;;;;;;;;;;;;;;;;;;;;;;;;;;;;;;;;;;
Sint-Gillis-Waas;19703;;Sint-Gillis-Waas;Ja;niet gekend;niet gekend;niet gekend;niet gekend;;0;;0;;0;;0;;;;;;;;;;;;;;;;;;;;;;;;;;;;;;;;;;;;;;;;;;Neen;;;;;;;;;;;;;;;;;;;;;;;;;;;;;;;;;Neen;;;;;;;;;;;;;;;;;;;;;;;;;;;;;;;;;;;;;;;;;;;;;;;;;;;;;;;;;;;;;;;;;;;;;;;;;;Ja;PZ Waasland Noord;Neen;;;;;;;;;;;;;;;;;;;;;;;;;;;;;;;;;;;;;;;;;Ja;niet gekend;0;niet gekend;niet gekend;niet gekend;niet gekend;niet gekend;niet gekend;niet gekend;;niet gekend;niet gekend;niet gekend;niet gekend;;
Sint-Katelijne-Waver;21386;;Sint-Katelijne-Waver;Neen;niet gekend;niet gekend;niet gekend;tussen 11 en 50;;0;;1;0;0;;3;;niet gekend;niet gekend;niet gekend;niet gekend;niet gekend;niet gekend;niet gekend;niet gekend;niet gekend;niet gekend;niet gekend;niet gekend;niet gekend;niet gekend;niet gekend;niet gekend;niet gekend;niet gekend;niet gekend;niet gekend;niet gekend;niet gekend;niet gekend;niet gekend;niet gekend;niet gekend;niet gekend;niet gekend;;niet gekend;niet gekend;niet gekend;niet gekend;;niet gekend;niet gekend;niet gekend;niet gekend;niet gekend;niet gekend;Neen;;;;;;;;;;;;;;;;;;;;;;;;;;;;;;;De gevraagde gegevens zijn niet allemaal gekend. ;;Ja;IGEMO;Ja;1;0,1;0;3;0;0;0;0;0;3;0;0;0;8;8;0;0;0;0;3;0;0;0;0;0;3;0;0;0;;0;10;2;0;0;;0;;0;;Ja;7;0;1;0;0,4;0;0;15;10;3;7;0;0;0;20;;0;18;0;6;0;0;;0;;0;0;0;0;;Ja;PZ Bodukap;Neen;;;;;;;;;;;;;;;;;;;;;;;;;;;;;;;;;;;;;;;;;Neen;;;;;;;;;;;;;;;"
";
Sint-Laureins;6936;;Sint-Laureins;Ja;niet gekend;niet gekend;niet gekend;niet gekend;;0;;0;;0;;1;;0,1;0;6;0;1;0;1;1;0;0;2;1;2;niet gekend;niet gekend;niet gekend;niet gekend;niet gekend;1;0;0;0;0;0;1;0;0;0;;0;1;0;0;;0;;0;;0;;Neen;;;;;;;;;;;;;;;;;;;;;;;;;;;;;;;;;Ja;VENECO;Ja;1;0;0;0;0;0;0;0;0;0;0;0;0;0;0;0;0;0;0;0;0;0;0;0;0;0;0;0;0;;0;0;0;0;0;;0;;0;;Ja;0;0;2;0,05;0,01;0;0;0;0;0;0;0;0;0;0;;0;0;0;0;0;0;;0;;0;1;0;0;Getallen zijn inschattingen, met foutenmarges tot 50% of enkele eenheden;Ja;PZ Meetjesland;Neen;;;;;;;;;;;;;;;;;;;;;;;;;;;;;;;;;;;;;;;;;Neen;;;;;;;;;;;;;;;;
Sint-Lievens-Houtem;10510;;Sint-Lievens-Houtem;Ja;9;90;310;tussen 1 en 10;;0;;0;;0;;2;;0,05;0,05;10;0;0;2;0;3;1;0;3;1;12;3;7;2;0;0;8;0;0;2;0;1;1;0;3;1;;1;4;0;0;;0;;0;;0;;Neen;;;;;;;;;;;;;;;;;;;;;;;;;;;;;;;;;Ja;SOLVA;Neen;;;;;;;;;;;;;;;;;;;;;;;;;;;;;;;;;;;;;;;;;Ja;0;0;1;niet gekend;0;0;0;4;5;1;3;1;0;0;3;;0;2;0;0;0;0;;0;;2;0;0;0;;Neen;;;;;;;;;;;;;;;;;;;;;;;;;;;;;;;;;;;;;;;;;;;;;;;;;;;;;;;;;;;
Sint-Martens-Latem;8266;;Sint-Martens-Latem;Ja;0;niet gekend;niet gekend;niet gekend;;0;;0;;0;;1;;0,05;0;8;0;1;1;0;4;0;1;1;0;6;0;2;0;4;0;7;0;0;4;0;1;0;1;1;0;;3;4;0;4;;0;;0;;0;;Ja;0;0;1;;1;0,5;0,5;0,1;niet gekend;67;niet gekend;niet gekend;niet gekend;67;niet gekend;niet gekend;;6;8;0;5;1;0;;0;;0;2;0;0;we registreren en rapporteren op een andere manier.  ;;Neen;;;;;;;;;;;;;;;;;;;;;;;;;;;;;;;;;;;;;;;;;;;;;;;;;;;;;;;;;;;;;;;;;;;;;;;;;;Ja;PZ Schelde-Leiei;Neen;;;;;;;;;;;;;;;;;;;;;;;;;;;;;;;;;;;;;;;;;niet gekend;niet gekend;niet gekend;niet gekend;niet gekend;niet gekend;niet gekend;niet gekend;niet gekend;niet gekend;;niet gekend;niet gekend;niet gekend;niet gekend;;
Sint-Niklaas;80133;;Sint-Niklaas;Ja;niet gekend;niet gekend;niet gekend;niet gekend;;0;;1;0;0;;2;;0,05;0;25;2;5;7;2;3;3;0;2;1;39;0;25;0;14;0;12;0;2;4;1;1;3;0;1;0;;2;17;0;4;;0;;0;;0;;Ja;2;0;0;;0;1;0;1;120;225;niet gekend;niet gekend;niet gekend;niet gekend;niet gekend;niet gekend;;40;106;0;39;5;0;;0;;1;11;0;0;;;Neen;;;;;;;;;;;;;;;;;;;;;;;;;;;;;;;;;;;;;;;;;;;;;;;;;;;;;;;;;;;;;;;;;;;;;;;;;;Ja;PZ Sint-Niklaas;Neen;;;;;;;;;;;;;;;;;;;;;;;;;;;;;;;;;;;;;;;;;Ja;0,7;niet gekend;niet gekend;niet gekend;niet gekend;niet gekend;niet gekend;niet gekend;niet gekend;;niet gekend;0;niet gekend;niet gekend;;
Sint-Pieters-Leeuw;35475;;Sint-Pieters-Leeuw;Ja;32;79;niet gekend;niet gekend;;4;0;0;;0;;1;;0,1;0;38;22;1;1;0;7;3;0;4;0;13;0;2;0;1;0;3;3;1;0;1;0;1;0;1;0;;0;10;0;4;;3;3;0;;0;;Ja;1;0;1;;0,1;0,1;0;0;22;18;0;12;6;0;0;8;;6;0;3;3;0;0;;0;;0;0;0;0;;;Ja;Haviland;Ja;2;0,1;0;20;8;0;0;4;0;8;0;0;0;8;0;8;0;0;0;14;8;0;0;0;0;6;0;0;0;;0;6;8;8;8;8;0;;0;;Ja;0;0;1;0,1;0,1;0,1;0,1;6;6;2;4;0;0;0;0;;0;6;6;6;0;0;;0;;0;6;0;0;;Neen;;;;;;;;;;;;;;;;;;;;;;;;;;;;;;;;;;;;;;;;;;;;;;;;;;;;;;;;;;;
Sint-Truiden;40817;;Sint-Truiden;Ja;55;580;1400;niet gekend;;0;;0;;0;;1;;0,1;0;27;1;3;8;6;7;2;0;0;0;3;1;0;0;1;1;1;0;0;0;0;0;1;0;0;0;;1;1;0;0;;0;;0;;0;;Ja;1;0;0;;0;0,2;0;0;90;100;5;90;1;4;0;85;;85;0;0;5;3;0;;0;;0;3;0;0;;;Neen;;;;;;;;;;;;;;;;;;;;;;;;;;;;;;;;;;;;;;;;;;;;;;;;;;;;;;;;;;;;;;;;;;;;;;;;;;Ja;PZ Nieuwerkerken - Gingelom - Sint-Truiden;Ja;2;niet gekend;niet gekend;0;0;0;0;0;0;0;0;0;0;0;0;0;0;0;0;0;0;0;0;0;0;0;0;0;0;;0;0;0;0;0;;0;;0;;Ja;niet gekend;niet gekend;niet gekend;0;0;0;0;0;0;;0;0;0;0;"De analyse van het aantal meldingen bij de politie kon niet tijdig worden aangeleverd.
Het systeem van de politie laat niet toe om opdelingen te maken in functie van de verschillende milieuthema's.";
Spiere-Helkijn;2052;;Spiere-Helkijn;Ja;10;50;150;tussen 11 en 50;;0;;0;;0;;0;;;;;;;;;;;;;;;;;;;;;;;;;;;;;;;;;;;;;;;;;;Neen;;;;;;;;;;;;;;;;;;;;;;;;;;;;;;;;;Ja;Intercommunale leiedal;Ja;1;0,05;0;8;4;0;0;0;2;2;0;0;0;4;0;3;1;0;0;1;1;0;0;0;0;0;0;0;0;;0;1;0;0;0;;0;;0;;Ja;1;0;0;0;0,05;0;0;4;6;0;4;2;0;0;2;;0;2;0;0;0;0;;0;;0;0;0;0;;niet gekend;niet gekend;niet gekend;niet gekend;niet gekend;niet gekend;niet gekend;niet gekend;niet gekend;niet gekend;niet gekend;niet gekend;niet gekend;niet gekend;niet gekend;niet gekend;niet gekend;niet gekend;niet gekend;niet gekend;niet gekend;niet gekend;niet gekend;niet gekend;niet gekend;niet gekend;niet gekend;niet gekend;niet gekend;niet gekend;niet gekend;niet gekend;niet gekend;niet gekend;niet gekend;niet gekend;niet gekend;niet gekend;niet gekend;niet gekend;niet gekend;niet gekend;niet gekend;niet gekend;niet gekend;niet gekend;niet gekend;niet gekend;niet gekend;niet gekend;niet gekend;niet gekend;niet gekend;niet gekend;niet gekend;niet gekend;niet gekend;niet gekend;;
Stabroek;18785;;Stabroek;Ja;17;94;436;niet gekend;;0;;0;;0;;1;;0,1;0,1;36;0;1;2;0;4;0;0;23;6;6;1;3;2;0;0;5;0;0;0;0;0;5;0;0;0;;0;5;0;3;;0;;0;;0;;Neen;;;;;;;;;;;;;;;;;;;;;;;;;;;;;;;;;Ja;IGEAN;Neen;;;;;;;;;;;;;;;;;;;;;;;;;;;;;;;;;;;;;;;;;Ja;0;0;2;0,1;0;0;0;0;2;0;0;0;0;2;2;;0;0;2;2;0;0;;0;;0;0;0;0;;Neen;;;;;;;;;;;;;;;;;;;;;;;;;;;;;;;;;;;;;;;;;;;;;;;;;;;;;;;;;;;
Staden;11523;;Staden;non-respons;non-respons;non-respons;non-respons;non-respons;;non-respons;non-respons;non-respons;non-respons;non-respons;non-respons;non-respons;;non-respons;non-respons;non-respons;non-respons;non-respons;non-respons;non-respons;non-respons;non-respons;non-respons;non-respons;non-respons;non-respons;non-respons;non-respons;non-respons;non-respons;non-respons;non-respons;non-respons;non-respons;non-respons;non-respons;non-respons;non-respons;non-respons;non-respons;non-respons;non-respons;non-respons;non-respons;non-respons;non-respons;;non-respons;non-respons;non-respons;non-respons;non-respons;non-respons;non-respons;non-respons;non-respons;non-respons;;non-respons;non-respons;non-respons;non-respons;non-respons;non-respons;non-respons;non-respons;non-respons;non-respons;non-respons;non-respons;non-respons;non-respons;non-respons;non-respons;non-respons;non-respons;non-respons;non-respons;non-respons;non-respons;non-respons;non-respons;non-respons;non-respons;non-respons;non-respons;non-respons;non-respons;non-respons;non-respons;non-respons;non-respons;non-respons;non-respons;non-respons;non-respons;non-respons;non-respons;non-respons;non-respons;non-respons;non-respons;non-respons;non-respons;non-respons;non-respons;non-respons;non-respons;non-respons;non-respons;non-respons;non-respons;non-respons;non-respons;non-respons;non-respons;non-respons;non-respons;non-respons;non-respons;non-respons;non-respons;non-respons;non-respons;non-respons;non-respons;non-respons;non-respons;non-respons;non-respons;non-respons;non-respons;non-respons;non-respons;non-respons;non-respons;non-respons;non-respons;non-respons;non-respons;non-respons;non-respons;non-respons;non-respons;non-respons;non-respons;non-respons;non-respons;non-respons;non-respons;non-respons;non-respons;non-respons;non-respons;non-respons;non-respons;non-respons;non-respons;non-respons;non-respons;non-respons;non-respons;non-respons;non-respons;non-respons;non-respons;non-respons;non-respons;non-respons;non-respons;non-respons;non-respons;non-respons;non-respons;non-respons;non-respons;non-respons;non-respons;non-respons;non-respons;non-respons;non-respons;non-respons;non-respons;non-respons;non-respons;non-respons;non-respons;non-respons;non-respons;non-respons;non-respons;non-respons;non-respons;non-respons;non-respons;non-respons;non-respons;non-respons;non-respons;non-respons;non-respons;non-respons;non-respons;non-respons;non-respons;non-respons;non-respons;non-respons;non-respons;non-respons;non-respons;non-respons;non-respons;non-respons;non-respons;non-respons;non-respons;non-respons;
Steenokkerzeel;12496;;Steenokkerzeel;Ja;20;58;597;niet gekend;;0;;0;;1;1;0;;;;;;;;;;;;;;;;;;;;;;;;;;;;;;;;;;;;;;;;;;Ja;0;0;0;;0;0;0;0,1;15;2;0;2;0;0;0;2;;0;15;0;2;1;0;;0;;0;1;0;0;;;Ja;Haviland;Ja;1;0,05;0,025;7;2;0;1;1;0;0;0;3;0;15;0;11;4;0;0;32;11;0;1;1;0;11;0;8;0;;0;12;0;5;0;;0;;1;1;Neen;;;;;;;;;;;;;;;;;;;;;;;;;;;;;;;Ja;PZ KASTZE;Neen;;;;;;;;;;;;;;;;;;;;;;;;;;;;;;;;;;;;;;;;;Ja;niet gekend;niet gekend;5;1;2;2;0;0;2;;2;0;2;1;;
Stekene;19032;;Stekene;Ja;niet gekend;niet gekend;niet gekend;niet gekend;;0;;0;;0;;1;;0,1;0,1;167;20;5;35;15;10;15;2;35;30;15;3;5;3;2;2;1;0;0;0;0;0;1;0;0;0;;160;7;0;0;;0;;0;;0;;Neen;;;;;;;;;;;;;;;;;;;;;;;;;;;;;;;;;Neen;;;;;;;;;;;;;;;;;;;;;;;;;;;;;;;;;;;;;;;;;;;;;;;;;;;;;;;;;;;;;;;;;;;;;;;;;;Ja;PZ Waasland Noord;Neen;;;;;;;;;;;;;;;;;;;;;;;;;;;;;;;;;;;;;;;;;Ja;0,5;23;8;2;6;0;0;0;0;;0;3;23;2;;
Temse;30600;;Temse;Ja;38;155;958;tussen 11 en 50;;1;niet gekend;0;;5;1;2;;0,1;0,1;55;0;0;4;1;15;0;0;30;5;19;0;10;2;5;2;1;0;0;0;1;0;0;0;0;0;;5;2;0;1;;1;1;0;;0;;Ja;1;0;0;;0;0,7;0;0,2;20;40;5;20;5;5;5;10;;40;30;5;10;5;10;4;0;;3;3;0;0;;;Neen;;;;;;;;;;;;;;;;;;;;;;;;;;;;;;;;;;;;;;;;;;;;;;;;;;;;;;;;;;;;;;;;;;;;;;;;;;Ja;PZ Kruibeke-Temse;Neen;;;;;;;;;;;;;;;;;;;;;;;;;;;;;;;;;;;;;;;;;Ja;0,4;niet gekend;niet gekend;niet gekend;niet gekend;niet gekend;niet gekend;niet gekend;niet gekend;;niet gekend;niet gekend;10;10;geen infodoorstroming door politiezone;
Ternat;16273;;Ternat;Ja;10;niet gekend;niet gekend;niet gekend;;0;;0;;0;;1;;0,5;0,2;37;0;0;10;0;4;3;0;20;0;32;2;28;niet gekend;2;0;19;0;0;0;0;2;2;0;15;0;;0;17;0;73;;0;;0;;0;;Ja;0;0;1;;niet gekend;0;0;niet gekend;niet gekend;111;6;73;32;0;0;50;;10;41;0;23;5;0;;0;;0;0;0;0;;;Ja;Haviland;Ja;1;niet gekend;niet gekend;niet gekend;niet gekend;niet gekend;niet gekend;niet gekend;niet gekend;niet gekend;niet gekend;niet gekend;niet gekend;niet gekend;niet gekend;niet gekend;niet gekend;niet gekend;niet gekend;niet gekend;niet gekend;niet gekend;niet gekend;niet gekend;niet gekend;niet gekend;niet gekend;niet gekend;niet gekend;niet gekend;niet gekend;niet gekend;niet gekend;niet gekend;niet gekend;niet gekend;niet gekend;niet gekend;niet gekend;niet gekend;Ja;0;0;2;0;0,2;0;0;65;111;6;73;32;0;0;50;;10;41;0;23;5;0;;0;;0;0;0;0;;niet gekend;niet gekend;niet gekend;niet gekend;niet gekend;niet gekend;niet gekend;niet gekend;niet gekend;niet gekend;niet gekend;niet gekend;niet gekend;niet gekend;niet gekend;niet gekend;niet gekend;niet gekend;niet gekend;niet gekend;niet gekend;niet gekend;niet gekend;niet gekend;niet gekend;niet gekend;niet gekend;niet gekend;niet gekend;niet gekend;niet gekend;niet gekend;niet gekend;niet gekend;niet gekend;niet gekend;niet gekend;niet gekend;niet gekend;niet gekend;niet gekend;niet gekend;niet gekend;niet gekend;niet gekend;niet gekend;niet gekend;niet gekend;niet gekend;niet gekend;niet gekend;niet gekend;niet gekend;niet gekend;niet gekend;niet gekend;niet gekend;niet gekend;;
Tervuren;22812;;Tervuren;non-respons;non-respons;non-respons;non-respons;non-respons;;non-respons;non-respons;non-respons;non-respons;non-respons;non-respons;non-respons;;non-respons;non-respons;non-respons;non-respons;non-respons;non-respons;non-respons;non-respons;non-respons;non-respons;non-respons;non-respons;non-respons;non-respons;non-respons;non-respons;non-respons;non-respons;non-respons;non-respons;non-respons;non-respons;non-respons;non-respons;non-respons;non-respons;non-respons;non-respons;non-respons;non-respons;non-respons;non-respons;non-respons;;non-respons;non-respons;non-respons;non-respons;non-respons;non-respons;non-respons;non-respons;non-respons;non-respons;;non-respons;non-respons;non-respons;non-respons;non-respons;non-respons;non-respons;non-respons;non-respons;non-respons;non-respons;non-respons;non-respons;non-respons;non-respons;non-respons;non-respons;non-respons;non-respons;non-respons;non-respons;non-respons;non-respons;non-respons;non-respons;non-respons;non-respons;non-respons;non-respons;non-respons;non-respons;non-respons;non-respons;non-respons;non-respons;non-respons;non-respons;non-respons;non-respons;non-respons;non-respons;non-respons;non-respons;non-respons;non-respons;non-respons;non-respons;non-respons;non-respons;non-respons;non-respons;non-respons;non-respons;non-respons;non-respons;non-respons;non-respons;non-respons;non-respons;non-respons;non-respons;non-respons;non-respons;non-respons;non-respons;non-respons;non-respons;non-respons;non-respons;non-respons;non-respons;non-respons;non-respons;non-respons;non-respons;non-respons;non-respons;non-respons;non-respons;non-respons;non-respons;non-respons;non-respons;non-respons;non-respons;non-respons;non-respons;non-respons;non-respons;non-respons;non-respons;non-respons;non-respons;non-respons;non-respons;non-respons;non-respons;non-respons;non-respons;non-respons;non-respons;non-respons;non-respons;non-respons;non-respons;non-respons;non-respons;non-respons;non-respons;non-respons;non-respons;non-respons;non-respons;non-respons;non-respons;non-respons;non-respons;non-respons;non-respons;non-respons;non-respons;non-respons;non-respons;non-respons;non-respons;non-respons;non-respons;non-respons;non-respons;non-respons;non-respons;non-respons;non-respons;non-respons;non-respons;non-respons;non-respons;non-respons;non-respons;non-respons;non-respons;non-respons;non-respons;non-respons;non-respons;non-respons;non-respons;non-respons;non-respons;non-respons;non-respons;non-respons;non-respons;non-respons;non-respons;non-respons;non-respons;non-respons;non-respons;non-respons;non-respons;
Tessenderlo;18878;;Tessenderlo;non-respons;non-respons;non-respons;non-respons;non-respons;;non-respons;non-respons;non-respons;non-respons;non-respons;non-respons;non-respons;;non-respons;non-respons;non-respons;non-respons;non-respons;non-respons;non-respons;non-respons;non-respons;non-respons;non-respons;non-respons;non-respons;non-respons;non-respons;non-respons;non-respons;non-respons;non-respons;non-respons;non-respons;non-respons;non-respons;non-respons;non-respons;non-respons;non-respons;non-respons;non-respons;non-respons;non-respons;non-respons;non-respons;;non-respons;non-respons;non-respons;non-respons;non-respons;non-respons;non-respons;non-respons;non-respons;non-respons;;non-respons;non-respons;non-respons;non-respons;non-respons;non-respons;non-respons;non-respons;non-respons;non-respons;non-respons;non-respons;non-respons;non-respons;non-respons;non-respons;non-respons;non-respons;non-respons;non-respons;non-respons;non-respons;non-respons;non-respons;non-respons;non-respons;non-respons;non-respons;non-respons;non-respons;non-respons;non-respons;non-respons;non-respons;non-respons;non-respons;non-respons;non-respons;non-respons;non-respons;non-respons;non-respons;non-respons;non-respons;non-respons;non-respons;non-respons;non-respons;non-respons;non-respons;non-respons;non-respons;non-respons;non-respons;non-respons;non-respons;non-respons;non-respons;non-respons;non-respons;non-respons;non-respons;non-respons;non-respons;non-respons;non-respons;non-respons;non-respons;non-respons;non-respons;non-respons;non-respons;non-respons;non-respons;non-respons;non-respons;non-respons;non-respons;non-respons;non-respons;non-respons;non-respons;non-respons;non-respons;non-respons;non-respons;non-respons;non-respons;non-respons;non-respons;non-respons;non-respons;non-respons;non-respons;non-respons;non-respons;non-respons;non-respons;non-respons;non-respons;non-respons;non-respons;non-respons;non-respons;non-respons;non-respons;non-respons;non-respons;non-respons;non-respons;non-respons;non-respons;non-respons;non-respons;non-respons;non-respons;non-respons;non-respons;non-respons;non-respons;non-respons;non-respons;non-respons;non-respons;non-respons;non-respons;non-respons;non-respons;non-respons;non-respons;non-respons;non-respons;non-respons;non-respons;non-respons;non-respons;non-respons;non-respons;non-respons;non-respons;non-respons;non-respons;non-respons;non-respons;non-respons;non-respons;non-respons;non-respons;non-respons;non-respons;non-respons;non-respons;non-respons;non-respons;non-respons;non-respons;non-respons;non-respons;non-respons;non-respons;non-respons;
Tielt;20468;;Tielt;Ja;154;200;350;tussen 11 en 50;;0;;0;;0;;0;;;;;;;;;;;;;;;;;;;;;;;;;;;;;;;;;;;;;;;;;;Neen;;;;;;;;;;;;;;;;;;;;;;;;;;;;;;;;;Ja;WVI;Ja;1;0,2;0,05;10;0;2;1;0;4;0;0;1;2;20;4;9;4;3;0;5;0;0;0;0;0;4;0;1;0;;0;0;0;6;0;;0;;0;;Ja;1;0;0;0;0,3;0;0,05;19;37;2;18;6;11;0;10;;0;11;0;8;0;0;;1;1;0;0;0;0;;Neen;;;;;;;;;;;;;;;;;;;;;;;;;;;;;;;;;;;;;;;;;;;;;;;;;;;;;;;;;;;
Tielt-Winge;11033;;Tielt-Winge;Ja;14;70;1834;tussen 1 en 10;;0;;0;;0;;1;;0,1;0,1;20;3;6;1;1;1;0;0;3;0;3;0;2;0;1;0;7;1;0;0;2;0;1;1;2;0;;0;1;1;1;;0;;0;;0;;Neen;;;;;;;;;;;;;;;;;;;;;;;;;;;;;;;;;Ja;Samenwerkingsprotocol inzake handhaving ruimtelijke ordeningtussen de gemeentes Bekkevoort, Geetbets, Kortenaken en Tielt-Winge, de politiezone Hageland, het agentschap Inspectie RWO Vlaams-Brabant en het parket van de procureur des Konings te Leuven;Neen;;;;;;;;;;;;;;;;;;;;;;;;;;;;;;;;;;;;;;;;;Neen;;;;;;;;;;;;;;;;;;;;;;;;;;;;;;;Ja;PZ Hageland;Ja;niet gekend;0;0;niet gekend;niet gekend;niet gekend;niet gekend;niet gekend;niet gekend;niet gekend;niet gekend;niet gekend;niet gekend;niet gekend;niet gekend;niet gekend;niet gekend;niet gekend;niet gekend;0;0;0;0;0;0;0;0;0;0;;0;0;0;0;0;;0;;0;;Neen;;;;;;;;;;;;;;;;
Tienen;35935;;Tienen;Ja;65;200;350;niet gekend;;0;;0;;0;;1;;0,1;0,1;20;1;5;3;2;3;0;0;1;5;5;0;5;0;0;0;1;0;0;1;0;0;0;0;0;0;;0;0;0;1;;0;;0;;0;;Ja;0;0;2;;0,1;0;0;0;25;23;3;20;0;0;0;16;;5;2;0;16;5;0;;0;;2;0;0;0;;;Neen;;;;;;;;;;;;;;;;;;;;;;;;;;;;;;;;;;;;;;;;;;;;;;;;;;;;;;;;;;;;;;;;;;;;;;;;;;Ja;PZ Getevallei;Neen;;;;;;;;;;;;;;;;;;;;;;;;;;;;;;;;;;;;;;;;;Neen;;;;;;;;;;;;;;;;
Tongeren;31557;;Tongeren;Ja;62;183;1267;niet gekend;;0;;0;;0;;3;;0,5;0;10;1;1;6;1;0;1;0;0;0;10;0;9;0;1;0;10;1;1;6;1;0;1;0;0;0;;0;10;0;10;;0;;0;;0;;Neen;;;;;;;;;;;;;;;;;;;;;;;;;;;;;;;;;Neen;;;;;;;;;;;;;;;;;;;;;;;;;;;;;;;;;;;;;;;;;;;;;;;;;;;;;;;;;;;;;;;;;;;;;;;;;;Neen;;;;;;;;;;;;;;;;;;;;;;;;;;;;;;;;;;;;;;;;;;;;;;;;;;;;;;;;;;;
Torhout;20477;;Torhout;Ja;niet gekend;niet gekend;niet gekend;niet gekend;;0;;0;;0;;0;;;;;;;;;;;;;;;;;;;;;;;;;;;;;;;;;;;;;;;;;;Neen;;;;;;;;;;;;;;;;;;;;;;;;;;;;;;;;;Neen;;;;;;;;;;;;;;;;;;;;;;;;;;;;;;;;;;;;;;;;;;;;;;;;;;;;;;;;;;;;;;;;;;;;;;;;;;Ja;PZ Kouter;Neen;;;;;;;;;;;;;;;;;;;;;;;;;;;;;;;;;;;;;;;;;Ja;0;2;9;1;8;0;0;0;8;;0;8;8;2;;
Tremelo;15191;;Tremelo;Ja;5;24;200;niet gekend;;0;;0;;0;;1;;0;0,1;29;0;1;3;3;1;1;0;14;6;11;2;8;0;1;0;8;0;1;4;2;1;0;0;0;0;;4;4;0;0;;0;;0;;0;;Neen;;;;;;;;;;;;;;;;;;;;;;;;;;;;;;;;;Ja;Synergie Begijnendijk-Tremelo (opgericht op 30 september 2021);Neen;;;;;;;;;;;;;;;;;;;;;;;;;;;;;;;;;;;;;;;;;Neen;;;;;;;;;;;;;;;;;;;;;;;;;;;;;;;Ja;PZ BRT (Begijnendijk-Rotselaar-Tremelo);Ja;0;0;0;173;0;30;2;0;124;9;0;8;0;0;0;0;0;0;0;0;0;0;0;0;0;0;0;0;0;;0;0;0;7;0;0;0;;0;;Ja;0;4;0;0;0;0;0;0;0;;0;0;0;0;;
Turnhout;46280;;Turnhout;Ja;niet gekend;niet gekend;niet gekend;tussen 11 en 50;;0;;0;;0;;0;;;;;;;;;;;;;;;;;;;;;;;;;;;;;;;;;;;;;;;;;;Ja;2;0;0;;0;1,1;0;0,1;16;55;10;16;0;29;0;45;;0;21;0;10;6;0;;1;1;0;0;0;0;;;Ja;IOK;Neen;;;;;;;;;;;;;;;;;;;;;;;;;;;;;;;;;;;;;;;;;Ja;3;2;0;0;niet gekend;niet gekend;niet gekend;0;5;0;5;0;0;0;0;;0;0;0;4;0;0;;1;1;0;0;0;0;;Ja;PZ Regio Turnhout;Ja;3;0,59;niet gekend;59;0;7;6;2;7;10;2;15;10;29;0;25;3;1;0;28;0;1;4;0;0;4;0;15;4;;4;10;0;15;1;0;1;1;0;;Ja;0,71;17;20;0;13;7;0;0;11;;0;0;11;6;;
Veurne;12294;;Veurne;Ja;160;170;200;tussen 51 en 100;;1;0;1;1;0;;0;;;;;;;;;;;;;;;;;;;;;;;;;;;;;;;;;;;;;;;;;;Neen;;;;;;;;;;;;;;;;;;;;;;;;;;;;;;;;;Neen;;;;;;;;;;;;;;;;;;;;;;;;;;;;;;;;;;;;;;;;;;;;;;;;;;;;;;;;;;;;;;;;;;;;;;;;;;Ja;PZ Sporkin;Neen;;;;;;;;;;;;;;;;;;;;;;;;;;;;;;;;;;;;;;;;;Ja;niet gekend;niet gekend;niet gekend;niet gekend;niet gekend;niet gekend;niet gekend;niet gekend;niet gekend;niet gekend;niet gekend;niet gekend;niet gekend;niet gekend;;
Vilvoorde;46239;;Vilvoorde;Ja;43;160;476;tussen 11 en 50;;0;;0;;0;;1;;0,1;0,3;30;1;6;0;1;4;0;1;5;12;32;2;9;9;6;6;10;1;0;0;0;1;8;0;0;0;;0;8;0;4;;0;;0;;0;;Ja;1;0;0;;0;1;0;0;87;111;35;12;12;26;26;38;;20;24;0;38;3;0;;0;;0;0;0;0;;;Ja;Haviland;Ja;1;0,1;0;0;0;0;0;0;0;0;0;0;0;18;2;8;8;0;0;16;4;1;0;0;1;4;0;6;0;;0;7;0;4;0;;0;;0;;Neen;;;;;;;;;;;;;;;;;;;;;;;;;;;;;;;Neen;;;;;;;;;;;;;;;;;;;;;;;;;;;;;;;;;;;;;;;;;;;;;;;;;;;;;;;;;;;
Vleteren;3644;;Vleteren;Ja;51;88;92;niet gekend;;0;;0;;0;;0;;;;;;;;;;;;;;;;;;;;;;;;;;;;;;;;;;;;;;;;;;Neen;;;;;;;;;;;;;;;;;;;;;;;;;;;;;;;;;Neen;;;;;;;;;;;;;;;;;;;;;;;;;;;;;;;;;;;;;;;;;;;;;;;;;;;;;;;;;;;;;;;;;;;;;;;;;;Ja;PZ Arro Ieper;Ja;4;4;0;5;0;1;1;0;0;2;0;1;0;7;2;4;1;0;0;4;0;0;1;0;0;2;0;1;0;;0;1;0;3;0;0;0;;0;;Ja;1;3;6;1;3;2;0;0;2;;2;0;0;0;;
Voeren;4283;;Voeren;Ja;79;346;597;tussen 11 en 50;;0;;0;;0;;1;;0;0;3;0;0;0;0;1;0;0;2;0;0;0;0;0;0;0;0;0;0;0;0;0;0;0;0;0;;0;0;0;0;;0;;0;;0;;niet gekend;niet gekend;niet gekend;niet gekend;niet gekend;niet gekend;niet gekend;niet gekend;niet gekend;niet gekend;niet gekend;niet gekend;niet gekend;niet gekend;niet gekend;niet gekend;niet gekend;niet gekend;niet gekend;niet gekend;niet gekend;niet gekend;niet gekend;niet gekend;niet gekend;niet gekend;niet gekend;niet gekend;niet gekend;niet gekend;niet gekend;niet gekend;niet gekend;niet gekend;niet gekend;niet gekend;niet gekend;niet gekend;niet gekend;niet gekend;niet gekend;niet gekend;niet gekend;niet gekend;niet gekend;niet gekend;niet gekend;niet gekend;niet gekend;niet gekend;niet gekend;niet gekend;niet gekend;niet gekend;niet gekend;niet gekend;niet gekend;niet gekend;niet gekend;niet gekend;niet gekend;niet gekend;niet gekend;niet gekend;niet gekend;niet gekend;niet gekend;niet gekend;niet gekend;niet gekend;niet gekend;niet gekend;niet gekend;niet gekend;niet gekend;niet gekend;niet gekend;niet gekend;niet gekend;niet gekend;niet gekend;niet gekend;niet gekend;niet gekend;niet gekend;niet gekend;niet gekend;niet gekend;niet gekend;niet gekend;niet gekend;niet gekend;niet gekend;niet gekend;niet gekend;niet gekend;niet gekend;niet gekend;niet gekend;niet gekend;niet gekend;niet gekend;niet gekend;niet gekend;niet gekend;niet gekend;niet gekend;niet gekend;niet gekend;niet gekend;niet gekend;niet gekend;niet gekend;niet gekend;niet gekend;niet gekend;niet gekend;niet gekend;niet gekend;niet gekend;niet gekend;niet gekend;niet gekend;niet gekend;niet gekend;niet gekend;niet gekend;niet gekend;niet gekend;niet gekend;niet gekend;niet gekend;niet gekend;niet gekend;niet gekend;niet gekend;niet gekend;niet gekend;niet gekend;niet gekend;niet gekend;niet gekend;niet gekend;niet gekend;niet gekend;niet gekend;niet gekend;niet gekend;niet gekend;niet gekend;niet gekend;niet gekend;niet gekend;niet gekend;niet gekend;niet gekend;niet gekend;niet gekend;niet gekend;niet gekend;niet gekend;niet gekend;niet gekend;niet gekend;niet gekend;;
Vorselaar;8019;;Vorselaar;Ja;13;75;324;niet gekend;;0;;0;;0;;1;;0,05;0;43;1;3;0;1;2;0;0;36;0;1;0;1;0;0;0;0;0;0;0;0;0;0;0;0;0;;0;0;0;0;;0;;0;;0;;Neen;;;;;;;;;;;;;;;;;;;;;;;;;;;;;;;;;Ja;Neteland;Neen;;;;;;;;;;;;;;;;;;;;;;;;;;;;;;;;;;;;;;;;;Neen;;;;;;;;;;;;;;;;;;;;;;;;;;;;;;;Ja;PZ Neteland;Ja;2;0,05;0;98;2;11;2;0;77;0;1;5;0;3;1;2;0;0;0;1;0;0;0;0;0;0;0;1;0;;0;1;0;4;0;0;0;;0;;Ja;0,05;4;4;niet gekend;niet gekend;niet gekend;niet gekend;niet gekend;3;;0;0;30;0;;
Vosselaar;11554;;Vosselaar;Neen;16;27;17;niet gekend;;0;;0;;0;;0;;;;;;;;;;;;;;;;;;;;;;;;;;;;;;;;;;;;;;;;;;Neen;;;;;;;;;;;;;;;;;;;;;;;;;;;;;;;;;Ja;IOK;Neen;;;;;;;;;;;;;;;;;;;;;;;;;;;;;;;;;;;;;;;;;Ja;3;2;0;0;niet gekend;niet gekend;niet gekend;0;2;0;1;1;0;0;1;;0;2;0;0;0;0;;0;;0;0;0;0;;Ja;PZ Regio Turnhout;Ja;3;0,13;0;25;0;0;2;0;16;3;0;0;4;8;1;5;2;0;0;5;0;0;1;0;1;1;0;0;2;;0;4;0;2;2;1;0;;0;;Ja;0,31;8;13;0;7;5;1;0;7;;1;1;5;2;;
Waasmunster;11022;;Waasmunster;Ja;40;80;100;niet gekend;;0;;0;;0;;1;;0,1;0,1;2;0;0;0;0;0;1;1;0;0;0;0;0;0;0;0;0;0;0;0;0;0;0;0;0;0;;0;0;0;0;;0;;0;;0;;Neen;;;;;;;;;;;;;;;;;;;;;;;;;;;;;;;Aantal klasse 1, 2 en 3 betreft een raming. Exacte gegevens zijn niet beschikbaar.;;Neen;;;;;;;;;;;;;;;;;;;;;;;;;;;;;;;;;;;;;;;;;;;;;;;;;;;;;;;;;;;;;;;;;;;;;;;;;;Ja;PZ Hamme-Waasmunster;Neen;;;;;;;;;;;;;;;;;;;;;;;;;;;;;;;;;;;;;;;;;Ja;0,1;3;34;11;12;11;0;0;12;;15;0;12;2;;
Wachtebeke;7845;;Wachtebeke;Ja;niet gekend;niet gekend;niet gekend;niet gekend;;0;;0;;0;;0;;;;;;;;;;;;;;;;;;;;;;;;;;;;;;;;;;;;;;;;;;Ja;2;2;1;;0,02;0,1;0,01;0,01;0;4;0;2;2;0;0;0;;1;5;5;0;1;0;;0;;0;3;0;0;;;Ja;VENECO/IDM;Ja;2;0,05;0;11;0;0;1;0;0;2;2;5;1;11;1;6;0;4;0;8;0;0;1;0;0;3;1;3;0;;1;7;0;0;0;;0;;0;;Ja;0;1;2;0,03;0,04;niet gekend;0,01;2;13;1;4;6;2;0;10;;0;4;0;6;1;0;;0;;0;1;0;0;;Ja;PZ Puyenbroeck;Neen;;;;;;;;;;;;;;;;;;;;;;;;;;;;;;;;;;;;;;;;;Ja;0,01;5;9;3;3;2;1;0;0;;0;2;0;1;;
Waregem;38929;;Waregem;Neen;75;niet gekend;niet gekend;niet gekend;;0;;0;;0;;0;;;;;;;;;;;;;;;;;;;;;;;;;;;;;;;;;;;;;;;;;;Neen;;;;;;;;;;;;;;;;;;;;;;;;;;;;;;;;;Ja;Intercommunale Leiedal;Ja;1;0,1;0;8;2;0;0;1;2;2;0;1;0;6;0;3;3;0;0;11;2;0;0;2;3;2;0;2;0;;0;3;0;0;0;;0;;0;;Ja;1;0;0;0;0,1;0;0;3;3;0;3;0;0;0;3;;0;2;0;1;1;0;;0;;0;0;0;0;;Ja;PZ MIRA;Ja;1;1;0;25;0;9;4;0;3;0;0;9;0;0;0;0;0;0;0;0;0;0;0;0;0;0;0;0;0;;0;0;0;25;0;0;0;;0;;Ja;1;5;0;0;0;0;0;0;0;;0;0;5;2;;
Wellen;7454;;Wellen;Ja;niet gekend;niet gekend;niet gekend;niet gekend;niet gekend;niet gekend;niet gekend;niet gekend;niet gekend;niet gekend;niet gekend;niet gekend;niet gekend;niet gekend;niet gekend;niet gekend;niet gekend;niet gekend;niet gekend;niet gekend;niet gekend;niet gekend;niet gekend;niet gekend;niet gekend;niet gekend;niet gekend;niet gekend;niet gekend;niet gekend;niet gekend;niet gekend;niet gekend;niet gekend;niet gekend;niet gekend;niet gekend;niet gekend;niet gekend;niet gekend;niet gekend;niet gekend;niet gekend;niet gekend;niet gekend;niet gekend;niet gekend;niet gekend;niet gekend;niet gekend;niet gekend;niet gekend;niet gekend;niet gekend;niet gekend;niet gekend;niet gekend;niet gekend;niet gekend;niet gekend;niet gekend;niet gekend;niet gekend;niet gekend;niet gekend;niet gekend;niet gekend;niet gekend;niet gekend;niet gekend;niet gekend;niet gekend;niet gekend;niet gekend;niet gekend;niet gekend;niet gekend;niet gekend;niet gekend;niet gekend;niet gekend;niet gekend;niet gekend;niet gekend;niet gekend;niet gekend;niet gekend;niet gekend;niet gekend;niet gekend;niet gekend;niet gekend;niet gekend;niet gekend;niet gekend;niet gekend;niet gekend;niet gekend;niet gekend;niet gekend;niet gekend;niet gekend;niet gekend;niet gekend;niet gekend;niet gekend;niet gekend;niet gekend;niet gekend;niet gekend;niet gekend;niet gekend;niet gekend;niet gekend;niet gekend;niet gekend;niet gekend;niet gekend;niet gekend;niet gekend;niet gekend;niet gekend;niet gekend;niet gekend;niet gekend;niet gekend;niet gekend;niet gekend;niet gekend;niet gekend;niet gekend;niet gekend;niet gekend;niet gekend;niet gekend;niet gekend;niet gekend;niet gekend;niet gekend;niet gekend;niet gekend;niet gekend;niet gekend;niet gekend;niet gekend;niet gekend;niet gekend;niet gekend;niet gekend;niet gekend;niet gekend;niet gekend;niet gekend;niet gekend;niet gekend;niet gekend;niet gekend;niet gekend;niet gekend;niet gekend;niet gekend;niet gekend;niet gekend;niet gekend;niet gekend;niet gekend;niet gekend;niet gekend;niet gekend;niet gekend;niet gekend;niet gekend;niet gekend;niet gekend;niet gekend;niet gekend;niet gekend;niet gekend;niet gekend;niet gekend;niet gekend;niet gekend;niet gekend;niet gekend;niet gekend;niet gekend;niet gekend;niet gekend;niet gekend;niet gekend;niet gekend;niet gekend;niet gekend;niet gekend;niet gekend;niet gekend;niet gekend;niet gekend;niet gekend;niet gekend;niet gekend;niet gekend;niet gekend;niet gekend;niet gekend;niet gekend;niet gekend;niet gekend;niet gekend;niet gekend;niet gekend;niet gekend;niet gekend;niet gekend;niet gekend;niet gekend;niet gekend;niet gekend;;
Wemmel;17171;;Wemmel;Ja;0;30;50;niet gekend;;0;;0;;0;;0;;;;;;;;;;;;;;;;;;;;;;;;;;;;;;;;;;;;;;;;;;Ja;1;0;0;;0;1;0;0;niet gekend;150;niet gekend;niet gekend;niet gekend;niet gekend;niet gekend;niet gekend;;niet gekend;51;0;17;2;0;;0;;0;1;4;0;;;Ja;Haviland;Ja;1;0,05;0;3;0;0;0;0;3;0;0;0;0;11;0;7;4;0;0;3;0;0;0;0;1;2;0;0;0;;0;4;0;1;0;;0;;0;;Neen;;;;;;;;;;;;;;;;;;;;;;;;;;;;;;;Ja;PZ AMOW;Ja;1;0;0;63;0;4;0;11;40;2;0;6;0;22;0;22;0;0;0;24;0;0;0;8;10;0;0;6;0;;0;0;0;12;0;0;0;;0;;Ja;niet gekend;2;15;2;5;8;0;0;0;;0;0;5;0;;
Wervik;19001;;Wervik;Ja;41;niet gekend;niet gekend;meer dan 100;;0;;0;;0;;1;;0,05;0;55;0;28;2;0;1;5;0;13;6;0;0;0;0;0;0;1;0;0;0;0;0;1;0;0;0;;0;1;0;0;;0;;0;;0;;Neen;;;;;;;;;;;;;;;;;;;;;;;;;;;;;;;;;Neen;;;;;;;;;;;;;;;;;;;;;;;;;;;;;;;;;;;;;;;;;;;;;;;;;;;;;;;;;;;;;;;;;;;;;;;;;;Ja;PZ Arro Ieper;Ja;4;4;0;11;1;1;2;0;1;2;0;4;0;26;3;8;6;5;4;14;1;1;0;3;1;6;0;2;0;;0;6;0;5;1;1;0;;0;;Ja;1;0;2;1;1;0;0;0;1;;1;0;7;0;;
Westerlo;25304;;Westerlo;Ja;82;195;595;tussen 11 en 50;;0;;0;;0;;1;;0,1;0;65;0;28;2;3;16;3;1;1;11;3;0;3;0;0;0;2;0;0;0;0;1;0;1;0;0;;2;0;0;0;;0;;0;;0;;Neen;;;;;;;;;;;;;;;;;;;;;;;;;;;;;;;"Bij de uitgevoerde controles werden enkel diegene vermeld die ter plaatse zijn uitgevoerd.  Controles op stukken werden niet bijgehouden.
";;Ja;IOK;Ja;3;0,1;0,1;0;0;0;0;0;0;0;0;0;0;8;2;3;3;0;0;6;0;0;1;0;0;3;2;0;0;;0;4;0;1;0;;0;;0;;Ja;3;2;0;;niet  gekend;niet gekend;0,1;0;1;0;1;0;0;0;0;;0;0;0;0;0;0;;0;;0;1;0;0;;Ja;PZ Zuiderkempen;Ja;3;0,1;0,1;284;1;0;0;0;207;0;0;75;1;5;0;1;3;1;0;2;1;0;0;0;0;0;0;1;0;;0;7;0;7;0;0;0;;0;;Ja;0,2;11;29;5;7;5;4;8;5;;11;0;6;0;;
Wetteren;26423;;Wetteren;Ja;20;180;380;niet gekend;;1;1;0;;0;;2;;1,5;0;16;0;1;1;2;9;1;0;2;0;12;3;9;0;0;0;8;0;0;1;0;5;1;0;1;0;;3;5;0;0;;1;0;0;;0;;Ja;2;0;3;;0,1;0,3;0;0,2;47;15;2;11;2;0;0;12;;0;32;0;8;3;0;;0;;0;0;0;0;;;Neen;;;;;;;;;;;;;;;;;;;;;;;;;;;;;;;;;;;;;;;;;;;;;;;;;;;;;;;;;;;;;;;;;;;;;;;;;;Neen;;;;;;;;;;;;;;;;;;;;;;;;;;;;;;;;;;;;;;;;;;;;;;;;;;;;;;;;;;;
Wevelgem;31554;;Wevelgem;Ja;350;600;1350;niet gekend;;1;0;0;;0;;1;;0,1;0;253;3;10;3;3;13;217;0;1;3;15;2;6;4;3;0;10;1;0;2;1;2;3;0;1;niet gekend;;6;4;0;0;;0;;0;;0;;Neen;;;;;;;;;;;;;;;;;;;;;;;;;;;;;;;;;Neen;;;;;;;;;;;;;;;;;;;;;;;;;;;;;;;;;;;;;;;;;;;;;;;;;;;;;;;;;;;;;;;;;;;;;;;;;;Ja;PZ Grensleie;Ja;3;niet gekend;niet gekend;561;0;28;4;63;281;0;0;0;185;niet gekend;niet gekend;29;niet gekend;niet gekend;niet gekend;29;0;2;0;0;8;0;0;10;9;;1;1;1;1;1;1;0;;1;1;Ja;0,45;23;24;1;15;8;0;0;15;;11;4;4;2;;
Wezembeek-Oppem;14480;;Wezembeek-Oppem;Ja;niet gekend;niet gekend;niet gekend;niet gekend;;0;;niet gekend;;0;;1;;0,05;0;4;0;0;1;1;2;0;0;0;0;1;niet gekend;niet gekend;niet gekend;niet gekend;niet gekend;1;0;0;0;1;0;0;0;0;0;;0;0;0;1;;1;1;0;;0;;Neen;;;;;;;;;;;;;;;;;;;;;;;;;;;;;;;;;Neen;;;;;;;;;;;;;;;;;;;;;;;;;;;;;;;;;;;;;;;;;;;;;;;;;;;;;;;;;;;;;;;;;;;;;;;;;;Ja;PZ WOKRA;Neen;;;;;;;;;;;;;;;;;;;;;;;;;;;;;;;;;;;;;;;;;Neen;;;;;;;;;;;;;;;;
Wichelen;11761;;Wichelen;Ja;13;85;375;niet gekend;;0;;0;;niet gekend;;0;;;;;;;;;;;;;;;;;;;;;;;;;;;;;;;;;;;;;;;;;;Ja;0;0;0;;0;0;0;0,1;14;0;0;14;0;0;0;9;;0;6;0;2;1;0;;0;;0;0;0;0;;;Neen;;;;;;;;;;;;;;;;;;;;;;;;;;;;;;;;;;;;;;;;;;;;;;;;;;;;;;;;;;;;;;;;;;;;;;;;;;Ja;PZ Wetteren - Laarne - Wichelen;Ja;1;0,1;0;10;5;1;0;1;1;0;0;1;1;7;1;5;1;0;0;1;0;0;0;0;0;0;0;1;0;;0;1;0;1;0;0;0;;0;;Ja;0,01;0;2;0;2;0;0;0;2;;2;0;1;1;;
Wielsbeke;9912;;Wielsbeke;Ja;niet gekend;niet gekend;niet gekend;niet gekend;;0;;0;;0;;2;;0,1;0,1;5;0;1;1;1;1;1;0;0;0;1;0;1;0;0;0;2;0;0;0;1;0;1;0;0;0;;0;1;0;0;;0;;0;;0;;Ja;0;0;0;;0;0;0;0;1;1;0;1;0;0;0;0;;0;1;0;1;1;0;;0;;0;0;0;0;;;Neen;;;;;;;;;;;;;;;;;;;;;;;;;;;;;;;;;;;;;;;;;;;;;;;;;;;;;;;;;;;;;;;;;;;;;;;;;;Ja;PZ MIDOW ;Ja;1;0,05;0,05;0;0;0;0;0;0;0;0;0;0;1;0;1;0;0;0;1;0;0;0;0;0;1;0;0;0;;0;1;0;0;0;0;0;;0;;Ja;0,05;1;1;0;1;0;0;0;1;;0;0;1;1;;
Wijnegem;10239;;Wijnegem;Neen;75;83;280;tussen 11 en 50;;0;;0;;0;;0;;;;;;;;;;;;;;;;;;;;;;;;;;;;;;;;;;;;;;;;;;Ja;1;0;0;;0;0,1;0;0;3;4;0;2;2;0;0;1;;2;0;0;0;0;0;;0;;0;0;0;0;;;Ja;IGEAN;Ja;2;0;0;2;0;0;2;0;0;0;0;0;0;0;0;0;0;0;0;0;0;0;0;0;0;0;0;0;0;;0;0;0;0;0;;0;;0;;Ja;2;1;0;0;0,2;0,2;0;1;1;niet gekend;niet gekend;niet gekend;niet gekend;niet gekend;0;;0;0;0;0;0;0;;0;0;0;0;0;0;0;Neen;;;;;;;;;;;;;;;;;;;;;;;;;;;;;;;;;;;;;;;;;;;;;;;;;;;;;;;;;;;
Willebroek;27420;;Willebroek;Ja;100;300;700;tussen 51 en 100;;0;;0;;0;;3;;0,2;0,1;21;0;2;1;1;4;10;0;3;0;20;0;20;0;0;0;21;0;2;1;1;4;10;0;3;0;;9;24;0;16;;0;;0;;0;;Ja;0;0;2;;0,2;0,1;0;0,1;22;22;0;22;0;0;0;19;;3;14;0;2;0;0;;0;;0;0;0;0;;;Neen;;;;;;;;;;;;;;;;;;;;;;;;;;;;;;;;;;;;;;;;;;;;;;;;;;;;;;;;;;;;;;;;;;;;;;;;;;Neen;;;;;;;;;;;;;;;;;;;;;;;;;;;;;;;;;;;;;;;;;;;;;;;;;;;;;;;;;;;
Wingene;14839;;Wingene;Ja;121;242;487;niet gekend;;0;;0;;0;;1;;0,05;0;40;0;40;0;0;0;0;0;0;0;2;0;2;0;0;0;2;0;2;0;0;0;0;0;0;0;;2;0;0;0;;0;;0;;0;;Neen;;;;;;;;;;;;;;;;;;;;;;;;;;;;;;;;;Neen;;;;;;;;;;;;;;;;;;;;;;;;;;;;;;;;;;;;;;;;;;;;;;;;;;;;;;;;;;;;;;;;;;;;;;;;;;Neen;;;;;;;;;;;;;;;;;;;;;;;;;;;;;;;;;;;;;;;;;;;;;;;;;;;;;;;;;;;
Wommelgem;13178;;Wommelgem;Ja;27;105;175;niet gekend;;0;;0;;0;;0;;;;;;;;;;;;;;;;;;;;;;;;;;;;;;;;;;;;;;;;;;Neen;;;;;;;;;;;;;;;;;;;;;;;;;;;;;;;;;Ja;IGEAN;Ja;4;niet gekend;niet gekend;4;0;0;0;0;0;0;0;1;3;4;0;4;0;0;0;4;0;0;0;0;0;0;0;1;3;;1;2;0;1;1;0;0;;0;;Ja;1;1;0;0;niet gekend;niet gekend;niet gekend;2;niet gekend;niet gekend;niet gekend;niet gekend;niet gekend;niet gekend;niet gekend;;0;0;0;0;niet gekend;0;;0;;niet gekend;0;niet gekend;niet gekend;;Neen;;;;;;;;;;;;;;;;;;;;;;;;;;;;;;;;;;;;;;;;;;;;;;;;;;;;;;;;;;;
Wortegem-Petegem;6518;;Wortegem-Petegem;Ja;15;112;180;tussen 1 en 10;;3;3;0;;0;;1;;0,1;0;6;1;0;1;3;0;1;0;0;0;6;0;6;0;0;0;4;1;0;0;3;0;0;0;0;0;;0;0;0;0;;3;3;0;;3;3;Neen;;;;;;;;;;;;;;;;;;;;;;;;;;;;;;;;;Ja;SOLVA;Ja;1;0,02;0,01;4;0;0;0;0;0;1;0;2;1;6;2;3;0;0;1;4;0;0;0;1;0;1;0;2;0;;0;3;0;0;0;;0;;0;;Ja;0;0;1;0,05;0;0;0,01;7;14;4;5;2;0;3;5;;0;5;0;1;1;0;;0;0;0;2;0;0;;Ja;PZ Vlaamse Ardennen;Neen;;;;;;;;;;;;;;;;;;;;;;;;;;;;;;;;;;;;;;;;;Neen;;;;;;;;;;;;;;;;
Wuustwezel;21520;;Wuustwezel;Ja;niet gekend;niet gekend;niet gekend;niet gekend;;0;;0;;niet gekend;niet gekend;0;;0;niet gekend;7;0;0;5;0;0;0;0;2;0;7;1;4;0;0;2;6;0;0;5;0;0;0;0;1;0;;2;2;0;3;;0;;0;;0;;Ja;2;0;1;;0,1;0,1;niet gekend;niet gekend;7;13;1;7;1;3;1;0;;16;3;3;4;0;0;;0;;1;2;0;0;;;Ja;IGEAN;Ja;4;niet gekend;niet gekend;niet gekend;niet gekend;niet gekend;niet gekend;niet gekend;niet gekend;niet gekend;niet gekend;niet gekend;niet gekend;niet gekend;niet gekend;niet gekend;niet gekend;niet gekend;niet gekend;niet gekend;niet gekend;niet gekend;niet gekend;niet gekend;niet gekend;niet gekend;niet gekend;niet gekend;niet gekend;niet gekend;niet gekend;niet gekend;niet gekend;niet gekend;niet gekend;niet gekend;niet gekend;niet gekend;niet gekend;niet gekend;Neen;;;;;;;;;;;;;;;;;;;;;;;;;;;;;;;Neen;;;;;;;;;;;;;;;;;;;;;;;;;;;;;;;;;;;;;;;;;;;Neen;;;;;;;;;;;;;;;;
Zandhoven;13172;;Zandhoven;Neen;niet gekend;niet gekend;niet gekend;niet gekend;;0;;0;;0;;0;;;;;;;;;;;;;;;;;;;;;;;;;;;;;;;;;;;;;;;;;;Neen;;;;;;;;;;;;;;;;;;;;;;;;;;;;;;;;;Ja;IGEAN;Ja;4;niet gekend;niet gekend;1;0;0;0;0;0;1;0;0;0;1;0;1;0;0;0;0;0;0;0;0;0;0;0;0;0;;0;0;0;0;0;;0;;0;;Neen;;;;;;;;;;;;;;;;;;;;;;;;;;;;;;;Ja;PZ ZaRa ;Ja;1;niet gekend;0,3;307;0;32;38;19;167;2;5;29;15;397;9;307;26;45;10;13;0;2;0;0;0;2;0;9;0;;0;0;0;13;0;0;0;;0;;Ja;0,3;45;60;8;45;7;0;0;3;;2;0;3;0;;
Zaventem;35898;;Zaventem;Ja;158;491;913;tussen 51 en 100;;0;;0;;0;;1;;0,1;0,05;4;0;1;1;0;1;0;1;0;0;8;0;4;4;0;0;1;0;0;1;0;0;0;0;0;0;;0;0;niet gekend;niet gekend;;0;;0;;0;;Ja;0;0;1;;0,05;0;0,1;0,4;40;55;10;20;10;10;5;0;;1;2;20;50;5;0;;1;1;0;8;8;0;;;Neen;;;;;;;;;;;;;;;;;;;;;;;;;;;;;;;;;;;;;;;;;;;;;;;;;;;;;;;;;;;;;;;;;;;;;;;;;;Neen;;;;;;;;;;;;;;;;;;;;;;;;;;;;;;;;;;;;;;;;;;;;;;;;;;;;;;;;;;;
Zedelgem;23157;;Zedelgem;Ja;346;559;632;niet gekend;;0;;0;;3;0;1;;0,1;0,025;31;3;5;1;5;9;6;0;0;2;28;0;21;7;0;0;20;niet gekend;4;1;4;5;4;0;0;2;;2;0;0;0;;1;0;0;;0;;Neen;;;;;;;;;;;;;;;;;;;;;;;;;;;;;;;;;Ja;WVI;Neen;;;;;;;;;;;;;;;;;;;;;;;;;;;;;;;;;;;;;;;;;Ja;0;0;1;0,4;0;0;0;0;17;0;12;5;0;0;13;;2;7;0;2;1;0;;0;;0;0;0;0;;Ja;PZ HET HOUTSCHE;Ja;1;1;1;298;2;16;4;0;205;0;0;68;3;niet gekend;niet gekend;niet gekend;niet gekend;niet gekend;niet gekend;niet gekend;niet gekend;niet gekend;niet gekend;niet gekend;niet gekend;niet gekend;niet gekend;niet gekend;niet gekend;;niet gekend;niet gekend;0;20;niet gekend;niet gekend;niet gekend;niet gekend;niet gekend;niet gekend;Ja;2;10;niet gekend;niet gekend;niet gekend;niet gekend;niet gekend;niet gekend;niet gekend;;niet gekend;0;20;niet gekend;;
Zele;21312;;Zele;Ja;56;185;niet gekend;niet gekend;;0;;0;;0;;1;;0,025;0;7;0;0;3;2;2;0;0;0;0;10;0;7;3;0;0;7;0;0;3;2;2;0;0;0;0;;1;6;0;0;;0;;0;;0;;Neen;;;;;;;;;;;;;;;;;;;;;;;;;;;;;;;;;Ja;KDS/DDS;Neen;;;;;;;;;;;;;;;;;;;;;;;;;;;;;;;;;;;;;;;;;Ja;0;1;0;0;0;0;0,05;1;1;0;0;1;0;0;1;;0;1;0;0;0;0;;0;0;0;0;0;0;;Ja;PZ Berlare-Zele;Neen;;;;;;;;;;;;;;;;;;;;;;;;;;;;;;;;;;;;;;;;;Ja;0,025;9;27;9;9;9;0;0;0;;0;9;9;2;;
Zelzate;13298;;Zelzate;Ja;20;55;87;tussen 51 en 100;;0;;0;;0;;1;;0,2;0;4;1;0;0;0;1;2;0;0;0;0;0;0;0;0;0;0;0;0;0;0;0;0;0;0;niet gekend;;niet gekend;niet gekend;0;0;;0;;0;;0;;Neen;;;;;;;;;;;;;;;;;;;;;;;;;;;;;;;;;Ja;VENECO;Ja;1;0,01;0;0;0;0;0;0;0;0;0;0;0;1;0;1;0;0;0;1;0;0;0;0;0;0;0;1;0;;0;0;0;1;0;;0;;0;;Ja;0;0;2;0,03;0,1;0;0,01;0;12;1;8;3;0;0;6;;0;9;0;3;0;0;;0;0;0;1;0;0;Getallen zijn inschattingen, met foutenmarges tot 50% of enkele eenheden;Ja;PZ Puyenbroeck;Neen;;;;;;;;;;;;;;;;;;;;;;;;;;;;;;;;;;;;;;;;;Ja;0,01;0;9;3;6;0;0;0;0;;0;0;0;0;;
Zemst;23304;;Zemst;Ja;17;117;960;niet gekend;;0;;0;;0;;1;;0,25;0,05;56;0;5;5;0;13;10;6;8;9;39;6;33;0;0;0;26;0;2;1;0;3;7;5;4;4;;2;24;0;1;;1;0;0;;0;;Ja;0;0;1;;0,8;0,2;0,6;0,25;21;18;1;15;2;0;0;8;;8;0;0;0;0;0;;0;;0;0;0;0;;;Neen;;;;;;;;;;;;;;;;;;;;;;;;;;;;;;;;;;;;;;;;;;;;;;;;;;;;;;;;;;;;;;;;;;;;;;;;;;Neen;;;;;;;;;;;;;;;;;;;;;;;;;;;;;;;;;;;;;;;;;;;;;;;;;;;;;;;;;;;
Zoersel;22318;;Zoersel;Ja;41;162;580;tussen 11 en 50;;0;;5;4;0;;0;;;;;;;;;;;;;;;;;;;;;;;;;;;;;;;;;;;;;;;;;;Neen;;;;;;;;;;;;;;;;;;;;;;;;;;;;;;;;;Ja;IGEAN;Ja;4;niet gekend;niet gekend;11;1;0;4;0;0;3;0;1;2;13;2;10;1;0;0;9;1;0;4;0;0;2;0;1;1;;3;2;0;2;1;0;0;;0;;niet gekend;niet gekend;niet gekend;niet gekend;niet gekend;niet gekend;niet gekend;niet gekend;niet gekend;niet gekend;niet gekend;niet gekend;niet gekend;niet gekend;niet gekend;niet gekend;niet gekend;niet gekend;niet gekend;niet gekend;niet gekend;niet gekend;niet gekend;niet gekend;niet gekend;niet gekend;niet gekend;niet gekend;niet gekend;niet gekend;;Ja;PZ Voorkempen;Ja;2;1,5;0;731;367;3;2;;291;0;0;68;0;9;4;4;0;1;0;6;3;0;0;0;0;1;0;2;0;;niet gekend;3;0;7;0;;0;;0;;Ja;1,5;44;15;2;9;4;0;0;2;;0;0;2;0;;
Zonhoven;21458;;Zonhoven;Ja;10;25;30;tussen 1 en 10;;0;;2;2;1;1;1;;0,2;0;9;0;0;1;0;1;1;0;6;0;37;17;3;3;0;14;3;0;0;0;0;0;1;0;2;0;;0;3;0;0;;0;;0;;2;0;Ja;3;0;0;;0;0,1;0;0,05;10;12;2;10;niet gekend;0;0;0;;0;0;0;0;0;0;;0; ;0;0;0;0;;;Neen;;;;;;;;;;;;;;;;;;;;;;;;;;;;;;;;;;;;;;;;;;;;;;;;;;;;;;;;;;;;;;;;;;;;;;;;;;Neen;;;;;;;;;;;;;;;;;;;;;;;;;;;;;;;;;;;;;;;;;;;;;;;;;;;;;;;;;;;
Zonnebeke;12559;;Zonnebeke;Ja;niet gekend;niet gekend;niet gekend;niet gekend;;0;;0;;0;;0;;;;;;;;;;;;;;;;;;;;;;;;;;;;;;;;;;;;;;;;;;Neen;;;;;;;;;;;;;;;;;;;;;;;;;;;;;;;;;Neen;;;;;;;;;;;;;;;;;;;;;;;;;;;;;;;;;;;;;;;;;;;;;;;;;;;;;;;;;;;;;;;;;;;;;;;;;;Ja;PZ Arro Ieper;Ja;4;4;0;12;2;4;1;1;1;3;0;niet gekend;0;29;6;9;4;6;4;16;0;3;0;1;1;6;0;5;0;;1;4;0;10;2;1;1;0;0;;Ja;1;6;12;0;5;3;2;2;8;;8;0;6;2;;
Zottegem;27325;;Zottegem;Ja;niet gekend;niet gekend;niet gekend;meer dan 100;;0;;0;;0;;0;;;;;;;;;;;;;;;;;;;;;;;;;;;;;;;;;;;;;;;;;;Neen;;;;;;;;;;;;;;;;;;;;;;;;;;;;;;;;;Ja;SOLVA;Ja;1;0,15;0,05;37;2;0;7;6;7;6;0;5;4;69;21;27;8;0;13;32;2;0;5;6;5;5;0;5;4;;7;25;0;0;0;;0;;0;;Ja;0;0;1;0,25;0;0;0,07;29;85;29;24;17;2;13;26;;7;18;0;1;0;0;;0;0;0;3;0;0;;Ja;PZ Zottegem - Herzele - Sint-Lievens-Houtem;Neen;;;;;;;;;;;;;;;;;;;;;;;;;;;;;;;;;;;;;;;;;Ja;0;0;niet gekend;0;0;0;0;0;0;;0;0;0;0;;
Zoutleeuw;8583;;Zoutleeuw;Ja;niet gekend;niet gekend;niet gekend;niet gekend;;0;;0;;0;;0;;;;;;;;;;;;;;;;;;;;;;;;;;;;;;;;;;;;;;;;;;Neen;;;;;;;;;;;;;;;;;;;;;;;;;;;;;;;;;Ja;Interleuven;Ja;2;0,1;0,1;3;0;0;0;0;1;0;0;2;0;18;2;3;3;3;7;7;0;0;4;0;0;0;0;3;0;;3;5;0;1;0;;0;;0;;Ja;2;0;0;;0,1;0;0;10;16;0;5;0;11;0;11;;0;5;0;2;0;0;;0;0;0;0;0;0;De gegevens inzake controles zijn vooral gebaseerd op effectieve plaatsbezoeken. De controles van stukken worden niet steeds genoteerd in de database.;Ja;PZ Getevallei;Neen;;;;;;;;;;;;;;;;;;;;;;;;;;;;;;;;;;;;;;;;;Ja;niet gekend;2;2;0;2;niet gekend;0;0;2;;niet gekend;niet gekend;2;niet gekend;;
Zuienkerke;2707;;Zuienkerke;Neen;11;7;33;niet gekend;;0;;0;;0;;0;;;;;;;;;;;;;;;;;;;;;;;;;;;;;;;;;;;;;;;;;;Neen;;;;;;;;;;;;;;;;;;;;;;;;;;;;;;;;;Neen;;;;;;;;;;;;;;;;;;;;;;;;;;;;;;;;;;;;;;;;;;;;;;;;;;;;;;;;;;;;;;;;;;;;;;;;;;Ja;PZ Blankenberge-Zuienkerke;Neen;;;;;;;;;;;;;;;;;;;;;;;;;;;;;;;;;;;;;;;;;Ja;0,01;2;2;0;1;1;0;0;0;;0;0;0;0;;
Zulte;15936;;Zulte;Ja;niet gekend;niet gekend;niet gekend;niet gekend;;0;;0;;0;;1;;0,1;0,1;167;0;6;1;1;15;2;0;142;95;niet gekend;niet gekend;niet gekend;niet gekend;niet gekend;niet gekend ;niet gekend;niet gekend;niet gekend;niet gekend;niet gekend;niet gekend;niet gekend;niet gekend;niet gekend;niet gekend;;niet gekend;niet gekend;0;0;;0;;0;;0;;Neen;;;;;;;;;;;;;;;;;;;;;;;;;;;;;;;;;Ja;VENECO;Neen;;;;;;;;;;;;;;;;;;;;;;;;;;;;;;;;;;;;;;;;;Neen;;;;;;;;;;;;;;;;;;;;;;;;;;;;;;;Ja;PZ Deinze-Zulte-Lievegem;Ja;1;0,1;niet gekend;niet gekend;niet gekend;niet gekend;niet gekend;niet gekend;niet gekend;niet gekend;niet gekend;niet gekend;niet gekend;niet gekend;niet gekend;niet gekend;niet gekend;niet gekend;niet gekend;8;0;0;0;0;0;0;0;5;3;;niet gekend;niet gekend;niet gekend;8;niet gekend;niet gekend;niet gekend;niet gekend;niet gekend;niet gekend;Ja;0,1;niet gekend;niet gekend;niet gekend;2;2;niet gekend;niet gekend;niet gekend;;niet gekend;niet gekend;2;0;;
Zutendaal;7302;;Zutendaal;Ja;niet gekend;niet gekend;niet gekend;niet gekend;;0;;0;;0;;0;;;;;;;;;;;;;;;;;;;;;;;;;;;;;;;;;;;;;;;;;;Ja;0;0;0;;0;0;0;0;18;0;0;0;0;0;0;0;;0;0;0;0;0;0;;0;;0;0;0;0;;;Ja;Intergemeentelijk Samenwerkingsverband Handhaving Ruimte (RO) Midden-Limburg;Neen;;;;;;;;;;;;;;;;;;;;;;;;;;;;;;;;;;;;;;;;;Ja;2;0;0;0;0,45;0;0;0;156;niet gekend;18;0;0;0;13;;2;11;0;0;1;0;;0;0;0;0;0;0;;Neen;;;;;;;;;;;;;;;;;;;;;;;;;;;;;;;;;;;;;;;;;;;;;;;;;;;;;;;;;;;
Zwalm;8245;;Zwalm;Ja;13;83;523;tussen 51 en 100;;0;;0;;0;;0;;;;;;;;;;;;;;;;;;;;;;;;;;;;;;;;;;;;;;;;;;Neen;;;;;;;;;;;;;;;;;;;;;;;;;;;;;;;;;Ja;SOLVA;Ja;1;0,1;0,03;32;2;0;4;0;2;6;0;16;2;57;20;14;4;8;11;24;2;0;4;0;2;6;0;9;1;;3;22;0;1;0;;0;;0;;Ja;0;0;1;0,15;0;0;0,05;18;56;17;15;6;7;11;22;;4;17;0;1;0;0;;0;0;0;2;0;0;;Ja;PZ BRAKEL;Neen;;;;;;;;;;;;;;;;;;;;;;;;;;;;;;;;;;;;;;;;;Ja;niet gekend;niet gekend;niet gekend;niet gekend;niet gekend;niet gekend;niet gekend;niet gekend;niet gekend;;niet gekend;niet gekend;niet gekend;niet gekend;;
Zwevegem;25139;;Zwevegem;Ja;57;203;niet gekend;niet gekend;;0;;0;;1;0;1;;0,1;0,05;16;0;7;0;0;6;1;0;2;niet gekend;2;1;1;0;0;0;1;0;0;0;0;0;1;0;0;0;;0;0;0;0;;0;;0;;1;0;Neen;;;;;;;;;;;;;;;;;;;;;;;;;;;;;;;;;Neen;;;;;;;;;;;;;;;;;;;;;;;;;;;;;;;;;;;;;;;;;;;;;;;;;;;;;;;;;;;;;;;;;;;;;;;;;;Ja;PZ MIRA;Ja;1;1;0;14;0;2;0;0;3;0;0;9;0;0;0;0;0;0;0;0;0;0;0;0;0;0;0;0;0;;0;0;0;14;0;0;0;;0;;Ja;1;7;0;0;0;0;0;0;0;;0;0;7;2;;
Zwijndrecht;19219;;Zwijndrecht;Ja;39;62;200;tussen 1 en 10;;0;;0;;0;;2;;0,1;0,1;137;0;13;0;0;7;0;0;117;niet gekend;2;0;0;0;0;2;1;0;0;0;0;0;1;0;0;0;;0;0;0;0;;0;;0;;0;;Neen;;;;;;;;;;;;;;;;;;;;;;;;;;;;;;;;;Neen;;;;;;;;;;;;;;;;;;;;;;;;;;;;;;;;;;;;;;;;;;;;;;;;;;;;;;;;;;;;;;;;;;;;;;;;;;Neen;;;;;;;;;;;;;;;;;;;;;;;;;;;;;;;;;;;;;;;;;;;;;;;;;;;;;;;;;;;
;;;;;;;;;;;;;;;;;;;;;;;;;;;;;;;;;;;;;;;;;;;;;;;;;;;;;;;;;;;;;;;;;;;;;;;;;;;;;;;;;;;;;;;;;;;;;;;;;;;;;;;;;;;;;;;;;;;;;;;;;;;;;;;;;;;;;;;;;;;;;;;;;;;;;;;;;;;;;;;;;;;;;;;;;;;;;;;;;;;;;;;;;;;;;;;;;;;;;;;;;;;;;;;;;;;;;;;;;;;;;;;;
;;;;;;;;;;;;;;;;;;;;;;;;;;;;;;;;;;;;;;;;;;;;;;;;;;;;;;;;;;;;;;;;;;;;;;;;;;;;;;;;;;;;;;;;;;;;;;;;;;;;;;;;;;;;;;;;;;;;;;;;;;;;;;;;;;;;;;;;;;;;;;;;;;;;;;;;;;;;;;;;;;;;;;;;;;;;;;;;;;;;;;;;;;;;;;;;;;;;;;;;;;;;;;;;;;;;;;;;;;;;;;;;
Totaal gemeenten;6692989;;;;9454;28093;97883;;;64;44;18;11;30;16;237;0;38,8181;14,131;9931;856;1371;525;264;1284;783;159;3621;951;3714;399;1998;429;808;135;1694;67;99;237;132;160;378;45;448;134;0;1392;1225;12;444;0;78;62;10;6;25;17;;94;12;51;0;13,995;41,69;6,02;23,47;8107;9101;506;3847;876;1985;186;2647;0;1678;2834;87;1365;180;23;13;23;14;16;103;25;3;;;;;;27;6,011;2,616;647;58;28;90;50;66;109;14;139;86;1105;194;484;162;130;119;596;67;11;121;47;23;126;20;137;31;0;67;421;24;127;15;10;5;4;1;1;0;29;7;19;5,915;13,093;1,02;1,675;947;5349;259;1248;255;134;69;972;0;92;924;43;301;77;1;1;8;6;11;31;4;4;0;0;0;0;47;45,29;10,6;9480;1393;615;225;415;4714;202;67;1290;559;4201;121;3055;260;174;65;862;23;50;32;42;68;148;13;374;85;0;45;221;18;537;21;10;4;2;4;3;0;48,081;957;1373;183;686;277;21;40;393;0;304;58;499;122;;
